data,produto,categoria,quantidade,preco,custo,promocao
2024-09-01,Baguete,Pães,35,8.0,2.6,0
2024-09-01,Bolo de cenoura (fatia),Doces,62,7.0,2.0,0
2024-09-01,Brigadeiro,Doces,180,3.0,0.9,0
2024-09-01,Coxinha,Salgados,71,7.5,2.3,0
2024-09-01,Croissant,Pães,76,7.0,2.4,0
2024-09-01,Empada de frango,Salgados,28,7.0,2.2,0
2024-09-01,Esfiha de carne,Salgados,36,6.5,2.0,0
2024-09-01,Misto quente,Lanches,51,9.0,3.0,0
2024-09-01,Pudim (fatia),Doces,32,10.0,3.2,0
2024-09-01,Pão de batata,Salgados,62,6.0,1.8,0
2024-09-01,Pão de forma caseiro,Pães,25,12.0,4.5,0
2024-09-01,Pão de queijo,Pães,207,3.5,1.1,0
2024-09-01,Pão francês,Pães,1287,0.9,0.3,0
2024-09-01,Pão na chapa,Lanches,150,6.0,1.5,0
2024-09-01,Sanduíche natural,Lanches,10,14.0,5.5,0
2024-09-01,Sonho,Doces,67,6.0,1.9,0
2024-09-01,Suco de laranja natural,Bebidas,62,9.0,3.0,0
2024-09-01,Torta de limão (fatia),Doces,30,11.0,3.5,0
2024-09-02,Baguete,Pães,35,8.0,2.6,0
2024-09-02,Bolo de cenoura (fatia),Doces,31,7.0,2.0,0
2024-09-02,Brigadeiro,Doces,57,3.0,0.9,0
2024-09-02,Coxinha,Salgados,152,7.5,2.3,0
2024-09-02,Croissant,Pães,60,7.0,2.4,0
2024-09-02,Empada de frango,Salgados,59,7.0,2.2,0
2024-09-02,Esfiha de carne,Salgados,74,6.5,2.0,0
2024-09-02,Misto quente,Lanches,90,9.0,3.0,0
2024-09-02,Pudim (fatia),Doces,17,10.0,3.2,0
2024-09-02,Pão de batata,Salgados,61,6.0,1.8,0
2024-09-02,Pão de forma caseiro,Pães,18,12.0,4.5,0
2024-09-02,Pão de queijo,Pães,209,3.5,1.1,0
2024-09-02,Pão francês,Pães,878,0.9,0.3,0
2024-09-02,Pão na chapa,Lanches,121,6.0,1.5,0
2024-09-02,Sanduíche natural,Lanches,63,14.0,5.5,0
2024-09-02,Sonho,Doces,54,6.0,1.9,0
2024-09-02,Suco de laranja natural,Bebidas,63,9.0,3.0,0
2024-09-02,Torta de limão (fatia),Doces,13,11.0,3.5,0
2024-09-03,Baguete,Pães,20,8.0,2.6,0
2024-09-03,Bolo de cenoura (fatia),Doces,65,7.0,2.0,0
2024-09-03,Brigadeiro,Doces,106,3.0,0.9,0
2024-09-03,Coxinha,Salgados,129,7.5,2.3,0
2024-09-03,Croissant,Pães,66,7.0,2.4,0
2024-09-03,Empada de frango,Salgados,36,7.0,2.2,0
2024-09-03,Esfiha de carne,Salgados,96,6.5,2.0,0
2024-09-03,Misto quente,Lanches,24,9.0,3.0,0
2024-09-03,Pudim (fatia),Doces,22,10.0,3.2,0
2024-09-03,Pão de batata,Salgados,68,6.0,1.8,0
2024-09-03,Pão de forma caseiro,Pães,18,12.0,4.5,0
2024-09-03,Pão de queijo,Pães,188,3.5,1.1,0
2024-09-03,Pão francês,Pães,911,0.9,0.3,0
2024-09-03,Pão na chapa,Lanches,115,6.0,1.5,0
2024-09-03,Sanduíche natural,Lanches,68,14.0,5.5,0
2024-09-03,Sonho,Doces,67,6.0,1.9,0
2024-09-03,Suco de laranja natural,Bebidas,101,9.0,3.0,0
2024-09-03,Torta de limão (fatia),Doces,21,11.0,3.5,0
2024-09-04,Baguete,Pães,51,8.0,2.6,0
2024-09-04,Bolo de cenoura (fatia),Doces,49,7.0,2.0,0
2024-09-04,Brigadeiro,Doces,73,3.0,0.9,0
2024-09-04,Coxinha,Salgados,86,7.5,2.3,0
2024-09-04,Croissant,Pães,57,7.0,2.4,0
2024-09-04,Empada de frango,Salgados,45,7.0,2.2,0
2024-09-04,Esfiha de carne,Salgados,70,6.5,2.0,0
2024-09-04,Misto quente,Lanches,78,9.0,3.0,0
2024-09-04,Pudim (fatia),Doces,22,10.0,3.2,0
2024-09-04,Pão de batata,Salgados,64,6.0,1.8,0
2024-09-04,Pão de forma caseiro,Pães,38,12.0,4.5,0
2024-09-04,Pão de queijo,Pães,218,3.5,1.1,0
2024-09-04,Pão francês,Pães,713,0.9,0.3,0
2024-09-04,Pão na chapa,Lanches,85,6.0,1.5,0
2024-09-04,Sanduíche natural,Lanches,28,14.0,5.5,0
2024-09-04,Sonho,Doces,37,6.0,1.9,0
2024-09-04,Suco de laranja natural,Bebidas,76,9.0,3.0,0
2024-09-04,Torta de limão (fatia),Doces,25,11.0,3.5,0
2024-09-05,Baguete,Pães,27,8.0,2.6,0
2024-09-05,Bolo de cenoura (fatia),Doces,30,7.0,2.0,0
2024-09-05,Brigadeiro,Doces,112,3.0,0.9,0
2024-09-05,Coxinha,Salgados,92,7.5,2.3,0
2024-09-05,Croissant,Pães,48,7.0,2.4,0
2024-09-05,Empada de frango,Salgados,93,7.0,2.2,0
2024-09-05,Esfiha de carne,Salgados,165,6.5,2.0,0
2024-09-05,Misto quente,Lanches,71,9.0,3.0,0
2024-09-05,Pudim (fatia),Doces,32,10.0,3.2,0
2024-09-05,Pão de batata,Salgados,58,6.0,1.8,0
2024-09-05,Pão de forma caseiro,Pães,13,12.0,4.5,0
2024-09-05,Pão de queijo,Pães,316,3.5,1.1,0
2024-09-05,Pão francês,Pães,1384,0.9,0.3,0
2024-09-05,Pão na chapa,Lanches,100,6.0,1.5,0
2024-09-05,Sanduíche natural,Lanches,37,14.0,5.5,0
2024-09-05,Sonho,Doces,105,5.1,1.9,1
2024-09-05,Suco de laranja natural,Bebidas,65,9.0,3.0,0
2024-09-05,Torta de limão (fatia),Doces,28,11.0,3.5,0
2024-09-06,Baguete,Pães,56,8.0,2.6,0
2024-09-06,Bolo de cenoura (fatia),Doces,91,7.0,2.0,0
2024-09-06,Brigadeiro,Doces,94,3.0,0.9,0
2024-09-06,Coxinha,Salgados,120,7.5,2.3,0
2024-09-06,Croissant,Pães,66,7.0,2.4,0
2024-09-06,Empada de frango,Salgados,94,7.0,2.2,0
2024-09-06,Esfiha de carne,Salgados,60,6.5,2.0,0
2024-09-06,Misto quente,Lanches,90,9.0,3.0,0
2024-09-06,Pudim (fatia),Doces,24,10.0,3.2,0
2024-09-06,Pão de batata,Salgados,91,6.0,1.8,0
2024-09-06,Pão de forma caseiro,Pães,23,12.0,4.5,0
2024-09-06,Pão de queijo,Pães,151,3.5,1.1,0
2024-09-06,Pão francês,Pães,1100,0.9,0.3,0
2024-09-06,Pão na chapa,Lanches,162,6.0,1.5,0
2024-09-06,Sanduíche natural,Lanches,66,14.0,5.5,0
2024-09-06,Sonho,Doces,64,6.0,1.9,0
2024-09-06,Suco de laranja natural,Bebidas,91,9.0,3.0,0
2024-09-06,Torta de limão (fatia),Doces,57,9.35,3.5,1
2024-09-07,Baguete,Pães,72,8.0,2.6,0
2024-09-07,Bolo de cenoura (fatia),Doces,77,7.0,2.0,0
2024-09-07,Brigadeiro,Doces,184,3.0,0.9,0
2024-09-07,Coxinha,Salgados,90,7.5,2.3,0
2024-09-07,Croissant,Pães,108,7.0,2.4,0
2024-09-07,Empada de frango,Salgados,38,7.0,2.2,0
2024-09-07,Esfiha de carne,Salgados,65,6.5,2.0,0
2024-09-07,Misto quente,Lanches,38,9.0,3.0,0
2024-09-07,Pudim (fatia),Doces,21,10.0,3.2,0
2024-09-07,Pão de batata,Salgados,48,6.0,1.8,0
2024-09-07,Pão de forma caseiro,Pães,30,12.0,4.5,0
2024-09-07,Pão de queijo,Pães,276,3.5,1.1,0
2024-09-07,Pão francês,Pães,1104,0.9,0.3,0
2024-09-07,Pão na chapa,Lanches,264,5.1,1.5,1
2024-09-07,Sanduíche natural,Lanches,47,14.0,5.5,0
2024-09-07,Sonho,Doces,78,6.0,1.9,0
2024-09-07,Suco de laranja natural,Bebidas,80,9.0,3.0,0
2024-09-07,Torta de limão (fatia),Doces,57,11.0,3.5,0
2024-09-08,Baguete,Pães,32,8.0,2.6,0
2024-09-08,Bolo de cenoura (fatia),Doces,79,7.0,2.0,0
2024-09-08,Brigadeiro,Doces,112,3.0,0.9,0
2024-09-08,Coxinha,Salgados,119,7.5,2.3,0
2024-09-08,Croissant,Pães,40,7.0,2.4,0
2024-09-08,Empada de frango,Salgados,36,7.0,2.2,0
2024-09-08,Esfiha de carne,Salgados,58,6.5,2.0,0
2024-09-08,Misto quente,Lanches,50,9.0,3.0,0
2024-09-08,Pudim (fatia),Doces,28,8.5,3.2,1
2024-09-08,Pão de batata,Salgados,29,6.0,1.8,0
2024-09-08,Pão de forma caseiro,Pães,40,12.0,4.5,0
2024-09-08,Pão de queijo,Pães,253,3.5,1.1,0
2024-09-08,Pão francês,Pães,1095,0.9,0.3,0
2024-09-08,Pão na chapa,Lanches,237,5.1,1.5,1
2024-09-08,Sanduíche natural,Lanches,29,14.0,5.5,0
2024-09-08,Sonho,Doces,93,6.0,1.9,0
2024-09-08,Suco de laranja natural,Bebidas,140,7.65,3.0,1
2024-09-08,Torta de limão (fatia),Doces,48,11.0,3.5,0
2024-09-09,Baguete,Pães,49,8.0,2.6,0
2024-09-09,Bolo de cenoura (fatia),Doces,67,7.0,2.0,0
2024-09-09,Brigadeiro,Doces,91,3.0,0.9,0
2024-09-09,Coxinha,Salgados,125,7.5,2.3,0
2024-09-09,Croissant,Pães,60,7.0,2.4,0
2024-09-09,Empada de frango,Salgados,39,7.0,2.2,0
2024-09-09,Esfiha de carne,Salgados,89,6.5,2.0,0
2024-09-09,Misto quente,Lanches,40,9.0,3.0,0
2024-09-09,Pudim (fatia),Doces,17,10.0,3.2,0
2024-09-09,Pão de batata,Salgados,93,6.0,1.8,0
2024-09-09,Pão de forma caseiro,Pães,27,12.0,4.5,0
2024-09-09,Pão de queijo,Pães,211,3.5,1.1,0
2024-09-09,Pão francês,Pães,1088,0.9,0.3,0
2024-09-09,Pão na chapa,Lanches,134,6.0,1.5,0
2024-09-09,Sanduíche natural,Lanches,47,14.0,5.5,0
2024-09-09,Sonho,Doces,26,6.0,1.9,0
2024-09-09,Suco de laranja natural,Bebidas,47,9.0,3.0,0
2024-09-09,Torta de limão (fatia),Doces,31,9.35,3.5,1
2024-09-10,Baguete,Pães,13,8.0,2.6,0
2024-09-10,Bolo de cenoura (fatia),Doces,48,7.0,2.0,0
2024-09-10,Brigadeiro,Doces,100,3.0,0.9,0
2024-09-10,Coxinha,Salgados,107,7.5,2.3,0
2024-09-10,Croissant,Pães,39,7.0,2.4,0
2024-09-10,Empada de frango,Salgados,97,7.0,2.2,0
2024-09-10,Esfiha de carne,Salgados,77,6.5,2.0,0
2024-09-10,Misto quente,Lanches,176,9.0,3.0,0
2024-09-10,Pudim (fatia),Doces,24,10.0,3.2,0
2024-09-10,Pão de batata,Salgados,77,6.0,1.8,0
2024-09-10,Pão de forma caseiro,Pães,12,12.0,4.5,0
2024-09-10,Pão de queijo,Pães,142,3.5,1.1,0
2024-09-10,Pão francês,Pães,907,0.9,0.3,0
2024-09-10,Pão na chapa,Lanches,105,6.0,1.5,0
2024-09-10,Sanduíche natural,Lanches,42,14.0,5.5,0
2024-09-10,Sonho,Doces,35,6.0,1.9,0
2024-09-10,Suco de laranja natural,Bebidas,73,9.0,3.0,0
2024-09-10,Torta de limão (fatia),Doces,49,11.0,3.5,0
2024-09-11,Baguete,Pães,60,8.0,2.6,0
2024-09-11,Bolo de cenoura (fatia),Doces,43,7.0,2.0,0
2024-09-11,Brigadeiro,Doces,134,3.0,0.9,0
2024-09-11,Coxinha,Salgados,88,7.5,2.3,0
2024-09-11,Croissant,Pães,39,7.0,2.4,0
2024-09-11,Empada de frango,Salgados,62,7.0,2.2,0
2024-09-11,Esfiha de carne,Salgados,58,6.5,2.0,0
2024-09-11,Misto quente,Lanches,81,7.65,3.0,1
2024-09-11,Pudim (fatia),Doces,25,10.0,3.2,0
2024-09-11,Pão de batata,Salgados,77,6.0,1.8,0
2024-09-11,Pão de forma caseiro,Pães,24,12.0,4.5,0
2024-09-11,Pão de queijo,Pães,212,3.5,1.1,0
2024-09-11,Pão francês,Pães,1067,0.9,0.3,0
2024-09-11,Pão na chapa,Lanches,94,6.0,1.5,0
2024-09-11,Sanduíche natural,Lanches,44,14.0,5.5,0
2024-09-11,Sonho,Doces,53,6.0,1.9,0
2024-09-11,Suco de laranja natural,Bebidas,57,9.0,3.0,0
2024-09-11,Torta de limão (fatia),Doces,32,11.0,3.5,0
2024-09-12,Baguete,Pães,53,8.0,2.6,0
2024-09-12,Bolo de cenoura (fatia),Doces,29,7.0,2.0,0
2024-09-12,Brigadeiro,Doces,55,3.0,0.9,0
2024-09-12,Coxinha,Salgados,154,7.5,2.3,0
2024-09-12,Croissant,Pães,61,7.0,2.4,0
2024-09-12,Empada de frango,Salgados,34,7.0,2.2,0
2024-09-12,Esfiha de carne,Salgados,118,6.5,2.0,0
2024-09-12,Misto quente,Lanches,81,9.0,3.0,0
2024-09-12,Pudim (fatia),Doces,29,10.0,3.2,0
2024-09-12,Pão de batata,Salgados,64,6.0,1.8,0
2024-09-12,Pão de forma caseiro,Pães,29,12.0,4.5,0
2024-09-12,Pão de queijo,Pães,221,3.5,1.1,0
2024-09-12,Pão francês,Pães,903,0.9,0.3,0
2024-09-12,Pão na chapa,Lanches,91,6.0,1.5,0
2024-09-12,Sanduíche natural,Lanches,48,14.0,5.5,0
2024-09-12,Sonho,Doces,30,6.0,1.9,0
2024-09-12,Suco de laranja natural,Bebidas,45,9.0,3.0,0
2024-09-12,Torta de limão (fatia),Doces,27,11.0,3.5,0
2024-09-13,Baguete,Pães,47,8.0,2.6,0
2024-09-13,Bolo de cenoura (fatia),Doces,30,7.0,2.0,0
2024-09-13,Brigadeiro,Doces,142,3.0,0.9,0
2024-09-13,Coxinha,Salgados,145,7.5,2.3,0
2024-09-13,Croissant,Pães,45,7.0,2.4,0
2024-09-13,Empada de frango,Salgados,82,7.0,2.2,0
2024-09-13,Esfiha de carne,Salgados,67,6.5,2.0,0
2024-09-13,Misto quente,Lanches,75,9.0,3.0,0
2024-09-13,Pudim (fatia),Doces,30,10.0,3.2,0
2024-09-13,Pão de batata,Salgados,93,6.0,1.8,0
2024-09-13,Pão de forma caseiro,Pães,27,12.0,4.5,0
2024-09-13,Pão de queijo,Pães,222,3.5,1.1,0
2024-09-13,Pão francês,Pães,1067,0.9,0.3,0
2024-09-13,Pão na chapa,Lanches,89,6.0,1.5,0
2024-09-13,Sanduíche natural,Lanches,51,14.0,5.5,0
2024-09-13,Sonho,Doces,57,6.0,1.9,0
2024-09-13,Suco de laranja natural,Bebidas,63,9.0,3.0,0
2024-09-13,Torta de limão (fatia),Doces,42,11.0,3.5,0
2024-09-14,Baguete,Pães,41,8.0,2.6,0
2024-09-14,Bolo de cenoura (fatia),Doces,106,7.0,2.0,0
2024-09-14,Brigadeiro,Doces,143,3.0,0.9,0
2024-09-14,Coxinha,Salgados,106,7.5,2.3,0
2024-09-14,Croissant,Pães,67,5.95,2.4,1
2024-09-14,Empada de frango,Salgados,58,7.0,2.2,0
2024-09-14,Esfiha de carne,Salgados,74,6.5,2.0,0
2024-09-14,Misto quente,Lanches,70,7.65,3.0,1
2024-09-14,Pudim (fatia),Doces,23,10.0,3.2,0
2024-09-14,Pão de batata,Salgados,90,6.0,1.8,0
2024-09-14,Pão de forma caseiro,Pães,30,12.0,4.5,0
2024-09-14,Pão de queijo,Pães,188,3.5,1.1,0
2024-09-14,Pão francês,Pães,858,0.9,0.3,0
2024-09-14,Pão na chapa,Lanches,144,6.0,1.5,0
2024-09-14,Sanduíche natural,Lanches,58,14.0,5.5,0
2024-09-14,Sonho,Doces,55,6.0,1.9,0
2024-09-14,Suco de laranja natural,Bebidas,99,9.0,3.0,0
2024-09-14,Torta de limão (fatia),Doces,43,11.0,3.5,0
2024-09-15,Baguete,Pães,34,8.0,2.6,0
2024-09-15,Bolo de cenoura (fatia),Doces,68,7.0,2.0,0
2024-09-15,Brigadeiro,Doces,109,3.0,0.9,0
2024-09-15,Coxinha,Salgados,103,6.38,2.3,1
2024-09-15,Croissant,Pães,106,7.0,2.4,0
2024-09-15,Empada de frango,Salgados,47,7.0,2.2,0
2024-09-15,Esfiha de carne,Salgados,54,6.5,2.0,0
2024-09-15,Misto quente,Lanches,67,9.0,3.0,0
2024-09-15,Pudim (fatia),Doces,49,8.5,3.2,1
2024-09-15,Pão de batata,Salgados,72,6.0,1.8,0
2024-09-15,Pão de forma caseiro,Pães,36,12.0,4.5,0
2024-09-15,Pão de queijo,Pães,296,3.5,1.1,0
2024-09-15,Pão francês,Pães,1188,0.9,0.3,0
2024-09-15,Pão na chapa,Lanches,136,6.0,1.5,0
2024-09-15,Sanduíche natural,Lanches,48,14.0,5.5,0
2024-09-15,Sonho,Doces,66,6.0,1.9,0
2024-09-15,Suco de laranja natural,Bebidas,113,9.0,3.0,0
2024-09-15,Torta de limão (fatia),Doces,54,11.0,3.5,0
2024-09-16,Baguete,Pães,55,8.0,2.6,0
2024-09-16,Bolo de cenoura (fatia),Doces,34,7.0,2.0,0
2024-09-16,Brigadeiro,Doces,62,3.0,0.9,0
2024-09-16,Coxinha,Salgados,148,7.5,2.3,0
2024-09-16,Croissant,Pães,62,7.0,2.4,0
2024-09-16,Empada de frango,Salgados,90,7.0,2.2,0
2024-09-16,Esfiha de carne,Salgados,99,6.5,2.0,0
2024-09-16,Misto quente,Lanches,94,9.0,3.0,0
2024-09-16,Pudim (fatia),Doces,21,10.0,3.2,0
2024-09-16,Pão de batata,Salgados,92,6.0,1.8,0
2024-09-16,Pão de forma caseiro,Pães,29,12.0,4.5,0
2024-09-16,Pão de queijo,Pães,196,3.5,1.1,0
2024-09-16,Pão francês,Pães,752,0.9,0.3,0
2024-09-16,Pão na chapa,Lanches,93,6.0,1.5,0
2024-09-16,Sanduíche natural,Lanches,66,14.0,5.5,0
2024-09-16,Sonho,Doces,73,6.0,1.9,0
2024-09-16,Suco de laranja natural,Bebidas,43,9.0,3.0,0
2024-09-16,Torta de limão (fatia),Doces,28,11.0,3.5,0
2024-09-17,Baguete,Pães,31,8.0,2.6,0
2024-09-17,Bolo de cenoura (fatia),Doces,25,7.0,2.0,0
2024-09-17,Brigadeiro,Doces,91,3.0,0.9,0
2024-09-17,Coxinha,Salgados,112,7.5,2.3,0
2024-09-17,Croissant,Pães,47,7.0,2.4,0
2024-09-17,Empada de frango,Salgados,73,7.0,2.2,0
2024-09-17,Esfiha de carne,Salgados,45,6.5,2.0,0
2024-09-17,Misto quente,Lanches,164,9.0,3.0,0
2024-09-17,Pudim (fatia),Doces,30,10.0,3.2,0
2024-09-17,Pão de batata,Salgados,82,6.0,1.8,0
2024-09-17,Pão de forma caseiro,Pães,22,12.0,4.5,0
2024-09-17,Pão de queijo,Pães,127,3.5,1.1,0
2024-09-17,Pão francês,Pães,792,0.9,0.3,0
2024-09-17,Pão na chapa,Lanches,80,6.0,1.5,0
2024-09-17,Sanduíche natural,Lanches,25,14.0,5.5,0
2024-09-17,Sonho,Doces,61,6.0,1.9,0
2024-09-17,Suco de laranja natural,Bebidas,79,9.0,3.0,0
2024-09-17,Torta de limão (fatia),Doces,17,11.0,3.5,0
2024-09-18,Baguete,Pães,23,8.0,2.6,0
2024-09-18,Bolo de cenoura (fatia),Doces,30,7.0,2.0,0
2024-09-18,Brigadeiro,Doces,123,3.0,0.9,0
2024-09-18,Coxinha,Salgados,82,7.5,2.3,0
2024-09-18,Croissant,Pães,83,5.95,2.4,1
2024-09-18,Empada de frango,Salgados,112,7.0,2.2,0
2024-09-18,Esfiha de carne,Salgados,86,6.5,2.0,0
2024-09-18,Misto quente,Lanches,74,9.0,3.0,0
2024-09-18,Pudim (fatia),Doces,26,10.0,3.2,0
2024-09-18,Pão de batata,Salgados,71,6.0,1.8,0
2024-09-18,Pão de forma caseiro,Pães,11,12.0,4.5,0
2024-09-18,Pão de queijo,Pães,120,3.5,1.1,0
2024-09-18,Pão francês,Pães,983,0.9,0.3,0
2024-09-18,Pão na chapa,Lanches,151,6.0,1.5,0
2024-09-18,Sanduíche natural,Lanches,40,14.0,5.5,0
2024-09-18,Sonho,Doces,36,6.0,1.9,0
2024-09-18,Suco de laranja natural,Bebidas,67,9.0,3.0,0
2024-09-18,Torta de limão (fatia),Doces,42,11.0,3.5,0
2024-09-19,Baguete,Pães,52,8.0,2.6,0
2024-09-19,Bolo de cenoura (fatia),Doces,60,7.0,2.0,0
2024-09-19,Brigadeiro,Doces,59,3.0,0.9,0
2024-09-19,Coxinha,Salgados,110,7.5,2.3,0
2024-09-19,Croissant,Pães,83,7.0,2.4,0
2024-09-19,Empada de frango,Salgados,43,7.0,2.2,0
2024-09-19,Esfiha de carne,Salgados,136,5.52,2.0,1
2024-09-19,Misto quente,Lanches,59,9.0,3.0,0
2024-09-19,Pudim (fatia),Doces,17,10.0,3.2,0
2024-09-19,Pão de batata,Salgados,32,6.0,1.8,0
2024-09-19,Pão de forma caseiro,Pães,7,12.0,4.5,0
2024-09-19,Pão de queijo,Pães,181,3.5,1.1,0
2024-09-19,Pão francês,Pães,1045,0.9,0.3,0
2024-09-19,Pão na chapa,Lanches,123,6.0,1.5,0
2024-09-19,Sanduíche natural,Lanches,43,14.0,5.5,0
2024-09-19,Sonho,Doces,64,6.0,1.9,0
2024-09-19,Suco de laranja natural,Bebidas,108,7.65,3.0,1
2024-09-19,Torta de limão (fatia),Doces,14,11.0,3.5,0
2024-09-20,Baguete,Pães,41,8.0,2.6,0
2024-09-20,Bolo de cenoura (fatia),Doces,34,7.0,2.0,0
2024-09-20,Brigadeiro,Doces,36,3.0,0.9,0
2024-09-20,Coxinha,Salgados,185,7.5,2.3,0
2024-09-20,Croissant,Pães,57,7.0,2.4,0
2024-09-20,Empada de frango,Salgados,82,7.0,2.2,0
2024-09-20,Esfiha de carne,Salgados,89,6.5,2.0,0
2024-09-20,Misto quente,Lanches,65,9.0,3.0,0
2024-09-20,Pudim (fatia),Doces,17,10.0,3.2,0
2024-09-20,Pão de batata,Salgados,78,6.0,1.8,0
2024-09-20,Pão de forma caseiro,Pães,44,12.0,4.5,0
2024-09-20,Pão de queijo,Pães,232,3.5,1.1,0
2024-09-20,Pão francês,Pães,1034,0.9,0.3,0
2024-09-20,Pão na chapa,Lanches,128,6.0,1.5,0
2024-09-20,Sanduíche natural,Lanches,47,14.0,5.5,0
2024-09-20,Sonho,Doces,64,6.0,1.9,0
2024-09-20,Suco de laranja natural,Bebidas,52,9.0,3.0,0
2024-09-20,Torta de limão (fatia),Doces,28,11.0,3.5,0
2024-09-21,Baguete,Pães,42,8.0,2.6,0
2024-09-21,Bolo de cenoura (fatia),Doces,50,7.0,2.0,0
2024-09-21,Brigadeiro,Doces,164,3.0,0.9,0
2024-09-21,Coxinha,Salgados,154,7.5,2.3,0
2024-09-21,Croissant,Pães,126,7.0,2.4,0
2024-09-21,Empada de frango,Salgados,32,7.0,2.2,0
2024-09-21,Esfiha de carne,Salgados,53,6.5,2.0,0
2024-09-21,Misto quente,Lanches,61,9.0,3.0,0
2024-09-21,Pudim (fatia),Doces,21,10.0,3.2,0
2024-09-21,Pão de batata,Salgados,76,6.0,1.8,0
2024-09-21,Pão de forma caseiro,Pães,46,12.0,4.5,0
2024-09-21,Pão de queijo,Pães,196,3.5,1.1,0
2024-09-21,Pão francês,Pães,1400,0.9,0.3,0
2024-09-21,Pão na chapa,Lanches,113,6.0,1.5,0
2024-09-21,Sanduíche natural,Lanches,42,14.0,5.5,0
2024-09-21,Sonho,Doces,57,6.0,1.9,0
2024-09-21,Suco de laranja natural,Bebidas,68,9.0,3.0,0
2024-09-21,Torta de limão (fatia),Doces,70,11.0,3.5,0
2024-09-22,Baguete,Pães,46,8.0,2.6,0
2024-09-22,Bolo de cenoura (fatia),Doces,68,7.0,2.0,0
2024-09-22,Brigadeiro,Doces,171,3.0,0.9,0
2024-09-22,Coxinha,Salgados,96,7.5,2.3,0
2024-09-22,Croissant,Pães,103,5.95,2.4,1
2024-09-22,Empada de frango,Salgados,44,7.0,2.2,0
2024-09-22,Esfiha de carne,Salgados,50,6.5,2.0,0
2024-09-22,Misto quente,Lanches,86,9.0,3.0,0
2024-09-22,Pudim (fatia),Doces,28,10.0,3.2,0
2024-09-22,Pão de batata,Salgados,24,6.0,1.8,0
2024-09-22,Pão de forma caseiro,Pães,35,12.0,4.5,0
2024-09-22,Pão de queijo,Pães,268,3.5,1.1,0
2024-09-22,Pão francês,Pães,1085,0.9,0.3,0
2024-09-22,Pão na chapa,Lanches,150,6.0,1.5,0
2024-09-22,Sanduíche natural,Lanches,28,14.0,5.5,0
2024-09-22,Sonho,Doces,46,6.0,1.9,0
2024-09-22,Suco de laranja natural,Bebidas,83,9.0,3.0,0
2024-09-22,Torta de limão (fatia),Doces,20,11.0,3.5,0
2024-09-23,Baguete,Pães,65,8.0,2.6,0
2024-09-23,Bolo de cenoura (fatia),Doces,39,7.0,2.0,0
2024-09-23,Brigadeiro,Doces,72,3.0,0.9,0
2024-09-23,Coxinha,Salgados,139,7.5,2.3,0
2024-09-23,Croissant,Pães,55,7.0,2.4,0
2024-09-23,Empada de frango,Salgados,31,7.0,2.2,0
2024-09-23,Esfiha de carne,Salgados,106,6.5,2.0,0
2024-09-23,Misto quente,Lanches,56,9.0,3.0,0
2024-09-23,Pudim (fatia),Doces,12,10.0,3.2,0
2024-09-23,Pão de batata,Salgados,29,6.0,1.8,0
2024-09-23,Pão de forma caseiro,Pães,29,12.0,4.5,0
2024-09-23,Pão de queijo,Pães,208,3.5,1.1,0
2024-09-23,Pão francês,Pães,859,0.9,0.3,0
2024-09-23,Pão na chapa,Lanches,101,5.1,1.5,1
2024-09-23,Sanduíche natural,Lanches,24,14.0,5.5,0
2024-09-23,Sonho,Doces,32,6.0,1.9,0
2024-09-23,Suco de laranja natural,Bebidas,58,9.0,3.0,0
2024-09-23,Torta de limão (fatia),Doces,24,11.0,3.5,0
2024-09-24,Baguete,Pães,29,8.0,2.6,0
2024-09-24,Bolo de cenoura (fatia),Doces,73,7.0,2.0,0
2024-09-24,Brigadeiro,Doces,47,3.0,0.9,0
2024-09-24,Coxinha,Salgados,90,7.5,2.3,0
2024-09-24,Croissant,Pães,76,7.0,2.4,0
2024-09-24,Empada de frango,Salgados,77,7.0,2.2,0
2024-09-24,Esfiha de carne,Salgados,64,6.5,2.0,0
2024-09-24,Misto quente,Lanches,98,9.0,3.0,0
2024-09-24,Pudim (fatia),Doces,20,10.0,3.2,0
2024-09-24,Pão de batata,Salgados,68,6.0,1.8,0
2024-09-24,Pão de forma caseiro,Pães,30,12.0,4.5,0
2024-09-24,Pão de queijo,Pães,142,3.5,1.1,0
2024-09-24,Pão francês,Pães,731,0.9,0.3,0
2024-09-24,Pão na chapa,Lanches,169,6.0,1.5,0
2024-09-24,Sanduíche natural,Lanches,63,14.0,5.5,0
2024-09-24,Sonho,Doces,52,6.0,1.9,0
2024-09-24,Suco de laranja natural,Bebidas,64,9.0,3.0,0
2024-09-24,Torta de limão (fatia),Doces,24,11.0,3.5,0
2024-09-25,Baguete,Pães,27,8.0,2.6,0
2024-09-25,Bolo de cenoura (fatia),Doces,26,7.0,2.0,0
2024-09-25,Brigadeiro,Doces,133,3.0,0.9,0
2024-09-25,Coxinha,Salgados,116,7.5,2.3,0
2024-09-25,Croissant,Pães,27,7.0,2.4,0
2024-09-25,Empada de frango,Salgados,98,7.0,2.2,0
2024-09-25,Esfiha de carne,Salgados,86,6.5,2.0,0
2024-09-25,Misto quente,Lanches,21,9.0,3.0,0
2024-09-25,Pudim (fatia),Doces,16,10.0,3.2,0
2024-09-25,Pão de batata,Salgados,84,6.0,1.8,0
2024-09-25,Pão de forma caseiro,Pães,21,12.0,4.5,0
2024-09-25,Pão de queijo,Pães,168,3.5,1.1,0
2024-09-25,Pão francês,Pães,697,0.9,0.3,0
2024-09-25,Pão na chapa,Lanches,80,6.0,1.5,0
2024-09-25,Sanduíche natural,Lanches,27,14.0,5.5,0
2024-09-25,Sonho,Doces,82,6.0,1.9,0
2024-09-25,Suco de laranja natural,Bebidas,115,9.0,3.0,0
2024-09-25,Torta de limão (fatia),Doces,30,11.0,3.5,0
2024-09-26,Baguete,Pães,56,8.0,2.6,0
2024-09-26,Bolo de cenoura (fatia),Doces,61,7.0,2.0,0
2024-09-26,Brigadeiro,Doces,94,3.0,0.9,0
2024-09-26,Coxinha,Salgados,97,7.5,2.3,0
2024-09-26,Croissant,Pães,78,7.0,2.4,0
2024-09-26,Empada de frango,Salgados,90,7.0,2.2,0
2024-09-26,Esfiha de carne,Salgados,54,6.5,2.0,0
2024-09-26,Misto quente,Lanches,91,9.0,3.0,0
2024-09-26,Pudim (fatia),Doces,38,10.0,3.2,0
2024-09-26,Pão de batata,Salgados,90,6.0,1.8,0
2024-09-26,Pão de forma caseiro,Pães,23,12.0,4.5,0
2024-09-26,Pão de queijo,Pães,226,3.5,1.1,0
2024-09-26,Pão francês,Pães,1058,0.9,0.3,0
2024-09-26,Pão na chapa,Lanches,124,6.0,1.5,0
2024-09-26,Sanduíche natural,Lanches,53,14.0,5.5,0
2024-09-26,Sonho,Doces,32,6.0,1.9,0
2024-09-26,Suco de laranja natural,Bebidas,56,9.0,3.0,0
2024-09-26,Torta de limão (fatia),Doces,19,11.0,3.5,0
2024-09-27,Baguete,Pães,38,8.0,2.6,0
2024-09-27,Bolo de cenoura (fatia),Doces,61,7.0,2.0,0
2024-09-27,Brigadeiro,Doces,73,3.0,0.9,0
2024-09-27,Coxinha,Salgados,123,7.5,2.3,0
2024-09-27,Croissant,Pães,80,7.0,2.4,0
2024-09-27,Empada de frango,Salgados,49,7.0,2.2,0
2024-09-27,Esfiha de carne,Salgados,40,6.5,2.0,0
2024-09-27,Misto quente,Lanches,74,9.0,3.0,0
2024-09-27,Pudim (fatia),Doces,16,10.0,3.2,0
2024-09-27,Pão de batata,Salgados,68,6.0,1.8,0
2024-09-27,Pão de forma caseiro,Pães,16,12.0,4.5,0
2024-09-27,Pão de queijo,Pães,211,3.5,1.1,0
2024-09-27,Pão francês,Pães,766,0.9,0.3,0
2024-09-27,Pão na chapa,Lanches,109,6.0,1.5,0
2024-09-27,Sanduíche natural,Lanches,57,14.0,5.5,0
2024-09-27,Sonho,Doces,48,6.0,1.9,0
2024-09-27,Suco de laranja natural,Bebidas,57,9.0,3.0,0
2024-09-27,Torta de limão (fatia),Doces,27,11.0,3.5,0
2024-09-28,Baguete,Pães,38,8.0,2.6,0
2024-09-28,Bolo de cenoura (fatia),Doces,51,7.0,2.0,0
2024-09-28,Brigadeiro,Doces,126,3.0,0.9,0
2024-09-28,Coxinha,Salgados,99,7.5,2.3,0
2024-09-28,Croissant,Pães,88,7.0,2.4,0
2024-09-28,Empada de frango,Salgados,54,7.0,2.2,0
2024-09-28,Esfiha de carne,Salgados,80,5.52,2.0,1
2024-09-28,Misto quente,Lanches,42,9.0,3.0,0
2024-09-28,Pudim (fatia),Doces,17,10.0,3.2,0
2024-09-28,Pão de batata,Salgados,61,6.0,1.8,0
2024-09-28,Pão de forma caseiro,Pães,55,12.0,4.5,0
2024-09-28,Pão de queijo,Pães,247,3.5,1.1,0
2024-09-28,Pão francês,Pães,1388,0.9,0.3,0
2024-09-28,Pão na chapa,Lanches,158,6.0,1.5,0
2024-09-28,Sanduíche natural,Lanches,47,14.0,5.5,0
2024-09-28,Sonho,Doces,90,5.1,1.9,1
2024-09-28,Suco de laranja natural,Bebidas,91,9.0,3.0,0
2024-09-28,Torta de limão (fatia),Doces,45,11.0,3.5,0
2024-09-29,Baguete,Pães,43,8.0,2.6,0
2024-09-29,Bolo de cenoura (fatia),Doces,53,7.0,2.0,0
2024-09-29,Brigadeiro,Doces,170,3.0,0.9,0
2024-09-29,Coxinha,Salgados,86,7.5,2.3,0
2024-09-29,Croissant,Pães,74,7.0,2.4,0
2024-09-29,Empada de frango,Salgados,44,7.0,2.2,0
2024-09-29,Esfiha de carne,Salgados,44,6.5,2.0,0
2024-09-29,Misto quente,Lanches,59,9.0,3.0,0
2024-09-29,Pudim (fatia),Doces,22,10.0,3.2,0
2024-09-29,Pão de batata,Salgados,61,6.0,1.8,0
2024-09-29,Pão de forma caseiro,Pães,39,12.0,4.5,0
2024-09-29,Pão de queijo,Pães,232,3.5,1.1,0
2024-09-29,Pão francês,Pães,1113,0.9,0.3,0
2024-09-29,Pão na chapa,Lanches,215,6.0,1.5,0
2024-09-29,Sanduíche natural,Lanches,19,14.0,5.5,0
2024-09-29,Sonho,Doces,78,6.0,1.9,0
2024-09-29,Suco de laranja natural,Bebidas,116,9.0,3.0,0
2024-09-29,Torta de limão (fatia),Doces,33,11.0,3.5,0
2024-09-30,Baguete,Pães,28,8.0,2.6,0
2024-09-30,Bolo de cenoura (fatia),Doces,41,7.0,2.0,0
2024-09-30,Brigadeiro,Doces,84,3.0,0.9,0
2024-09-30,Coxinha,Salgados,120,7.5,2.3,0
2024-09-30,Croissant,Pães,81,7.0,2.4,0
2024-09-30,Empada de frango,Salgados,70,7.0,2.2,0
2024-09-30,Esfiha de carne,Salgados,51,6.5,2.0,0
2024-09-30,Misto quente,Lanches,76,9.0,3.0,0
2024-09-30,Pudim (fatia),Doces,12,10.0,3.2,0
2024-09-30,Pão de batata,Salgados,59,6.0,1.8,0
2024-09-30,Pão de forma caseiro,Pães,18,12.0,4.5,0
2024-09-30,Pão de queijo,Pães,171,3.5,1.1,0
2024-09-30,Pão francês,Pães,999,0.9,0.3,0
2024-09-30,Pão na chapa,Lanches,138,6.0,1.5,0
2024-09-30,Sanduíche natural,Lanches,40,14.0,5.5,0
2024-09-30,Sonho,Doces,61,6.0,1.9,0
2024-09-30,Suco de laranja natural,Bebidas,68,9.0,3.0,0
2024-09-30,Torta de limão (fatia),Doces,24,11.0,3.5,0
2024-10-01,Baguete,Pães,23,8.0,2.6,0
2024-10-01,Bolo de cenoura (fatia),Doces,36,7.0,2.0,0
2024-10-01,Brigadeiro,Doces,90,2.55,0.9,1
2024-10-01,Coxinha,Salgados,169,7.5,2.3,0
2024-10-01,Croissant,Pães,47,7.0,2.4,0
2024-10-01,Empada de frango,Salgados,66,7.0,2.2,0
2024-10-01,Esfiha de carne,Salgados,78,6.5,2.0,0
2024-10-01,Misto quente,Lanches,62,9.0,3.0,0
2024-10-01,Pudim (fatia),Doces,30,10.0,3.2,0
2024-10-01,Pão de batata,Salgados,59,6.0,1.8,0
2024-10-01,Pão de forma caseiro,Pães,18,12.0,4.5,0
2024-10-01,Pão de queijo,Pães,131,3.5,1.1,0
2024-10-01,Pão francês,Pães,585,0.9,0.3,0
2024-10-01,Pão na chapa,Lanches,109,6.0,1.5,0
2024-10-01,Sanduíche natural,Lanches,61,14.0,5.5,0
2024-10-01,Sonho,Doces,35,6.0,1.9,0
2024-10-01,Suco de laranja natural,Bebidas,49,9.0,3.0,0
2024-10-01,Torta de limão (fatia),Doces,22,11.0,3.5,0
2024-10-02,Baguete,Pães,30,8.0,2.6,0
2024-10-02,Bolo de cenoura (fatia),Doces,21,7.0,2.0,0
2024-10-02,Brigadeiro,Doces,74,3.0,0.9,0
2024-10-02,Coxinha,Salgados,134,7.5,2.3,0
2024-10-02,Croissant,Pães,78,7.0,2.4,0
2024-10-02,Empada de frango,Salgados,72,7.0,2.2,0
2024-10-02,Esfiha de carne,Salgados,58,6.5,2.0,0
2024-10-02,Misto quente,Lanches,77,9.0,3.0,0
2024-10-02,Pudim (fatia),Doces,23,10.0,3.2,0
2024-10-02,Pão de batata,Salgados,90,6.0,1.8,0
2024-10-02,Pão de forma caseiro,Pães,22,12.0,4.5,0
2024-10-02,Pão de queijo,Pães,149,3.5,1.1,0
2024-10-02,Pão francês,Pães,597,0.9,0.3,0
2024-10-02,Pão na chapa,Lanches,88,6.0,1.5,0
2024-10-02,Sanduíche natural,Lanches,31,14.0,5.5,0
2024-10-02,Sonho,Doces,68,6.0,1.9,0
2024-10-02,Suco de laranja natural,Bebidas,155,7.65,3.0,1
2024-10-02,Torta de limão (fatia),Doces,25,11.0,3.5,0
2024-10-03,Baguete,Pães,52,8.0,2.6,0
2024-10-03,Bolo de cenoura (fatia),Doces,57,7.0,2.0,0
2024-10-03,Brigadeiro,Doces,115,3.0,0.9,0
2024-10-03,Coxinha,Salgados,136,7.5,2.3,0
2024-10-03,Croissant,Pães,57,7.0,2.4,0
2024-10-03,Empada de frango,Salgados,84,7.0,2.2,0
2024-10-03,Esfiha de carne,Salgados,64,6.5,2.0,0
2024-10-03,Misto quente,Lanches,65,9.0,3.0,0
2024-10-03,Pudim (fatia),Doces,32,10.0,3.2,0
2024-10-03,Pão de batata,Salgados,77,6.0,1.8,0
2024-10-03,Pão de forma caseiro,Pães,19,12.0,4.5,0
2024-10-03,Pão de queijo,Pães,194,3.5,1.1,0
2024-10-03,Pão francês,Pães,890,0.9,0.3,0
2024-10-03,Pão na chapa,Lanches,145,6.0,1.5,0
2024-10-03,Sanduíche natural,Lanches,31,14.0,5.5,0
2024-10-03,Sonho,Doces,47,6.0,1.9,0
2024-10-03,Suco de laranja natural,Bebidas,91,9.0,3.0,0
2024-10-03,Torta de limão (fatia),Doces,22,11.0,3.5,0
2024-10-04,Baguete,Pães,48,8.0,2.6,0
2024-10-04,Bolo de cenoura (fatia),Doces,43,7.0,2.0,0
2024-10-04,Brigadeiro,Doces,44,3.0,0.9,0
2024-10-04,Coxinha,Salgados,173,7.5,2.3,0
2024-10-04,Croissant,Pães,59,7.0,2.4,0
2024-10-04,Empada de frango,Salgados,70,7.0,2.2,0
2024-10-04,Esfiha de carne,Salgados,146,6.5,2.0,0
2024-10-04,Misto quente,Lanches,99,9.0,3.0,0
2024-10-04,Pudim (fatia),Doces,17,10.0,3.2,0
2024-10-04,Pão de batata,Salgados,59,6.0,1.8,0
2024-10-04,Pão de forma caseiro,Pães,20,12.0,4.5,0
2024-10-04,Pão de queijo,Pães,265,3.5,1.1,0
2024-10-04,Pão francês,Pães,1144,0.9,0.3,0
2024-10-04,Pão na chapa,Lanches,73,6.0,1.5,0
2024-10-04,Sanduíche natural,Lanches,33,14.0,5.5,0
2024-10-04,Sonho,Doces,26,6.0,1.9,0
2024-10-04,Suco de laranja natural,Bebidas,81,9.0,3.0,0
2024-10-04,Torta de limão (fatia),Doces,32,11.0,3.5,0
2024-10-05,Baguete,Pães,36,8.0,2.6,0
2024-10-05,Bolo de cenoura (fatia),Doces,79,7.0,2.0,0
2024-10-05,Brigadeiro,Doces,142,3.0,0.9,0
2024-10-05,Coxinha,Salgados,51,7.5,2.3,0
2024-10-05,Croissant,Pães,120,7.0,2.4,0
2024-10-05,Empada de frango,Salgados,37,7.0,2.2,0
2024-10-05,Esfiha de carne,Salgados,133,6.5,2.0,0
2024-10-05,Misto quente,Lanches,36,9.0,3.0,0
2024-10-05,Pudim (fatia),Doces,43,10.0,3.2,0
2024-10-05,Pão de batata,Salgados,40,5.1,1.8,1
2024-10-05,Pão de forma caseiro,Pães,45,12.0,4.5,0
2024-10-05,Pão de queijo,Pães,247,3.5,1.1,0
2024-10-05,Pão francês,Pães,905,0.9,0.3,0
2024-10-05,Pão na chapa,Lanches,174,6.0,1.5,0
2024-10-05,Sanduíche natural,Lanches,53,14.0,5.5,0
2024-10-05,Sonho,Doces,85,6.0,1.9,0
2024-10-05,Suco de laranja natural,Bebidas,54,9.0,3.0,0
2024-10-05,Torta de limão (fatia),Doces,66,11.0,3.5,0
2024-10-06,Baguete,Pães,72,8.0,2.6,0
2024-10-06,Bolo de cenoura (fatia),Doces,79,7.0,2.0,0
2024-10-06,Brigadeiro,Doces,97,3.0,0.9,0
2024-10-06,Coxinha,Salgados,63,7.5,2.3,0
2024-10-06,Croissant,Pães,73,7.0,2.4,0
2024-10-06,Empada de frango,Salgados,30,7.0,2.2,0
2024-10-06,Esfiha de carne,Salgados,86,6.5,2.0,0
2024-10-06,Misto quente,Lanches,50,9.0,3.0,0
2024-10-06,Pudim (fatia),Doces,30,10.0,3.2,0
2024-10-06,Pão de batata,Salgados,30,6.0,1.8,0
2024-10-06,Pão de forma caseiro,Pães,95,10.2,4.5,1
2024-10-06,Pão de queijo,Pães,394,3.5,1.1,0
2024-10-06,Pão francês,Pães,1987,0.76,0.3,1
2024-10-06,Pão na chapa,Lanches,156,6.0,1.5,0
2024-10-06,Sanduíche natural,Lanches,34,14.0,5.5,0
2024-10-06,Sonho,Doces,91,6.0,1.9,0
2024-10-06,Suco de laranja natural,Bebidas,109,9.0,3.0,0
2024-10-06,Torta de limão (fatia),Doces,37,11.0,3.5,0
2024-10-07,Baguete,Pães,41,8.0,2.6,0
2024-10-07,Bolo de cenoura (fatia),Doces,46,7.0,2.0,0
2024-10-07,Brigadeiro,Doces,41,3.0,0.9,0
2024-10-07,Coxinha,Salgados,86,7.5,2.3,0
2024-10-07,Croissant,Pães,59,7.0,2.4,0
2024-10-07,Empada de frango,Salgados,41,7.0,2.2,0
2024-10-07,Esfiha de carne,Salgados,78,6.5,2.0,0
2024-10-07,Misto quente,Lanches,77,9.0,3.0,0
2024-10-07,Pudim (fatia),Doces,29,10.0,3.2,0
2024-10-07,Pão de batata,Salgados,52,6.0,1.8,0
2024-10-07,Pão de forma caseiro,Pães,20,12.0,4.5,0
2024-10-07,Pão de queijo,Pães,145,3.5,1.1,0
2024-10-07,Pão francês,Pães,761,0.9,0.3,0
2024-10-07,Pão na chapa,Lanches,143,6.0,1.5,0
2024-10-07,Sanduíche natural,Lanches,36,14.0,5.5,0
2024-10-07,Sonho,Doces,57,6.0,1.9,0
2024-10-07,Suco de laranja natural,Bebidas,64,9.0,3.0,0
2024-10-07,Torta de limão (fatia),Doces,16,11.0,3.5,0
2024-10-08,Baguete,Pães,37,8.0,2.6,0
2024-10-08,Bolo de cenoura (fatia),Doces,37,7.0,2.0,0
2024-10-08,Brigadeiro,Doces,65,3.0,0.9,0
2024-10-08,Coxinha,Salgados,199,6.38,2.3,1
2024-10-08,Croissant,Pães,54,7.0,2.4,0
2024-10-08,Empada de frango,Salgados,63,7.0,2.2,0
2024-10-08,Esfiha de carne,Salgados,87,6.5,2.0,0
2024-10-08,Misto quente,Lanches,46,9.0,3.0,0
2024-10-08,Pudim (fatia),Doces,19,10.0,3.2,0
2024-10-08,Pão de batata,Salgados,76,6.0,1.8,0
2024-10-08,Pão de forma caseiro,Pães,25,12.0,4.5,0
2024-10-08,Pão de queijo,Pães,206,3.5,1.1,0
2024-10-08,Pão francês,Pães,1004,0.9,0.3,0
2024-10-08,Pão na chapa,Lanches,159,5.1,1.5,1
2024-10-08,Sanduíche natural,Lanches,47,11.9,5.5,1
2024-10-08,Sonho,Doces,55,6.0,1.9,0
2024-10-08,Suco de laranja natural,Bebidas,95,9.0,3.0,0
2024-10-08,Torta de limão (fatia),Doces,23,11.0,3.5,0
2024-10-09,Baguete,Pães,35,8.0,2.6,0
2024-10-09,Bolo de cenoura (fatia),Doces,62,7.0,2.0,0
2024-10-09,Brigadeiro,Doces,107,3.0,0.9,0
2024-10-09,Coxinha,Salgados,82,7.5,2.3,0
2024-10-09,Croissant,Pães,86,7.0,2.4,0
2024-10-09,Empada de frango,Salgados,37,7.0,2.2,0
2024-10-09,Esfiha de carne,Salgados,80,6.5,2.0,0
2024-10-09,Misto quente,Lanches,44,9.0,3.0,0
2024-10-09,Pudim (fatia),Doces,24,10.0,3.2,0
2024-10-09,Pão de batata,Salgados,77,5.1,1.8,1
2024-10-09,Pão de forma caseiro,Pães,14,12.0,4.5,0
2024-10-09,Pão de queijo,Pães,197,3.5,1.1,0
2024-10-09,Pão francês,Pães,968,0.9,0.3,0
2024-10-09,Pão na chapa,Lanches,181,5.1,1.5,1
2024-10-09,Sanduíche natural,Lanches,47,14.0,5.5,0
2024-10-09,Sonho,Doces,50,6.0,1.9,0
2024-10-09,Suco de laranja natural,Bebidas,73,9.0,3.0,0
2024-10-09,Torta de limão (fatia),Doces,17,11.0,3.5,0
2024-10-10,Baguete,Pães,43,8.0,2.6,0
2024-10-10,Bolo de cenoura (fatia),Doces,51,5.95,2.0,1
2024-10-10,Brigadeiro,Doces,100,3.0,0.9,0
2024-10-10,Coxinha,Salgados,92,7.5,2.3,0
2024-10-10,Croissant,Pães,77,7.0,2.4,0
2024-10-10,Empada de frango,Salgados,48,7.0,2.2,0
2024-10-10,Esfiha de carne,Salgados,64,6.5,2.0,0
2024-10-10,Misto quente,Lanches,111,9.0,3.0,0
2024-10-10,Pudim (fatia),Doces,26,10.0,3.2,0
2024-10-10,Pão de batata,Salgados,32,6.0,1.8,0
2024-10-10,Pão de forma caseiro,Pães,37,12.0,4.5,0
2024-10-10,Pão de queijo,Pães,152,3.5,1.1,0
2024-10-10,Pão francês,Pães,1061,0.9,0.3,0
2024-10-10,Pão na chapa,Lanches,114,6.0,1.5,0
2024-10-10,Sanduíche natural,Lanches,55,14.0,5.5,0
2024-10-10,Sonho,Doces,57,6.0,1.9,0
2024-10-10,Suco de laranja natural,Bebidas,75,9.0,3.0,0
2024-10-10,Torta de limão (fatia),Doces,18,11.0,3.5,0
2024-10-11,Baguete,Pães,46,8.0,2.6,0
2024-10-11,Bolo de cenoura (fatia),Doces,53,7.0,2.0,0
2024-10-11,Brigadeiro,Doces,75,3.0,0.9,0
2024-10-11,Coxinha,Salgados,98,7.5,2.3,0
2024-10-11,Croissant,Pães,108,5.95,2.4,1
2024-10-11,Empada de frango,Salgados,82,7.0,2.2,0
2024-10-11,Esfiha de carne,Salgados,125,6.5,2.0,0
2024-10-11,Misto quente,Lanches,96,9.0,3.0,0
2024-10-11,Pudim (fatia),Doces,35,10.0,3.2,0
2024-10-11,Pão de batata,Salgados,146,6.0,1.8,0
2024-10-11,Pão de forma caseiro,Pães,20,12.0,4.5,0
2024-10-11,Pão de queijo,Pães,162,3.5,1.1,0
2024-10-11,Pão francês,Pães,906,0.9,0.3,0
2024-10-11,Pão na chapa,Lanches,142,6.0,1.5,0
2024-10-11,Sanduíche natural,Lanches,48,14.0,5.5,0
2024-10-11,Sonho,Doces,66,6.0,1.9,0
2024-10-11,Suco de laranja natural,Bebidas,100,9.0,3.0,0
2024-10-11,Torta de limão (fatia),Doces,21,11.0,3.5,0
2024-10-12,Baguete,Pães,53,8.0,2.6,0
2024-10-12,Bolo de cenoura (fatia),Doces,51,7.0,2.0,0
2024-10-12,Brigadeiro,Doces,96,3.0,0.9,0
2024-10-12,Coxinha,Salgados,131,7.5,2.3,0
2024-10-12,Croissant,Pães,71,7.0,2.4,0
2024-10-12,Empada de frango,Salgados,39,7.0,2.2,0
2024-10-12,Esfiha de carne,Salgados,66,5.52,2.0,1
2024-10-12,Misto quente,Lanches,27,9.0,3.0,0
2024-10-12,Pudim (fatia),Doces,35,10.0,3.2,0
2024-10-12,Pão de batata,Salgados,34,6.0,1.8,0
2024-10-12,Pão de forma caseiro,Pães,31,12.0,4.5,0
2024-10-12,Pão de queijo,Pães,280,3.5,1.1,0
2024-10-12,Pão francês,Pães,1488,0.9,0.3,0
2024-10-12,Pão na chapa,Lanches,200,5.1,1.5,1
2024-10-12,Sanduíche natural,Lanches,37,14.0,5.5,0
2024-10-12,Sonho,Doces,48,6.0,1.9,0
2024-10-12,Suco de laranja natural,Bebidas,100,9.0,3.0,0
2024-10-12,Torta de limão (fatia),Doces,34,11.0,3.5,0
2024-10-13,Baguete,Pães,72,8.0,2.6,0
2024-10-13,Bolo de cenoura (fatia),Doces,53,7.0,2.0,0
2024-10-13,Brigadeiro,Doces,103,3.0,0.9,0
2024-10-13,Coxinha,Salgados,108,7.5,2.3,0
2024-10-13,Croissant,Pães,94,7.0,2.4,0
2024-10-13,Empada de frango,Salgados,62,7.0,2.2,0
2024-10-13,Esfiha de carne,Salgados,66,6.5,2.0,0
2024-10-13,Misto quente,Lanches,30,9.0,3.0,0
2024-10-13,Pudim (fatia),Doces,37,10.0,3.2,0
2024-10-13,Pão de batata,Salgados,41,6.0,1.8,0
2024-10-13,Pão de forma caseiro,Pães,39,12.0,4.5,0
2024-10-13,Pão de queijo,Pães,263,3.5,1.1,0
2024-10-13,Pão francês,Pães,1380,0.9,0.3,0
2024-10-13,Pão na chapa,Lanches,193,5.1,1.5,1
2024-10-13,Sanduíche natural,Lanches,59,11.9,5.5,1
2024-10-13,Sonho,Doces,42,6.0,1.9,0
2024-10-13,Suco de laranja natural,Bebidas,147,9.0,3.0,0
2024-10-13,Torta de limão (fatia),Doces,47,11.0,3.5,0
2024-10-14,Baguete,Pães,37,8.0,2.6,0
2024-10-14,Bolo de cenoura (fatia),Doces,21,7.0,2.0,0
2024-10-14,Brigadeiro,Doces,51,3.0,0.9,0
2024-10-14,Coxinha,Salgados,116,7.5,2.3,0
2024-10-14,Croissant,Pães,32,7.0,2.4,0
2024-10-14,Empada de frango,Salgados,78,7.0,2.2,0
2024-10-14,Esfiha de carne,Salgados,117,6.5,2.0,0
2024-10-14,Misto quente,Lanches,55,9.0,3.0,0
2024-10-14,Pudim (fatia),Doces,27,10.0,3.2,0
2024-10-14,Pão de batata,Salgados,83,6.0,1.8,0
2024-10-14,Pão de forma caseiro,Pães,29,10.2,4.5,1
2024-10-14,Pão de queijo,Pães,154,3.5,1.1,0
2024-10-14,Pão francês,Pães,1150,0.9,0.3,0
2024-10-14,Pão na chapa,Lanches,126,6.0,1.5,0
2024-10-14,Sanduíche natural,Lanches,73,11.9,5.5,1
2024-10-14,Sonho,Doces,28,6.0,1.9,0
2024-10-14,Suco de laranja natural,Bebidas,61,9.0,3.0,0
2024-10-14,Torta de limão (fatia),Doces,23,11.0,3.5,0
2024-10-15,Baguete,Pães,40,8.0,2.6,0
2024-10-15,Bolo de cenoura (fatia),Doces,50,7.0,2.0,0
2024-10-15,Brigadeiro,Doces,87,3.0,0.9,0
2024-10-15,Coxinha,Salgados,89,7.5,2.3,0
2024-10-15,Croissant,Pães,73,7.0,2.4,0
2024-10-15,Empada de frango,Salgados,71,7.0,2.2,0
2024-10-15,Esfiha de carne,Salgados,62,6.5,2.0,0
2024-10-15,Misto quente,Lanches,78,7.65,3.0,1
2024-10-15,Pudim (fatia),Doces,25,10.0,3.2,0
2024-10-15,Pão de batata,Salgados,83,6.0,1.8,0
2024-10-15,Pão de forma caseiro,Pães,22,12.0,4.5,0
2024-10-15,Pão de queijo,Pães,120,3.5,1.1,0
2024-10-15,Pão francês,Pães,1194,0.9,0.3,0
2024-10-15,Pão na chapa,Lanches,105,6.0,1.5,0
2024-10-15,Sanduíche natural,Lanches,32,14.0,5.5,0
2024-10-15,Sonho,Doces,35,6.0,1.9,0
2024-10-15,Suco de laranja natural,Bebidas,81,9.0,3.0,0
2024-10-15,Torta de limão (fatia),Doces,9,11.0,3.5,0
2024-10-16,Baguete,Pães,41,8.0,2.6,0
2024-10-16,Bolo de cenoura (fatia),Doces,63,7.0,2.0,0
2024-10-16,Brigadeiro,Doces,61,3.0,0.9,0
2024-10-16,Coxinha,Salgados,205,6.38,2.3,1
2024-10-16,Croissant,Pães,57,7.0,2.4,0
2024-10-16,Empada de frango,Salgados,77,7.0,2.2,0
2024-10-16,Esfiha de carne,Salgados,109,6.5,2.0,0
2024-10-16,Misto quente,Lanches,51,9.0,3.0,0
2024-10-16,Pudim (fatia),Doces,21,10.0,3.2,0
2024-10-16,Pão de batata,Salgados,82,6.0,1.8,0
2024-10-16,Pão de forma caseiro,Pães,35,12.0,4.5,0
2024-10-16,Pão de queijo,Pães,209,3.5,1.1,0
2024-10-16,Pão francês,Pães,749,0.9,0.3,0
2024-10-16,Pão na chapa,Lanches,79,6.0,1.5,0
2024-10-16,Sanduíche natural,Lanches,87,14.0,5.5,0
2024-10-16,Sonho,Doces,47,6.0,1.9,0
2024-10-16,Suco de laranja natural,Bebidas,63,9.0,3.0,0
2024-10-16,Torta de limão (fatia),Doces,19,9.35,3.5,1
2024-10-17,Baguete,Pães,45,8.0,2.6,0
2024-10-17,Bolo de cenoura (fatia),Doces,50,7.0,2.0,0
2024-10-17,Brigadeiro,Doces,111,3.0,0.9,0
2024-10-17,Coxinha,Salgados,143,7.5,2.3,0
2024-10-17,Croissant,Pães,76,7.0,2.4,0
2024-10-17,Empada de frango,Salgados,31,7.0,2.2,0
2024-10-17,Esfiha de carne,Salgados,128,6.5,2.0,0
2024-10-17,Misto quente,Lanches,119,9.0,3.0,0
2024-10-17,Pudim (fatia),Doces,17,10.0,3.2,0
2024-10-17,Pão de batata,Salgados,80,6.0,1.8,0
2024-10-17,Pão de forma caseiro,Pães,38,10.2,4.5,1
2024-10-17,Pão de queijo,Pães,154,3.5,1.1,0
2024-10-17,Pão francês,Pães,832,0.9,0.3,0
2024-10-17,Pão na chapa,Lanches,95,6.0,1.5,0
2024-10-17,Sanduíche natural,Lanches,63,14.0,5.5,0
2024-10-17,Sonho,Doces,39,6.0,1.9,0
2024-10-17,Suco de laranja natural,Bebidas,61,9.0,3.0,0
2024-10-17,Torta de limão (fatia),Doces,14,11.0,3.5,0
2024-10-18,Baguete,Pães,39,8.0,2.6,0
2024-10-18,Bolo de cenoura (fatia),Doces,29,7.0,2.0,0
2024-10-18,Brigadeiro,Doces,84,3.0,0.9,0
2024-10-18,Coxinha,Salgados,131,7.5,2.3,0
2024-10-18,Croissant,Pães,74,7.0,2.4,0
2024-10-18,Empada de frango,Salgados,79,7.0,2.2,0
2024-10-18,Esfiha de carne,Salgados,52,6.5,2.0,0
2024-10-18,Misto quente,Lanches,107,9.0,3.0,0
2024-10-18,Pudim (fatia),Doces,13,10.0,3.2,0
2024-10-18,Pão de batata,Salgados,159,5.1,1.8,1
2024-10-18,Pão de forma caseiro,Pães,11,12.0,4.5,0
2024-10-18,Pão de queijo,Pães,101,3.5,1.1,0
2024-10-18,Pão francês,Pães,797,0.9,0.3,0
2024-10-18,Pão na chapa,Lanches,97,6.0,1.5,0
2024-10-18,Sanduíche natural,Lanches,35,14.0,5.5,0
2024-10-18,Sonho,Doces,70,6.0,1.9,0
2024-10-18,Suco de laranja natural,Bebidas,63,9.0,3.0,0
2024-10-18,Torta de limão (fatia),Doces,38,11.0,3.5,0
2024-10-19,Baguete,Pães,30,8.0,2.6,0
2024-10-19,Bolo de cenoura (fatia),Doces,54,7.0,2.0,0
2024-10-19,Brigadeiro,Doces,170,3.0,0.9,0
2024-10-19,Coxinha,Salgados,108,7.5,2.3,0
2024-10-19,Croissant,Pães,65,7.0,2.4,0
2024-10-19,Empada de frango,Salgados,73,7.0,2.2,0
2024-10-19,Esfiha de carne,Salgados,61,6.5,2.0,0
2024-10-19,Misto quente,Lanches,39,9.0,3.0,0
2024-10-19,Pudim (fatia),Doces,38,10.0,3.2,0
2024-10-19,Pão de batata,Salgados,47,6.0,1.8,0
2024-10-19,Pão de forma caseiro,Pães,38,12.0,4.5,0
2024-10-19,Pão de queijo,Pães,214,3.5,1.1,0
2024-10-19,Pão francês,Pães,1032,0.9,0.3,0
2024-10-19,Pão na chapa,Lanches,126,6.0,1.5,0
2024-10-19,Sanduíche natural,Lanches,93,11.9,5.5,1
2024-10-19,Sonho,Doces,65,6.0,1.9,0
2024-10-19,Suco de laranja natural,Bebidas,82,9.0,3.0,0
2024-10-19,Torta de limão (fatia),Doces,31,11.0,3.5,0
2024-10-20,Baguete,Pães,84,8.0,2.6,0
2024-10-20,Bolo de cenoura (fatia),Doces,68,7.0,2.0,0
2024-10-20,Brigadeiro,Doces,170,3.0,0.9,0
2024-10-20,Coxinha,Salgados,65,7.5,2.3,0
2024-10-20,Croissant,Pães,64,7.0,2.4,0
2024-10-20,Empada de frango,Salgados,46,7.0,2.2,0
2024-10-20,Esfiha de carne,Salgados,63,6.5,2.0,0
2024-10-20,Misto quente,Lanches,53,9.0,3.0,0
2024-10-20,Pudim (fatia),Doces,31,10.0,3.2,0
2024-10-20,Pão de batata,Salgados,42,6.0,1.8,0
2024-10-20,Pão de forma caseiro,Pães,35,12.0,4.5,0
2024-10-20,Pão de queijo,Pães,333,3.5,1.1,0
2024-10-20,Pão francês,Pães,1363,0.9,0.3,0
2024-10-20,Pão na chapa,Lanches,192,6.0,1.5,0
2024-10-20,Sanduíche natural,Lanches,47,14.0,5.5,0
2024-10-20,Sonho,Doces,78,6.0,1.9,0
2024-10-20,Suco de laranja natural,Bebidas,133,9.0,3.0,0
2024-10-20,Torta de limão (fatia),Doces,46,11.0,3.5,0
2024-10-21,Baguete,Pães,27,8.0,2.6,0
2024-10-21,Bolo de cenoura (fatia),Doces,29,5.95,2.0,1
2024-10-21,Brigadeiro,Doces,73,3.0,0.9,0
2024-10-21,Coxinha,Salgados,82,7.5,2.3,0
2024-10-21,Croissant,Pães,69,7.0,2.4,0
2024-10-21,Empada de frango,Salgados,84,7.0,2.2,0
2024-10-21,Esfiha de carne,Salgados,121,6.5,2.0,0
2024-10-21,Misto quente,Lanches,93,9.0,3.0,0
2024-10-21,Pudim (fatia),Doces,18,10.0,3.2,0
2024-10-21,Pão de batata,Salgados,89,6.0,1.8,0
2024-10-21,Pão de forma caseiro,Pães,20,12.0,4.5,0
2024-10-21,Pão de queijo,Pães,185,3.5,1.1,0
2024-10-21,Pão francês,Pães,1041,0.9,0.3,0
2024-10-21,Pão na chapa,Lanches,126,6.0,1.5,0
2024-10-21,Sanduíche natural,Lanches,71,14.0,5.5,0
2024-10-21,Sonho,Doces,87,6.0,1.9,0
2024-10-21,Suco de laranja natural,Bebidas,35,9.0,3.0,0
2024-10-21,Torta de limão (fatia),Doces,18,11.0,3.5,0
2024-10-22,Baguete,Pães,30,8.0,2.6,0
2024-10-22,Bolo de cenoura (fatia),Doces,27,7.0,2.0,0
2024-10-22,Brigadeiro,Doces,59,3.0,0.9,0
2024-10-22,Coxinha,Salgados,59,7.5,2.3,0
2024-10-22,Croissant,Pães,57,7.0,2.4,0
2024-10-22,Empada de frango,Salgados,65,7.0,2.2,0
2024-10-22,Esfiha de carne,Salgados,98,6.5,2.0,0
2024-10-22,Misto quente,Lanches,71,9.0,3.0,0
2024-10-22,Pudim (fatia),Doces,14,10.0,3.2,0
2024-10-22,Pão de batata,Salgados,44,6.0,1.8,0
2024-10-22,Pão de forma caseiro,Pães,23,12.0,4.5,0
2024-10-22,Pão de queijo,Pães,149,3.5,1.1,0
2024-10-22,Pão francês,Pães,768,0.9,0.3,0
2024-10-22,Pão na chapa,Lanches,100,6.0,1.5,0
2024-10-22,Sanduíche natural,Lanches,34,14.0,5.5,0
2024-10-22,Sonho,Doces,42,6.0,1.9,0
2024-10-22,Suco de laranja natural,Bebidas,45,9.0,3.0,0
2024-10-22,Torta de limão (fatia),Doces,23,11.0,3.5,0
2024-10-23,Baguete,Pães,46,8.0,2.6,0
2024-10-23,Bolo de cenoura (fatia),Doces,73,7.0,2.0,0
2024-10-23,Brigadeiro,Doces,105,3.0,0.9,0
2024-10-23,Coxinha,Salgados,132,7.5,2.3,0
2024-10-23,Croissant,Pães,81,7.0,2.4,0
2024-10-23,Empada de frango,Salgados,86,7.0,2.2,0
2024-10-23,Esfiha de carne,Salgados,85,6.5,2.0,0
2024-10-23,Misto quente,Lanches,60,9.0,3.0,0
2024-10-23,Pudim (fatia),Doces,19,10.0,3.2,0
2024-10-23,Pão de batata,Salgados,80,6.0,1.8,0
2024-10-23,Pão de forma caseiro,Pães,38,12.0,4.5,0
2024-10-23,Pão de queijo,Pães,153,3.5,1.1,0
2024-10-23,Pão francês,Pães,1220,0.9,0.3,0
2024-10-23,Pão na chapa,Lanches,63,6.0,1.5,0
2024-10-23,Sanduíche natural,Lanches,40,14.0,5.5,0
2024-10-23,Sonho,Doces,43,6.0,1.9,0
2024-10-23,Suco de laranja natural,Bebidas,69,9.0,3.0,0
2024-10-23,Torta de limão (fatia),Doces,30,11.0,3.5,0
2024-10-24,Baguete,Pães,32,8.0,2.6,0
2024-10-24,Bolo de cenoura (fatia),Doces,69,7.0,2.0,0
2024-10-24,Brigadeiro,Doces,84,3.0,0.9,0
2024-10-24,Coxinha,Salgados,126,7.5,2.3,0
2024-10-24,Croissant,Pães,77,7.0,2.4,0
2024-10-24,Empada de frango,Salgados,68,7.0,2.2,0
2024-10-24,Esfiha de carne,Salgados,105,6.5,2.0,0
2024-10-24,Misto quente,Lanches,91,9.0,3.0,0
2024-10-24,Pudim (fatia),Doces,31,10.0,3.2,0
2024-10-24,Pão de batata,Salgados,75,6.0,1.8,0
2024-10-24,Pão de forma caseiro,Pães,16,12.0,4.5,0
2024-10-24,Pão de queijo,Pães,161,3.5,1.1,0
2024-10-24,Pão francês,Pães,560,0.9,0.3,0
2024-10-24,Pão na chapa,Lanches,93,6.0,1.5,0
2024-10-24,Sanduíche natural,Lanches,53,14.0,5.5,0
2024-10-24,Sonho,Doces,56,6.0,1.9,0
2024-10-24,Suco de laranja natural,Bebidas,120,9.0,3.0,0
2024-10-24,Torta de limão (fatia),Doces,33,11.0,3.5,0
2024-10-25,Baguete,Pães,33,8.0,2.6,0
2024-10-25,Bolo de cenoura (fatia),Doces,77,7.0,2.0,0
2024-10-25,Brigadeiro,Doces,64,3.0,0.9,0
2024-10-25,Coxinha,Salgados,105,7.5,2.3,0
2024-10-25,Croissant,Pães,101,7.0,2.4,0
2024-10-25,Empada de frango,Salgados,42,7.0,2.2,0
2024-10-25,Esfiha de carne,Salgados,93,6.5,2.0,0
2024-10-25,Misto quente,Lanches,112,9.0,3.0,0
2024-10-25,Pudim (fatia),Doces,18,10.0,3.2,0
2024-10-25,Pão de batata,Salgados,110,6.0,1.8,0
2024-10-25,Pão de forma caseiro,Pães,32,12.0,4.5,0
2024-10-25,Pão de queijo,Pães,129,3.5,1.1,0
2024-10-25,Pão francês,Pães,830,0.9,0.3,0
2024-10-25,Pão na chapa,Lanches,98,6.0,1.5,0
2024-10-25,Sanduíche natural,Lanches,52,14.0,5.5,0
2024-10-25,Sonho,Doces,59,6.0,1.9,0
2024-10-25,Suco de laranja natural,Bebidas,103,9.0,3.0,0
2024-10-25,Torta de limão (fatia),Doces,36,11.0,3.5,0
2024-10-26,Baguete,Pães,35,8.0,2.6,0
2024-10-26,Bolo de cenoura (fatia),Doces,44,7.0,2.0,0
2024-10-26,Brigadeiro,Doces,160,3.0,0.9,0
2024-10-26,Coxinha,Salgados,112,7.5,2.3,0
2024-10-26,Croissant,Pães,38,7.0,2.4,0
2024-10-26,Empada de frango,Salgados,76,7.0,2.2,0
2024-10-26,Esfiha de carne,Salgados,77,6.5,2.0,0
2024-10-26,Misto quente,Lanches,63,9.0,3.0,0
2024-10-26,Pudim (fatia),Doces,39,10.0,3.2,0
2024-10-26,Pão de batata,Salgados,33,6.0,1.8,0
2024-10-26,Pão de forma caseiro,Pães,37,12.0,4.5,0
2024-10-26,Pão de queijo,Pães,117,3.5,1.1,0
2024-10-26,Pão francês,Pães,1156,0.9,0.3,0
2024-10-26,Pão na chapa,Lanches,171,6.0,1.5,0
2024-10-26,Sanduíche natural,Lanches,38,14.0,5.5,0
2024-10-26,Sonho,Doces,76,6.0,1.9,0
2024-10-26,Suco de laranja natural,Bebidas,178,9.0,3.0,0
2024-10-26,Torta de limão (fatia),Doces,33,11.0,3.5,0
2024-10-27,Baguete,Pães,90,8.0,2.6,0
2024-10-27,Bolo de cenoura (fatia),Doces,59,7.0,2.0,0
2024-10-27,Brigadeiro,Doces,193,2.55,0.9,1
2024-10-27,Coxinha,Salgados,100,7.5,2.3,0
2024-10-27,Croissant,Pães,35,7.0,2.4,0
2024-10-27,Empada de frango,Salgados,42,7.0,2.2,0
2024-10-27,Esfiha de carne,Salgados,63,6.5,2.0,0
2024-10-27,Misto quente,Lanches,59,9.0,3.0,0
2024-10-27,Pudim (fatia),Doces,47,10.0,3.2,0
2024-10-27,Pão de batata,Salgados,34,6.0,1.8,0
2024-10-27,Pão de forma caseiro,Pães,26,12.0,4.5,0
2024-10-27,Pão de queijo,Pães,287,3.5,1.1,0
2024-10-27,Pão francês,Pães,1384,0.9,0.3,0
2024-10-27,Pão na chapa,Lanches,134,6.0,1.5,0
2024-10-27,Sanduíche natural,Lanches,22,14.0,5.5,0
2024-10-27,Sonho,Doces,78,6.0,1.9,0
2024-10-27,Suco de laranja natural,Bebidas,87,9.0,3.0,0
2024-10-27,Torta de limão (fatia),Doces,25,11.0,3.5,0
2024-10-28,Baguete,Pães,15,8.0,2.6,0
2024-10-28,Bolo de cenoura (fatia),Doces,41,7.0,2.0,0
2024-10-28,Brigadeiro,Doces,72,3.0,0.9,0
2024-10-28,Coxinha,Salgados,140,7.5,2.3,0
2024-10-28,Croissant,Pães,51,7.0,2.4,0
2024-10-28,Empada de frango,Salgados,35,7.0,2.2,0
2024-10-28,Esfiha de carne,Salgados,117,5.52,2.0,1
2024-10-28,Misto quente,Lanches,91,9.0,3.0,0
2024-10-28,Pudim (fatia),Doces,22,10.0,3.2,0
2024-10-28,Pão de batata,Salgados,60,6.0,1.8,0
2024-10-28,Pão de forma caseiro,Pães,35,12.0,4.5,0
2024-10-28,Pão de queijo,Pães,199,3.5,1.1,0
2024-10-28,Pão francês,Pães,912,0.9,0.3,0
2024-10-28,Pão na chapa,Lanches,126,6.0,1.5,0
2024-10-28,Sanduíche natural,Lanches,51,14.0,5.5,0
2024-10-28,Sonho,Doces,49,6.0,1.9,0
2024-10-28,Suco de laranja natural,Bebidas,73,9.0,3.0,0
2024-10-28,Torta de limão (fatia),Doces,26,11.0,3.5,0
2024-10-29,Baguete,Pães,29,8.0,2.6,0
2024-10-29,Bolo de cenoura (fatia),Doces,31,7.0,2.0,0
2024-10-29,Brigadeiro,Doces,67,3.0,0.9,0
2024-10-29,Coxinha,Salgados,156,7.5,2.3,0
2024-10-29,Croissant,Pães,51,7.0,2.4,0
2024-10-29,Empada de frango,Salgados,50,7.0,2.2,0
2024-10-29,Esfiha de carne,Salgados,100,6.5,2.0,0
2024-10-29,Misto quente,Lanches,85,9.0,3.0,0
2024-10-29,Pudim (fatia),Doces,15,10.0,3.2,0
2024-10-29,Pão de batata,Salgados,53,6.0,1.8,0
2024-10-29,Pão de forma caseiro,Pães,14,12.0,4.5,0
2024-10-29,Pão de queijo,Pães,118,3.5,1.1,0
2024-10-29,Pão francês,Pães,681,0.9,0.3,0
2024-10-29,Pão na chapa,Lanches,86,6.0,1.5,0
2024-10-29,Sanduíche natural,Lanches,34,14.0,5.5,0
2024-10-29,Sonho,Doces,55,6.0,1.9,0
2024-10-29,Suco de laranja natural,Bebidas,69,9.0,3.0,0
2024-10-29,Torta de limão (fatia),Doces,30,11.0,3.5,0
2024-10-30,Baguete,Pães,47,8.0,2.6,0
2024-10-30,Bolo de cenoura (fatia),Doces,40,7.0,2.0,0
2024-10-30,Brigadeiro,Doces,88,3.0,0.9,0
2024-10-30,Coxinha,Salgados,119,7.5,2.3,0
2024-10-30,Croissant,Pães,51,7.0,2.4,0
2024-10-30,Empada de frango,Salgados,96,7.0,2.2,0
2024-10-30,Esfiha de carne,Salgados,83,6.5,2.0,0
2024-10-30,Misto quente,Lanches,91,9.0,3.0,0
2024-10-30,Pudim (fatia),Doces,20,10.0,3.2,0
2024-10-30,Pão de batata,Salgados,80,6.0,1.8,0
2024-10-30,Pão de forma caseiro,Pães,22,12.0,4.5,0
2024-10-30,Pão de queijo,Pães,200,3.5,1.1,0
2024-10-30,Pão francês,Pães,905,0.9,0.3,0
2024-10-30,Pão na chapa,Lanches,161,6.0,1.5,0
2024-10-30,Sanduíche natural,Lanches,32,14.0,5.5,0
2024-10-30,Sonho,Doces,61,6.0,1.9,0
2024-10-30,Suco de laranja natural,Bebidas,92,9.0,3.0,0
2024-10-30,Torta de limão (fatia),Doces,35,11.0,3.5,0
2024-10-31,Baguete,Pães,62,8.0,2.6,0
2024-10-31,Bolo de cenoura (fatia),Doces,55,7.0,2.0,0
2024-10-31,Brigadeiro,Doces,70,3.0,0.9,0
2024-10-31,Coxinha,Salgados,170,7.5,2.3,0
2024-10-31,Croissant,Pães,77,7.0,2.4,0
2024-10-31,Empada de frango,Salgados,72,7.0,2.2,0
2024-10-31,Esfiha de carne,Salgados,86,5.52,2.0,1
2024-10-31,Misto quente,Lanches,75,9.0,3.0,0
2024-10-31,Pudim (fatia),Doces,22,10.0,3.2,0
2024-10-31,Pão de batata,Salgados,62,6.0,1.8,0
2024-10-31,Pão de forma caseiro,Pães,15,12.0,4.5,0
2024-10-31,Pão de queijo,Pães,177,3.5,1.1,0
2024-10-31,Pão francês,Pães,1122,0.9,0.3,0
2024-10-31,Pão na chapa,Lanches,146,6.0,1.5,0
2024-10-31,Sanduíche natural,Lanches,42,14.0,5.5,0
2024-10-31,Sonho,Doces,30,6.0,1.9,0
2024-10-31,Suco de laranja natural,Bebidas,36,9.0,3.0,0
2024-10-31,Torta de limão (fatia),Doces,11,11.0,3.5,0
2024-11-01,Baguete,Pães,37,8.0,2.6,0
2024-11-01,Bolo de cenoura (fatia),Doces,45,7.0,2.0,0
2024-11-01,Brigadeiro,Doces,45,3.0,0.9,0
2024-11-01,Coxinha,Salgados,152,7.5,2.3,0
2024-11-01,Croissant,Pães,40,7.0,2.4,0
2024-11-01,Empada de frango,Salgados,101,7.0,2.2,0
2024-11-01,Esfiha de carne,Salgados,157,6.5,2.0,0
2024-11-01,Misto quente,Lanches,115,9.0,3.0,0
2024-11-01,Pudim (fatia),Doces,20,10.0,3.2,0
2024-11-01,Pão de batata,Salgados,30,6.0,1.8,0
2024-11-01,Pão de forma caseiro,Pães,17,12.0,4.5,0
2024-11-01,Pão de queijo,Pães,200,3.5,1.1,0
2024-11-01,Pão francês,Pães,1665,0.76,0.3,1
2024-11-01,Pão na chapa,Lanches,118,6.0,1.5,0
2024-11-01,Sanduíche natural,Lanches,70,14.0,5.5,0
2024-11-01,Sonho,Doces,46,6.0,1.9,0
2024-11-01,Suco de laranja natural,Bebidas,39,9.0,3.0,0
2024-11-01,Torta de limão (fatia),Doces,31,11.0,3.5,0
2024-11-02,Baguete,Pães,55,8.0,2.6,0
2024-11-02,Bolo de cenoura (fatia),Doces,71,7.0,2.0,0
2024-11-02,Brigadeiro,Doces,140,3.0,0.9,0
2024-11-02,Coxinha,Salgados,59,7.5,2.3,0
2024-11-02,Croissant,Pães,65,7.0,2.4,0
2024-11-02,Empada de frango,Salgados,53,7.0,2.2,0
2024-11-02,Esfiha de carne,Salgados,55,6.5,2.0,0
2024-11-02,Misto quente,Lanches,86,9.0,3.0,0
2024-11-02,Pudim (fatia),Doces,40,10.0,3.2,0
2024-11-02,Pão de batata,Salgados,101,6.0,1.8,0
2024-11-02,Pão de forma caseiro,Pães,28,12.0,4.5,0
2024-11-02,Pão de queijo,Pães,376,3.5,1.1,0
2024-11-02,Pão francês,Pães,980,0.9,0.3,0
2024-11-02,Pão na chapa,Lanches,154,6.0,1.5,0
2024-11-02,Sanduíche natural,Lanches,28,14.0,5.5,0
2024-11-02,Sonho,Doces,58,6.0,1.9,0
2024-11-02,Suco de laranja natural,Bebidas,83,9.0,3.0,0
2024-11-02,Torta de limão (fatia),Doces,41,11.0,3.5,0
2024-11-03,Baguete,Pães,37,8.0,2.6,0
2024-11-03,Bolo de cenoura (fatia),Doces,68,7.0,2.0,0
2024-11-03,Brigadeiro,Doces,78,3.0,0.9,0
2024-11-03,Coxinha,Salgados,78,7.5,2.3,0
2024-11-03,Croissant,Pães,75,7.0,2.4,0
2024-11-03,Empada de frango,Salgados,14,7.0,2.2,0
2024-11-03,Esfiha de carne,Salgados,40,5.52,2.0,1
2024-11-03,Misto quente,Lanches,47,9.0,3.0,0
2024-11-03,Pudim (fatia),Doces,15,10.0,3.2,0
2024-11-03,Pão de batata,Salgados,43,6.0,1.8,0
2024-11-03,Pão de forma caseiro,Pães,45,12.0,4.5,0
2024-11-03,Pão de queijo,Pães,229,3.5,1.1,0
2024-11-03,Pão francês,Pães,1211,0.9,0.3,0
2024-11-03,Pão na chapa,Lanches,245,6.0,1.5,0
2024-11-03,Sanduíche natural,Lanches,37,14.0,5.5,0
2024-11-03,Sonho,Doces,118,6.0,1.9,0
2024-11-03,Suco de laranja natural,Bebidas,91,9.0,3.0,0
2024-11-03,Torta de limão (fatia),Doces,48,11.0,3.5,0
2024-11-04,Baguete,Pães,45,8.0,2.6,0
2024-11-04,Bolo de cenoura (fatia),Doces,51,7.0,2.0,0
2024-11-04,Brigadeiro,Doces,63,3.0,0.9,0
2024-11-04,Coxinha,Salgados,123,7.5,2.3,0
2024-11-04,Croissant,Pães,102,7.0,2.4,0
2024-11-04,Empada de frango,Salgados,56,7.0,2.2,0
2024-11-04,Esfiha de carne,Salgados,94,6.5,2.0,0
2024-11-04,Misto quente,Lanches,39,9.0,3.0,0
2024-11-04,Pudim (fatia),Doces,19,10.0,3.2,0
2024-11-04,Pão de batata,Salgados,51,6.0,1.8,0
2024-11-04,Pão de forma caseiro,Pães,35,12.0,4.5,0
2024-11-04,Pão de queijo,Pães,180,3.5,1.1,0
2024-11-04,Pão francês,Pães,776,0.9,0.3,0
2024-11-04,Pão na chapa,Lanches,106,6.0,1.5,0
2024-11-04,Sanduíche natural,Lanches,25,14.0,5.5,0
2024-11-04,Sonho,Doces,80,6.0,1.9,0
2024-11-04,Suco de laranja natural,Bebidas,79,9.0,3.0,0
2024-11-04,Torta de limão (fatia),Doces,14,11.0,3.5,0
2024-11-05,Baguete,Pães,30,8.0,2.6,0
2024-11-05,Bolo de cenoura (fatia),Doces,74,7.0,2.0,0
2024-11-05,Brigadeiro,Doces,56,3.0,0.9,0
2024-11-05,Coxinha,Salgados,193,7.5,2.3,0
2024-11-05,Croissant,Pães,54,7.0,2.4,0
2024-11-05,Empada de frango,Salgados,76,7.0,2.2,0
2024-11-05,Esfiha de carne,Salgados,99,6.5,2.0,0
2024-11-05,Misto quente,Lanches,58,9.0,3.0,0
2024-11-05,Pudim (fatia),Doces,12,10.0,3.2,0
2024-11-05,Pão de batata,Salgados,81,6.0,1.8,0
2024-11-05,Pão de forma caseiro,Pães,27,12.0,4.5,0
2024-11-05,Pão de queijo,Pães,208,3.5,1.1,0
2024-11-05,Pão francês,Pães,825,0.9,0.3,0
2024-11-05,Pão na chapa,Lanches,129,5.1,1.5,1
2024-11-05,Sanduíche natural,Lanches,57,14.0,5.5,0
2024-11-05,Sonho,Doces,45,6.0,1.9,0
2024-11-05,Suco de laranja natural,Bebidas,80,9.0,3.0,0
2024-11-05,Torta de limão (fatia),Doces,33,11.0,3.5,0
2024-11-06,Baguete,Pães,23,8.0,2.6,0
2024-11-06,Bolo de cenoura (fatia),Doces,57,7.0,2.0,0
2024-11-06,Brigadeiro,Doces,69,3.0,0.9,0
2024-11-06,Coxinha,Salgados,87,7.5,2.3,0
2024-11-06,Croissant,Pães,56,7.0,2.4,0
2024-11-06,Empada de frango,Salgados,63,7.0,2.2,0
2024-11-06,Esfiha de carne,Salgados,102,6.5,2.0,0
2024-11-06,Misto quente,Lanches,106,9.0,3.0,0
2024-11-06,Pudim (fatia),Doces,16,10.0,3.2,0
2024-11-06,Pão de batata,Salgados,35,6.0,1.8,0
2024-11-06,Pão de forma caseiro,Pães,31,12.0,4.5,0
2024-11-06,Pão de queijo,Pães,188,3.5,1.1,0
2024-11-06,Pão francês,Pães,608,0.9,0.3,0
2024-11-06,Pão na chapa,Lanches,158,6.0,1.5,0
2024-11-06,Sanduíche natural,Lanches,36,14.0,5.5,0
2024-11-06,Sonho,Doces,35,6.0,1.9,0
2024-11-06,Suco de laranja natural,Bebidas,82,9.0,3.0,0
2024-11-06,Torta de limão (fatia),Doces,28,11.0,3.5,0
2024-11-07,Baguete,Pães,46,8.0,2.6,0
2024-11-07,Bolo de cenoura (fatia),Doces,41,7.0,2.0,0
2024-11-07,Brigadeiro,Doces,122,3.0,0.9,0
2024-11-07,Coxinha,Salgados,154,7.5,2.3,0
2024-11-07,Croissant,Pães,78,7.0,2.4,0
2024-11-07,Empada de frango,Salgados,107,5.95,2.2,1
2024-11-07,Esfiha de carne,Salgados,111,6.5,2.0,0
2024-11-07,Misto quente,Lanches,94,9.0,3.0,0
2024-11-07,Pudim (fatia),Doces,37,10.0,3.2,0
2024-11-07,Pão de batata,Salgados,71,6.0,1.8,0
2024-11-07,Pão de forma caseiro,Pães,22,12.0,4.5,0
2024-11-07,Pão de queijo,Pães,181,3.5,1.1,0
2024-11-07,Pão francês,Pães,827,0.9,0.3,0
2024-11-07,Pão na chapa,Lanches,108,6.0,1.5,0
2024-11-07,Sanduíche natural,Lanches,66,14.0,5.5,0
2024-11-07,Sonho,Doces,66,6.0,1.9,0
2024-11-07,Suco de laranja natural,Bebidas,86,9.0,3.0,0
2024-11-07,Torta de limão (fatia),Doces,37,11.0,3.5,0
2024-11-08,Baguete,Pães,52,8.0,2.6,0
2024-11-08,Bolo de cenoura (fatia),Doces,41,7.0,2.0,0
2024-11-08,Brigadeiro,Doces,95,3.0,0.9,0
2024-11-08,Coxinha,Salgados,190,7.5,2.3,0
2024-11-08,Croissant,Pães,59,7.0,2.4,0
2024-11-08,Empada de frango,Salgados,48,7.0,2.2,0
2024-11-08,Esfiha de carne,Salgados,91,6.5,2.0,0
2024-11-08,Misto quente,Lanches,71,9.0,3.0,0
2024-11-08,Pudim (fatia),Doces,56,10.0,3.2,0
2024-11-08,Pão de batata,Salgados,114,6.0,1.8,0
2024-11-08,Pão de forma caseiro,Pães,26,12.0,4.5,0
2024-11-08,Pão de queijo,Pães,192,3.5,1.1,0
2024-11-08,Pão francês,Pães,937,0.9,0.3,0
2024-11-08,Pão na chapa,Lanches,125,6.0,1.5,0
2024-11-08,Sanduíche natural,Lanches,50,14.0,5.5,0
2024-11-08,Sonho,Doces,56,6.0,1.9,0
2024-11-08,Suco de laranja natural,Bebidas,83,9.0,3.0,0
2024-11-08,Torta de limão (fatia),Doces,33,11.0,3.5,0
2024-11-09,Baguete,Pães,47,8.0,2.6,0
2024-11-09,Bolo de cenoura (fatia),Doces,58,7.0,2.0,0
2024-11-09,Brigadeiro,Doces,111,3.0,0.9,0
2024-11-09,Coxinha,Salgados,87,7.5,2.3,0
2024-11-09,Croissant,Pães,50,7.0,2.4,0
2024-11-09,Empada de frango,Salgados,55,7.0,2.2,0
2024-11-09,Esfiha de carne,Salgados,30,6.5,2.0,0
2024-11-09,Misto quente,Lanches,50,9.0,3.0,0
2024-11-09,Pudim (fatia),Doces,29,10.0,3.2,0
2024-11-09,Pão de batata,Salgados,61,6.0,1.8,0
2024-11-09,Pão de forma caseiro,Pães,40,12.0,4.5,0
2024-11-09,Pão de queijo,Pães,232,3.5,1.1,0
2024-11-09,Pão francês,Pães,1145,0.9,0.3,0
2024-11-09,Pão na chapa,Lanches,177,6.0,1.5,0
2024-11-09,Sanduíche natural,Lanches,29,14.0,5.5,0
2024-11-09,Sonho,Doces,91,6.0,1.9,0
2024-11-09,Suco de laranja natural,Bebidas,129,9.0,3.0,0
2024-11-09,Torta de limão (fatia),Doces,35,11.0,3.5,0
2024-11-10,Baguete,Pães,30,6.8,2.6,1
2024-11-10,Bolo de cenoura (fatia),Doces,75,7.0,2.0,0
2024-11-10,Brigadeiro,Doces,63,3.0,0.9,0
2024-11-10,Coxinha,Salgados,83,7.5,2.3,0
2024-11-10,Croissant,Pães,107,5.95,2.4,1
2024-11-10,Empada de frango,Salgados,85,5.95,2.2,1
2024-11-10,Esfiha de carne,Salgados,54,6.5,2.0,0
2024-11-10,Misto quente,Lanches,63,9.0,3.0,0
2024-11-10,Pudim (fatia),Doces,36,10.0,3.2,0
2024-11-10,Pão de batata,Salgados,52,6.0,1.8,0
2024-11-10,Pão de forma caseiro,Pães,31,12.0,4.5,0
2024-11-10,Pão de queijo,Pães,227,3.5,1.1,0
2024-11-10,Pão francês,Pães,1065,0.9,0.3,0
2024-11-10,Pão na chapa,Lanches,178,6.0,1.5,0
2024-11-10,Sanduíche natural,Lanches,28,14.0,5.5,0
2024-11-10,Sonho,Doces,93,6.0,1.9,0
2024-11-10,Suco de laranja natural,Bebidas,69,9.0,3.0,0
2024-11-10,Torta de limão (fatia),Doces,61,11.0,3.5,0
2024-11-11,Baguete,Pães,41,8.0,2.6,0
2024-11-11,Bolo de cenoura (fatia),Doces,44,7.0,2.0,0
2024-11-11,Brigadeiro,Doces,80,3.0,0.9,0
2024-11-11,Coxinha,Salgados,108,7.5,2.3,0
2024-11-11,Croissant,Pães,62,7.0,2.4,0
2024-11-11,Empada de frango,Salgados,74,7.0,2.2,0
2024-11-11,Esfiha de carne,Salgados,108,6.5,2.0,0
2024-11-11,Misto quente,Lanches,103,9.0,3.0,0
2024-11-11,Pudim (fatia),Doces,24,10.0,3.2,0
2024-11-11,Pão de batata,Salgados,73,6.0,1.8,0
2024-11-11,Pão de forma caseiro,Pães,19,12.0,4.5,0
2024-11-11,Pão de queijo,Pães,207,3.5,1.1,0
2024-11-11,Pão francês,Pães,731,0.9,0.3,0
2024-11-11,Pão na chapa,Lanches,143,6.0,1.5,0
2024-11-11,Sanduíche natural,Lanches,35,14.0,5.5,0
2024-11-11,Sonho,Doces,53,6.0,1.9,0
2024-11-11,Suco de laranja natural,Bebidas,75,9.0,3.0,0
2024-11-11,Torta de limão (fatia),Doces,26,11.0,3.5,0
2024-11-12,Baguete,Pães,36,8.0,2.6,0
2024-11-12,Bolo de cenoura (fatia),Doces,34,7.0,2.0,0
2024-11-12,Brigadeiro,Doces,29,3.0,0.9,0
2024-11-12,Coxinha,Salgados,91,7.5,2.3,0
2024-11-12,Croissant,Pães,71,7.0,2.4,0
2024-11-12,Empada de frango,Salgados,47,7.0,2.2,0
2024-11-12,Esfiha de carne,Salgados,48,6.5,2.0,0
2024-11-12,Misto quente,Lanches,46,9.0,3.0,0
2024-11-12,Pudim (fatia),Doces,21,10.0,3.2,0
2024-11-12,Pão de batata,Salgados,69,6.0,1.8,0
2024-11-12,Pão de forma caseiro,Pães,10,12.0,4.5,0
2024-11-12,Pão de queijo,Pães,160,3.5,1.1,0
2024-11-12,Pão francês,Pães,1221,0.9,0.3,0
2024-11-12,Pão na chapa,Lanches,87,6.0,1.5,0
2024-11-12,Sanduíche natural,Lanches,74,14.0,5.5,0
2024-11-12,Sonho,Doces,36,6.0,1.9,0
2024-11-12,Suco de laranja natural,Bebidas,66,9.0,3.0,0
2024-11-12,Torta de limão (fatia),Doces,25,11.0,3.5,0
2024-11-13,Baguete,Pães,43,6.8,2.6,1
2024-11-13,Bolo de cenoura (fatia),Doces,44,7.0,2.0,0
2024-11-13,Brigadeiro,Doces,138,3.0,0.9,0
2024-11-13,Coxinha,Salgados,123,7.5,2.3,0
2024-11-13,Croissant,Pães,44,7.0,2.4,0
2024-11-13,Empada de frango,Salgados,56,7.0,2.2,0
2024-11-13,Esfiha de carne,Salgados,93,6.5,2.0,0
2024-11-13,Misto quente,Lanches,110,9.0,3.0,0
2024-11-13,Pudim (fatia),Doces,15,10.0,3.2,0
2024-11-13,Pão de batata,Salgados,37,6.0,1.8,0
2024-11-13,Pão de forma caseiro,Pães,13,12.0,4.5,0
2024-11-13,Pão de queijo,Pães,350,2.98,1.1,1
2024-11-13,Pão francês,Pães,701,0.9,0.3,0
2024-11-13,Pão na chapa,Lanches,179,5.1,1.5,1
2024-11-13,Sanduíche natural,Lanches,48,14.0,5.5,0
2024-11-13,Sonho,Doces,40,6.0,1.9,0
2024-11-13,Suco de laranja natural,Bebidas,81,7.65,3.0,1
2024-11-13,Torta de limão (fatia),Doces,18,11.0,3.5,0
2024-11-14,Baguete,Pães,24,8.0,2.6,0
2024-11-14,Bolo de cenoura (fatia),Doces,33,7.0,2.0,0
2024-11-14,Brigadeiro,Doces,94,3.0,0.9,0
2024-11-14,Coxinha,Salgados,110,7.5,2.3,0
2024-11-14,Croissant,Pães,44,7.0,2.4,0
2024-11-14,Empada de frango,Salgados,85,7.0,2.2,0
2024-11-14,Esfiha de carne,Salgados,185,5.52,2.0,1
2024-11-14,Misto quente,Lanches,84,9.0,3.0,0
2024-11-14,Pudim (fatia),Doces,22,10.0,3.2,0
2024-11-14,Pão de batata,Salgados,49,6.0,1.8,0
2024-11-14,Pão de forma caseiro,Pães,45,10.2,4.5,1
2024-11-14,Pão de queijo,Pães,216,3.5,1.1,0
2024-11-14,Pão francês,Pães,766,0.9,0.3,0
2024-11-14,Pão na chapa,Lanches,142,6.0,1.5,0
2024-11-14,Sanduíche natural,Lanches,32,14.0,5.5,0
2024-11-14,Sonho,Doces,42,6.0,1.9,0
2024-11-14,Suco de laranja natural,Bebidas,115,9.0,3.0,0
2024-11-14,Torta de limão (fatia),Doces,37,11.0,3.5,0
2024-11-15,Baguete,Pães,86,8.0,2.6,0
2024-11-15,Bolo de cenoura (fatia),Doces,114,7.0,2.0,0
2024-11-15,Brigadeiro,Doces,193,3.0,0.9,0
2024-11-15,Coxinha,Salgados,76,7.5,2.3,0
2024-11-15,Croissant,Pães,93,7.0,2.4,0
2024-11-15,Empada de frango,Salgados,38,7.0,2.2,0
2024-11-15,Esfiha de carne,Salgados,68,6.5,2.0,0
2024-11-15,Misto quente,Lanches,71,9.0,3.0,0
2024-11-15,Pudim (fatia),Doces,41,10.0,3.2,0
2024-11-15,Pão de batata,Salgados,53,6.0,1.8,0
2024-11-15,Pão de forma caseiro,Pães,39,12.0,4.5,0
2024-11-15,Pão de queijo,Pães,309,3.5,1.1,0
2024-11-15,Pão francês,Pães,1428,0.9,0.3,0
2024-11-15,Pão na chapa,Lanches,134,6.0,1.5,0
2024-11-15,Sanduíche natural,Lanches,25,14.0,5.5,0
2024-11-15,Sonho,Doces,41,6.0,1.9,0
2024-11-15,Suco de laranja natural,Bebidas,100,9.0,3.0,0
2024-11-15,Torta de limão (fatia),Doces,46,11.0,3.5,0
2024-11-16,Baguete,Pães,50,8.0,2.6,0
2024-11-16,Bolo de cenoura (fatia),Doces,81,7.0,2.0,0
2024-11-16,Brigadeiro,Doces,67,3.0,0.9,0
2024-11-16,Coxinha,Salgados,156,7.5,2.3,0
2024-11-16,Croissant,Pães,58,7.0,2.4,0
2024-11-16,Empada de frango,Salgados,40,7.0,2.2,0
2024-11-16,Esfiha de carne,Salgados,53,6.5,2.0,0
2024-11-16,Misto quente,Lanches,65,9.0,3.0,0
2024-11-16,Pudim (fatia),Doces,18,10.0,3.2,0
2024-11-16,Pão de batata,Salgados,46,6.0,1.8,0
2024-11-16,Pão de forma caseiro,Pães,27,12.0,4.5,0
2024-11-16,Pão de queijo,Pães,186,3.5,1.1,0
2024-11-16,Pão francês,Pães,1087,0.9,0.3,0
2024-11-16,Pão na chapa,Lanches,116,6.0,1.5,0
2024-11-16,Sanduíche natural,Lanches,28,14.0,5.5,0
2024-11-16,Sonho,Doces,89,5.1,1.9,1
2024-11-16,Suco de laranja natural,Bebidas,57,9.0,3.0,0
2024-11-16,Torta de limão (fatia),Doces,21,11.0,3.5,0
2024-11-17,Baguete,Pães,49,8.0,2.6,0
2024-11-17,Bolo de cenoura (fatia),Doces,104,7.0,2.0,0
2024-11-17,Brigadeiro,Doces,112,3.0,0.9,0
2024-11-17,Coxinha,Salgados,131,7.5,2.3,0
2024-11-17,Croissant,Pães,64,7.0,2.4,0
2024-11-17,Empada de frango,Salgados,22,7.0,2.2,0
2024-11-17,Esfiha de carne,Salgados,53,6.5,2.0,0
2024-11-17,Misto quente,Lanches,49,9.0,3.0,0
2024-11-17,Pudim (fatia),Doces,46,10.0,3.2,0
2024-11-17,Pão de batata,Salgados,54,6.0,1.8,0
2024-11-17,Pão de forma caseiro,Pães,36,12.0,4.5,0
2024-11-17,Pão de queijo,Pães,347,3.5,1.1,0
2024-11-17,Pão francês,Pães,1152,0.9,0.3,0
2024-11-17,Pão na chapa,Lanches,110,6.0,1.5,0
2024-11-17,Sanduíche natural,Lanches,18,14.0,5.5,0
2024-11-17,Sonho,Doces,74,6.0,1.9,0
2024-11-17,Suco de laranja natural,Bebidas,111,9.0,3.0,0
2024-11-17,Torta de limão (fatia),Doces,31,11.0,3.5,0
2024-11-18,Baguete,Pães,36,8.0,2.6,0
2024-11-18,Bolo de cenoura (fatia),Doces,47,7.0,2.0,0
2024-11-18,Brigadeiro,Doces,74,3.0,0.9,0
2024-11-18,Coxinha,Salgados,182,6.38,2.3,1
2024-11-18,Croissant,Pães,67,7.0,2.4,0
2024-11-18,Empada de frango,Salgados,36,7.0,2.2,0
2024-11-18,Esfiha de carne,Salgados,77,6.5,2.0,0
2024-11-18,Misto quente,Lanches,74,9.0,3.0,0
2024-11-18,Pudim (fatia),Doces,17,10.0,3.2,0
2024-11-18,Pão de batata,Salgados,78,6.0,1.8,0
2024-11-18,Pão de forma caseiro,Pães,22,10.2,4.5,1
2024-11-18,Pão de queijo,Pães,203,3.5,1.1,0
2024-11-18,Pão francês,Pães,905,0.9,0.3,0
2024-11-18,Pão na chapa,Lanches,141,6.0,1.5,0
2024-11-18,Sanduíche natural,Lanches,31,14.0,5.5,0
2024-11-18,Sonho,Doces,67,6.0,1.9,0
2024-11-18,Suco de laranja natural,Bebidas,67,9.0,3.0,0
2024-11-18,Torta de limão (fatia),Doces,40,11.0,3.5,0
2024-11-19,Baguete,Pães,38,8.0,2.6,0
2024-11-19,Bolo de cenoura (fatia),Doces,70,7.0,2.0,0
2024-11-19,Brigadeiro,Doces,71,3.0,0.9,0
2024-11-19,Coxinha,Salgados,85,7.5,2.3,0
2024-11-19,Croissant,Pães,28,7.0,2.4,0
2024-11-19,Empada de frango,Salgados,70,7.0,2.2,0
2024-11-19,Esfiha de carne,Salgados,76,6.5,2.0,0
2024-11-19,Misto quente,Lanches,83,9.0,3.0,0
2024-11-19,Pudim (fatia),Doces,24,10.0,3.2,0
2024-11-19,Pão de batata,Salgados,105,6.0,1.8,0
2024-11-19,Pão de forma caseiro,Pães,26,12.0,4.5,0
2024-11-19,Pão de queijo,Pães,189,3.5,1.1,0
2024-11-19,Pão francês,Pães,1067,0.9,0.3,0
2024-11-19,Pão na chapa,Lanches,154,6.0,1.5,0
2024-11-19,Sanduíche natural,Lanches,67,14.0,5.5,0
2024-11-19,Sonho,Doces,34,6.0,1.9,0
2024-11-19,Suco de laranja natural,Bebidas,76,9.0,3.0,0
2024-11-19,Torta de limão (fatia),Doces,15,11.0,3.5,0
2024-11-20,Baguete,Pães,71,8.0,2.6,0
2024-11-20,Bolo de cenoura (fatia),Doces,87,7.0,2.0,0
2024-11-20,Brigadeiro,Doces,184,3.0,0.9,0
2024-11-20,Coxinha,Salgados,80,7.5,2.3,0
2024-11-20,Croissant,Pães,54,7.0,2.4,0
2024-11-20,Empada de frango,Salgados,29,7.0,2.2,0
2024-11-20,Esfiha de carne,Salgados,76,6.5,2.0,0
2024-11-20,Misto quente,Lanches,62,9.0,3.0,0
2024-11-20,Pudim (fatia),Doces,20,10.0,3.2,0
2024-11-20,Pão de batata,Salgados,65,6.0,1.8,0
2024-11-20,Pão de forma caseiro,Pães,42,12.0,4.5,0
2024-11-20,Pão de queijo,Pães,362,3.5,1.1,0
2024-11-20,Pão francês,Pães,1677,0.9,0.3,0
2024-11-20,Pão na chapa,Lanches,118,6.0,1.5,0
2024-11-20,Sanduíche natural,Lanches,28,14.0,5.5,0
2024-11-20,Sonho,Doces,75,6.0,1.9,0
2024-11-20,Suco de laranja natural,Bebidas,192,9.0,3.0,0
2024-11-20,Torta de limão (fatia),Doces,30,11.0,3.5,0
2024-11-21,Baguete,Pães,28,8.0,2.6,0
2024-11-21,Bolo de cenoura (fatia),Doces,56,7.0,2.0,0
2024-11-21,Brigadeiro,Doces,45,3.0,0.9,0
2024-11-21,Coxinha,Salgados,130,7.5,2.3,0
2024-11-21,Croissant,Pães,87,7.0,2.4,0
2024-11-21,Empada de frango,Salgados,73,7.0,2.2,0
2024-11-21,Esfiha de carne,Salgados,53,6.5,2.0,0
2024-11-21,Misto quente,Lanches,59,9.0,3.0,0
2024-11-21,Pudim (fatia),Doces,35,10.0,3.2,0
2024-11-21,Pão de batata,Salgados,47,6.0,1.8,0
2024-11-21,Pão de forma caseiro,Pães,16,12.0,4.5,0
2024-11-21,Pão de queijo,Pães,231,3.5,1.1,0
2024-11-21,Pão francês,Pães,1013,0.9,0.3,0
2024-11-21,Pão na chapa,Lanches,99,6.0,1.5,0
2024-11-21,Sanduíche natural,Lanches,57,14.0,5.5,0
2024-11-21,Sonho,Doces,54,6.0,1.9,0
2024-11-21,Suco de laranja natural,Bebidas,83,9.0,3.0,0
2024-11-21,Torta de limão (fatia),Doces,36,11.0,3.5,0
2024-11-22,Baguete,Pães,49,8.0,2.6,0
2024-11-22,Bolo de cenoura (fatia),Doces,55,7.0,2.0,0
2024-11-22,Brigadeiro,Doces,88,3.0,0.9,0
2024-11-22,Coxinha,Salgados,118,7.5,2.3,0
2024-11-22,Croissant,Pães,54,7.0,2.4,0
2024-11-22,Empada de frango,Salgados,64,7.0,2.2,0
2024-11-22,Esfiha de carne,Salgados,57,6.5,2.0,0
2024-11-22,Misto quente,Lanches,102,9.0,3.0,0
2024-11-22,Pudim (fatia),Doces,34,10.0,3.2,0
2024-11-22,Pão de batata,Salgados,43,6.0,1.8,0
2024-11-22,Pão de forma caseiro,Pães,26,12.0,4.5,0
2024-11-22,Pão de queijo,Pães,260,3.5,1.1,0
2024-11-22,Pão francês,Pães,1091,0.9,0.3,0
2024-11-22,Pão na chapa,Lanches,124,6.0,1.5,0
2024-11-22,Sanduíche natural,Lanches,45,14.0,5.5,0
2024-11-22,Sonho,Doces,38,6.0,1.9,0
2024-11-22,Suco de laranja natural,Bebidas,67,7.65,3.0,1
2024-11-22,Torta de limão (fatia),Doces,31,11.0,3.5,0
2024-11-23,Baguete,Pães,58,6.8,2.6,1
2024-11-23,Bolo de cenoura (fatia),Doces,52,7.0,2.0,0
2024-11-23,Brigadeiro,Doces,65,3.0,0.9,0
2024-11-23,Coxinha,Salgados,82,7.5,2.3,0
2024-11-23,Croissant,Pães,54,7.0,2.4,0
2024-11-23,Empada de frango,Salgados,60,7.0,2.2,0
2024-11-23,Esfiha de carne,Salgados,44,6.5,2.0,0
2024-11-23,Misto quente,Lanches,78,9.0,3.0,0
2024-11-23,Pudim (fatia),Doces,34,10.0,3.2,0
2024-11-23,Pão de batata,Salgados,72,6.0,1.8,0
2024-11-23,Pão de forma caseiro,Pães,27,12.0,4.5,0
2024-11-23,Pão de queijo,Pães,146,3.5,1.1,0
2024-11-23,Pão francês,Pães,1183,0.9,0.3,0
2024-11-23,Pão na chapa,Lanches,211,6.0,1.5,0
2024-11-23,Sanduíche natural,Lanches,37,14.0,5.5,0
2024-11-23,Sonho,Doces,60,6.0,1.9,0
2024-11-23,Suco de laranja natural,Bebidas,96,9.0,3.0,0
2024-11-23,Torta de limão (fatia),Doces,47,11.0,3.5,0
2024-11-24,Baguete,Pães,45,8.0,2.6,0
2024-11-24,Bolo de cenoura (fatia),Doces,58,7.0,2.0,0
2024-11-24,Brigadeiro,Doces,115,3.0,0.9,0
2024-11-24,Coxinha,Salgados,109,7.5,2.3,0
2024-11-24,Croissant,Pães,86,7.0,2.4,0
2024-11-24,Empada de frango,Salgados,35,7.0,2.2,0
2024-11-24,Esfiha de carne,Salgados,64,5.52,2.0,1
2024-11-24,Misto quente,Lanches,47,9.0,3.0,0
2024-11-24,Pudim (fatia),Doces,34,10.0,3.2,0
2024-11-24,Pão de batata,Salgados,26,6.0,1.8,0
2024-11-24,Pão de forma caseiro,Pães,48,12.0,4.5,0
2024-11-24,Pão de queijo,Pães,205,3.5,1.1,0
2024-11-24,Pão francês,Pães,1503,0.76,0.3,1
2024-11-24,Pão na chapa,Lanches,341,5.1,1.5,1
2024-11-24,Sanduíche natural,Lanches,36,14.0,5.5,0
2024-11-24,Sonho,Doces,72,6.0,1.9,0
2024-11-24,Suco de laranja natural,Bebidas,81,9.0,3.0,0
2024-11-24,Torta de limão (fatia),Doces,61,11.0,3.5,0
2024-11-25,Baguete,Pães,20,8.0,2.6,0
2024-11-25,Bolo de cenoura (fatia),Doces,46,7.0,2.0,0
2024-11-25,Brigadeiro,Doces,94,3.0,0.9,0
2024-11-25,Coxinha,Salgados,87,7.5,2.3,0
2024-11-25,Croissant,Pães,63,7.0,2.4,0
2024-11-25,Empada de frango,Salgados,80,7.0,2.2,0
2024-11-25,Esfiha de carne,Salgados,100,6.5,2.0,0
2024-11-25,Misto quente,Lanches,115,9.0,3.0,0
2024-11-25,Pudim (fatia),Doces,27,10.0,3.2,0
2024-11-25,Pão de batata,Salgados,75,6.0,1.8,0
2024-11-25,Pão de forma caseiro,Pães,34,12.0,4.5,0
2024-11-25,Pão de queijo,Pães,152,3.5,1.1,0
2024-11-25,Pão francês,Pães,781,0.9,0.3,0
2024-11-25,Pão na chapa,Lanches,84,6.0,1.5,0
2024-11-25,Sanduíche natural,Lanches,41,14.0,5.5,0
2024-11-25,Sonho,Doces,48,6.0,1.9,0
2024-11-25,Suco de laranja natural,Bebidas,80,9.0,3.0,0
2024-11-25,Torta de limão (fatia),Doces,44,11.0,3.5,0
2024-11-26,Baguete,Pães,56,8.0,2.6,0
2024-11-26,Bolo de cenoura (fatia),Doces,64,7.0,2.0,0
2024-11-26,Brigadeiro,Doces,65,2.55,0.9,1
2024-11-26,Coxinha,Salgados,129,7.5,2.3,0
2024-11-26,Croissant,Pães,57,7.0,2.4,0
2024-11-26,Empada de frango,Salgados,79,7.0,2.2,0
2024-11-26,Esfiha de carne,Salgados,91,6.5,2.0,0
2024-11-26,Misto quente,Lanches,99,9.0,3.0,0
2024-11-26,Pudim (fatia),Doces,21,10.0,3.2,0
2024-11-26,Pão de batata,Salgados,102,5.1,1.8,1
2024-11-26,Pão de forma caseiro,Pães,16,12.0,4.5,0
2024-11-26,Pão de queijo,Pães,189,3.5,1.1,0
2024-11-26,Pão francês,Pães,700,0.9,0.3,0
2024-11-26,Pão na chapa,Lanches,103,6.0,1.5,0
2024-11-26,Sanduíche natural,Lanches,51,14.0,5.5,0
2024-11-26,Sonho,Doces,62,6.0,1.9,0
2024-11-26,Suco de laranja natural,Bebidas,70,9.0,3.0,0
2024-11-26,Torta de limão (fatia),Doces,29,11.0,3.5,0
2024-11-27,Baguete,Pães,32,8.0,2.6,0
2024-11-27,Bolo de cenoura (fatia),Doces,41,7.0,2.0,0
2024-11-27,Brigadeiro,Doces,57,3.0,0.9,0
2024-11-27,Coxinha,Salgados,113,7.5,2.3,0
2024-11-27,Croissant,Pães,54,7.0,2.4,0
2024-11-27,Empada de frango,Salgados,103,5.95,2.2,1
2024-11-27,Esfiha de carne,Salgados,102,6.5,2.0,0
2024-11-27,Misto quente,Lanches,76,9.0,3.0,0
2024-11-27,Pudim (fatia),Doces,34,10.0,3.2,0
2024-11-27,Pão de batata,Salgados,92,6.0,1.8,0
2024-11-27,Pão de forma caseiro,Pães,36,12.0,4.5,0
2024-11-27,Pão de queijo,Pães,120,3.5,1.1,0
2024-11-27,Pão francês,Pães,942,0.9,0.3,0
2024-11-27,Pão na chapa,Lanches,120,6.0,1.5,0
2024-11-27,Sanduíche natural,Lanches,56,14.0,5.5,0
2024-11-27,Sonho,Doces,58,6.0,1.9,0
2024-11-27,Suco de laranja natural,Bebidas,51,9.0,3.0,0
2024-11-27,Torta de limão (fatia),Doces,50,11.0,3.5,0
2024-11-28,Baguete,Pães,20,8.0,2.6,0
2024-11-28,Bolo de cenoura (fatia),Doces,28,7.0,2.0,0
2024-11-28,Brigadeiro,Doces,86,3.0,0.9,0
2024-11-28,Coxinha,Salgados,113,7.5,2.3,0
2024-11-28,Croissant,Pães,107,7.0,2.4,0
2024-11-28,Empada de frango,Salgados,85,7.0,2.2,0
2024-11-28,Esfiha de carne,Salgados,58,6.5,2.0,0
2024-11-28,Misto quente,Lanches,26,9.0,3.0,0
2024-11-28,Pudim (fatia),Doces,30,10.0,3.2,0
2024-11-28,Pão de batata,Salgados,80,6.0,1.8,0
2024-11-28,Pão de forma caseiro,Pães,14,12.0,4.5,0
2024-11-28,Pão de queijo,Pães,163,3.5,1.1,0
2024-11-28,Pão francês,Pães,746,0.9,0.3,0
2024-11-28,Pão na chapa,Lanches,124,6.0,1.5,0
2024-11-28,Sanduíche natural,Lanches,34,14.0,5.5,0
2024-11-28,Sonho,Doces,47,6.0,1.9,0
2024-11-28,Suco de laranja natural,Bebidas,52,9.0,3.0,0
2024-11-28,Torta de limão (fatia),Doces,27,11.0,3.5,0
2024-11-29,Baguete,Pães,57,6.8,2.6,1
2024-11-29,Bolo de cenoura (fatia),Doces,61,7.0,2.0,0
2024-11-29,Brigadeiro,Doces,102,3.0,0.9,0
2024-11-29,Coxinha,Salgados,112,7.5,2.3,0
2024-11-29,Croissant,Pães,42,7.0,2.4,0
2024-11-29,Empada de frango,Salgados,108,7.0,2.2,0
2024-11-29,Esfiha de carne,Salgados,109,6.5,2.0,0
2024-11-29,Misto quente,Lanches,94,9.0,3.0,0
2024-11-29,Pudim (fatia),Doces,27,10.0,3.2,0
2024-11-29,Pão de batata,Salgados,117,6.0,1.8,0
2024-11-29,Pão de forma caseiro,Pães,34,12.0,4.5,0
2024-11-29,Pão de queijo,Pães,173,2.98,1.1,1
2024-11-29,Pão francês,Pães,1095,0.9,0.3,0
2024-11-29,Pão na chapa,Lanches,75,6.0,1.5,0
2024-11-29,Sanduíche natural,Lanches,43,14.0,5.5,0
2024-11-29,Sonho,Doces,93,6.0,1.9,0
2024-11-29,Suco de laranja natural,Bebidas,65,9.0,3.0,0
2024-11-29,Torta de limão (fatia),Doces,16,11.0,3.5,0
2024-11-30,Baguete,Pães,40,8.0,2.6,0
2024-11-30,Bolo de cenoura (fatia),Doces,126,7.0,2.0,0
2024-11-30,Brigadeiro,Doces,117,3.0,0.9,0
2024-11-30,Coxinha,Salgados,85,7.5,2.3,0
2024-11-30,Croissant,Pães,64,7.0,2.4,0
2024-11-30,Empada de frango,Salgados,69,7.0,2.2,0
2024-11-30,Esfiha de carne,Salgados,46,6.5,2.0,0
2024-11-30,Misto quente,Lanches,45,9.0,3.0,0
2024-11-30,Pudim (fatia),Doces,36,10.0,3.2,0
2024-11-30,Pão de batata,Salgados,78,6.0,1.8,0
2024-11-30,Pão de forma caseiro,Pães,25,12.0,4.5,0
2024-11-30,Pão de queijo,Pães,236,3.5,1.1,0
2024-11-30,Pão francês,Pães,1869,0.9,0.3,0
2024-11-30,Pão na chapa,Lanches,114,6.0,1.5,0
2024-11-30,Sanduíche natural,Lanches,37,14.0,5.5,0
2024-11-30,Sonho,Doces,104,6.0,1.9,0
2024-11-30,Suco de laranja natural,Bebidas,124,7.65,3.0,1
2024-11-30,Torta de limão (fatia),Doces,47,9.35,3.5,1
2024-12-01,Baguete,Pães,79,8.0,2.6,0
2024-12-01,Bolo de cenoura (fatia),Doces,45,7.0,2.0,0
2024-12-01,Brigadeiro,Doces,234,3.0,0.9,0
2024-12-01,Coxinha,Salgados,93,7.5,2.3,0
2024-12-01,Croissant,Pães,87,7.0,2.4,0
2024-12-01,Empada de frango,Salgados,67,7.0,2.2,0
2024-12-01,Esfiha de carne,Salgados,49,6.5,2.0,0
2024-12-01,Misto quente,Lanches,56,9.0,3.0,0
2024-12-01,Pudim (fatia),Doces,41,10.0,3.2,0
2024-12-01,Pão de batata,Salgados,46,6.0,1.8,0
2024-12-01,Pão de forma caseiro,Pães,24,12.0,4.5,0
2024-12-01,Pão de queijo,Pães,257,3.5,1.1,0
2024-12-01,Pão francês,Pães,1681,0.9,0.3,0
2024-12-01,Pão na chapa,Lanches,146,6.0,1.5,0
2024-12-01,Sanduíche natural,Lanches,53,14.0,5.5,0
2024-12-01,Sonho,Doces,125,6.0,1.9,0
2024-12-01,Suco de laranja natural,Bebidas,180,9.0,3.0,0
2024-12-01,Torta de limão (fatia),Doces,37,11.0,3.5,0
2024-12-02,Baguete,Pães,44,6.8,2.6,1
2024-12-02,Bolo de cenoura (fatia),Doces,51,7.0,2.0,0
2024-12-02,Brigadeiro,Doces,50,3.0,0.9,0
2024-12-02,Coxinha,Salgados,135,7.5,2.3,0
2024-12-02,Croissant,Pães,79,7.0,2.4,0
2024-12-02,Empada de frango,Salgados,65,7.0,2.2,0
2024-12-02,Esfiha de carne,Salgados,99,6.5,2.0,0
2024-12-02,Misto quente,Lanches,75,9.0,3.0,0
2024-12-02,Pudim (fatia),Doces,26,10.0,3.2,0
2024-12-02,Pão de batata,Salgados,78,6.0,1.8,0
2024-12-02,Pão de forma caseiro,Pães,22,12.0,4.5,0
2024-12-02,Pão de queijo,Pães,181,3.5,1.1,0
2024-12-02,Pão francês,Pães,1223,0.9,0.3,0
2024-12-02,Pão na chapa,Lanches,123,6.0,1.5,0
2024-12-02,Sanduíche natural,Lanches,70,14.0,5.5,0
2024-12-02,Sonho,Doces,38,6.0,1.9,0
2024-12-02,Suco de laranja natural,Bebidas,83,9.0,3.0,0
2024-12-02,Torta de limão (fatia),Doces,49,11.0,3.5,0
2024-12-03,Baguete,Pães,48,8.0,2.6,0
2024-12-03,Bolo de cenoura (fatia),Doces,24,7.0,2.0,0
2024-12-03,Brigadeiro,Doces,69,3.0,0.9,0
2024-12-03,Coxinha,Salgados,159,7.5,2.3,0
2024-12-03,Croissant,Pães,37,7.0,2.4,0
2024-12-03,Empada de frango,Salgados,106,7.0,2.2,0
2024-12-03,Esfiha de carne,Salgados,130,6.5,2.0,0
2024-12-03,Misto quente,Lanches,84,9.0,3.0,0
2024-12-03,Pudim (fatia),Doces,16,10.0,3.2,0
2024-12-03,Pão de batata,Salgados,79,6.0,1.8,0
2024-12-03,Pão de forma caseiro,Pães,27,12.0,4.5,0
2024-12-03,Pão de queijo,Pães,188,3.5,1.1,0
2024-12-03,Pão francês,Pães,1267,0.9,0.3,0
2024-12-03,Pão na chapa,Lanches,115,6.0,1.5,0
2024-12-03,Sanduíche natural,Lanches,60,14.0,5.5,0
2024-12-03,Sonho,Doces,44,6.0,1.9,0
2024-12-03,Suco de laranja natural,Bebidas,84,9.0,3.0,0
2024-12-03,Torta de limão (fatia),Doces,15,11.0,3.5,0
2024-12-04,Baguete,Pães,42,8.0,2.6,0
2024-12-04,Bolo de cenoura (fatia),Doces,77,7.0,2.0,0
2024-12-04,Brigadeiro,Doces,79,3.0,0.9,0
2024-12-04,Coxinha,Salgados,138,7.5,2.3,0
2024-12-04,Croissant,Pães,65,7.0,2.4,0
2024-12-04,Empada de frango,Salgados,108,7.0,2.2,0
2024-12-04,Esfiha de carne,Salgados,87,6.5,2.0,0
2024-12-04,Misto quente,Lanches,93,9.0,3.0,0
2024-12-04,Pudim (fatia),Doces,19,10.0,3.2,0
2024-12-04,Pão de batata,Salgados,94,6.0,1.8,0
2024-12-04,Pão de forma caseiro,Pães,22,12.0,4.5,0
2024-12-04,Pão de queijo,Pães,227,3.5,1.1,0
2024-12-04,Pão francês,Pães,1191,0.9,0.3,0
2024-12-04,Pão na chapa,Lanches,127,6.0,1.5,0
2024-12-04,Sanduíche natural,Lanches,95,14.0,5.5,0
2024-12-04,Sonho,Doces,41,6.0,1.9,0
2024-12-04,Suco de laranja natural,Bebidas,92,9.0,3.0,0
2024-12-04,Torta de limão (fatia),Doces,19,11.0,3.5,0
2024-12-05,Baguete,Pães,52,8.0,2.6,0
2024-12-05,Bolo de cenoura (fatia),Doces,50,7.0,2.0,0
2024-12-05,Brigadeiro,Doces,224,3.0,0.9,0
2024-12-05,Coxinha,Salgados,125,7.5,2.3,0
2024-12-05,Croissant,Pães,73,7.0,2.4,0
2024-12-05,Empada de frango,Salgados,155,7.0,2.2,0
2024-12-05,Esfiha de carne,Salgados,127,6.5,2.0,0
2024-12-05,Misto quente,Lanches,71,9.0,3.0,0
2024-12-05,Pudim (fatia),Doces,34,10.0,3.2,0
2024-12-05,Pão de batata,Salgados,55,6.0,1.8,0
2024-12-05,Pão de forma caseiro,Pães,24,12.0,4.5,0
2024-12-05,Pão de queijo,Pães,287,3.5,1.1,0
2024-12-05,Pão francês,Pães,1322,0.9,0.3,0
2024-12-05,Pão na chapa,Lanches,120,6.0,1.5,0
2024-12-05,Sanduíche natural,Lanches,51,14.0,5.5,0
2024-12-05,Sonho,Doces,61,6.0,1.9,0
2024-12-05,Suco de laranja natural,Bebidas,120,9.0,3.0,0
2024-12-05,Torta de limão (fatia),Doces,21,11.0,3.5,0
2024-12-06,Baguete,Pães,101,8.0,2.6,0
2024-12-06,Bolo de cenoura (fatia),Doces,75,7.0,2.0,0
2024-12-06,Brigadeiro,Doces,88,3.0,0.9,0
2024-12-06,Coxinha,Salgados,182,7.5,2.3,0
2024-12-06,Croissant,Pães,57,7.0,2.4,0
2024-12-06,Empada de frango,Salgados,90,7.0,2.2,0
2024-12-06,Esfiha de carne,Salgados,128,6.5,2.0,0
2024-12-06,Misto quente,Lanches,103,9.0,3.0,0
2024-12-06,Pudim (fatia),Doces,30,10.0,3.2,0
2024-12-06,Pão de batata,Salgados,140,6.0,1.8,0
2024-12-06,Pão de forma caseiro,Pães,45,12.0,4.5,0
2024-12-06,Pão de queijo,Pães,159,3.5,1.1,0
2024-12-06,Pão francês,Pães,1257,0.9,0.3,0
2024-12-06,Pão na chapa,Lanches,111,6.0,1.5,0
2024-12-06,Sanduíche natural,Lanches,39,14.0,5.5,0
2024-12-06,Sonho,Doces,68,6.0,1.9,0
2024-12-06,Suco de laranja natural,Bebidas,109,9.0,3.0,0
2024-12-06,Torta de limão (fatia),Doces,50,11.0,3.5,0
2024-12-07,Baguete,Pães,72,8.0,2.6,0
2024-12-07,Bolo de cenoura (fatia),Doces,82,7.0,2.0,0
2024-12-07,Brigadeiro,Doces,106,3.0,0.9,0
2024-12-07,Coxinha,Salgados,91,7.5,2.3,0
2024-12-07,Croissant,Pães,76,7.0,2.4,0
2024-12-07,Empada de frango,Salgados,77,7.0,2.2,0
2024-12-07,Esfiha de carne,Salgados,87,6.5,2.0,0
2024-12-07,Misto quente,Lanches,69,9.0,3.0,0
2024-12-07,Pudim (fatia),Doces,24,10.0,3.2,0
2024-12-07,Pão de batata,Salgados,65,6.0,1.8,0
2024-12-07,Pão de forma caseiro,Pães,23,12.0,4.5,0
2024-12-07,Pão de queijo,Pães,244,3.5,1.1,0
2024-12-07,Pão francês,Pães,1317,0.9,0.3,0
2024-12-07,Pão na chapa,Lanches,141,6.0,1.5,0
2024-12-07,Sanduíche natural,Lanches,62,14.0,5.5,0
2024-12-07,Sonho,Doces,82,6.0,1.9,0
2024-12-07,Suco de laranja natural,Bebidas,154,9.0,3.0,0
2024-12-07,Torta de limão (fatia),Doces,71,11.0,3.5,0
2024-12-08,Baguete,Pães,43,8.0,2.6,0
2024-12-08,Bolo de cenoura (fatia),Doces,71,7.0,2.0,0
2024-12-08,Brigadeiro,Doces,140,3.0,0.9,0
2024-12-08,Coxinha,Salgados,140,7.5,2.3,0
2024-12-08,Croissant,Pães,106,7.0,2.4,0
2024-12-08,Empada de frango,Salgados,31,7.0,2.2,0
2024-12-08,Esfiha de carne,Salgados,54,6.5,2.0,0
2024-12-08,Misto quente,Lanches,39,9.0,3.0,0
2024-12-08,Pudim (fatia),Doces,73,8.5,3.2,1
2024-12-08,Pão de batata,Salgados,14,6.0,1.8,0
2024-12-08,Pão de forma caseiro,Pães,41,12.0,4.5,0
2024-12-08,Pão de queijo,Pães,395,3.5,1.1,0
2024-12-08,Pão francês,Pães,1224,0.9,0.3,0
2024-12-08,Pão na chapa,Lanches,230,6.0,1.5,0
2024-12-08,Sanduíche natural,Lanches,15,14.0,5.5,0
2024-12-08,Sonho,Doces,79,6.0,1.9,0
2024-12-08,Suco de laranja natural,Bebidas,105,9.0,3.0,0
2024-12-08,Torta de limão (fatia),Doces,31,11.0,3.5,0
2024-12-09,Baguete,Pães,29,8.0,2.6,0
2024-12-09,Bolo de cenoura (fatia),Doces,63,7.0,2.0,0
2024-12-09,Brigadeiro,Doces,106,3.0,0.9,0
2024-12-09,Coxinha,Salgados,163,7.5,2.3,0
2024-12-09,Croissant,Pães,58,7.0,2.4,0
2024-12-09,Empada de frango,Salgados,77,7.0,2.2,0
2024-12-09,Esfiha de carne,Salgados,109,6.5,2.0,0
2024-12-09,Misto quente,Lanches,112,9.0,3.0,0
2024-12-09,Pudim (fatia),Doces,29,10.0,3.2,0
2024-12-09,Pão de batata,Salgados,90,6.0,1.8,0
2024-12-09,Pão de forma caseiro,Pães,17,12.0,4.5,0
2024-12-09,Pão de queijo,Pães,217,3.5,1.1,0
2024-12-09,Pão francês,Pães,838,0.9,0.3,0
2024-12-09,Pão na chapa,Lanches,126,5.1,1.5,1
2024-12-09,Sanduíche natural,Lanches,32,14.0,5.5,0
2024-12-09,Sonho,Doces,55,6.0,1.9,0
2024-12-09,Suco de laranja natural,Bebidas,55,9.0,3.0,0
2024-12-09,Torta de limão (fatia),Doces,42,11.0,3.5,0
2024-12-10,Baguete,Pães,25,6.8,2.6,1
2024-12-10,Bolo de cenoura (fatia),Doces,39,7.0,2.0,0
2024-12-10,Brigadeiro,Doces,100,3.0,0.9,0
2024-12-10,Coxinha,Salgados,134,7.5,2.3,0
2024-12-10,Croissant,Pães,98,7.0,2.4,0
2024-12-10,Empada de frango,Salgados,90,7.0,2.2,0
2024-12-10,Esfiha de carne,Salgados,61,6.5,2.0,0
2024-12-10,Misto quente,Lanches,51,9.0,3.0,0
2024-12-10,Pudim (fatia),Doces,13,10.0,3.2,0
2024-12-10,Pão de batata,Salgados,108,6.0,1.8,0
2024-12-10,Pão de forma caseiro,Pães,22,12.0,4.5,0
2024-12-10,Pão de queijo,Pães,219,3.5,1.1,0
2024-12-10,Pão francês,Pães,1343,0.9,0.3,0
2024-12-10,Pão na chapa,Lanches,101,6.0,1.5,0
2024-12-10,Sanduíche natural,Lanches,41,14.0,5.5,0
2024-12-10,Sonho,Doces,58,6.0,1.9,0
2024-12-10,Suco de laranja natural,Bebidas,83,9.0,3.0,0
2024-12-10,Torta de limão (fatia),Doces,30,11.0,3.5,0
2024-12-11,Baguete,Pães,52,8.0,2.6,0
2024-12-11,Bolo de cenoura (fatia),Doces,34,7.0,2.0,0
2024-12-11,Brigadeiro,Doces,98,3.0,0.9,0
2024-12-11,Coxinha,Salgados,121,7.5,2.3,0
2024-12-11,Croissant,Pães,61,7.0,2.4,0
2024-12-11,Empada de frango,Salgados,65,7.0,2.2,0
2024-12-11,Esfiha de carne,Salgados,91,6.5,2.0,0
2024-12-11,Misto quente,Lanches,143,9.0,3.0,0
2024-12-11,Pudim (fatia),Doces,29,10.0,3.2,0
2024-12-11,Pão de batata,Salgados,71,6.0,1.8,0
2024-12-11,Pão de forma caseiro,Pães,19,12.0,4.5,0
2024-12-11,Pão de queijo,Pães,170,3.5,1.1,0
2024-12-11,Pão francês,Pães,724,0.9,0.3,0
2024-12-11,Pão na chapa,Lanches,84,6.0,1.5,0
2024-12-11,Sanduíche natural,Lanches,62,11.9,5.5,1
2024-12-11,Sonho,Doces,75,6.0,1.9,0
2024-12-11,Suco de laranja natural,Bebidas,119,9.0,3.0,0
2024-12-11,Torta de limão (fatia),Doces,39,11.0,3.5,0
2024-12-12,Baguete,Pães,20,8.0,2.6,0
2024-12-12,Bolo de cenoura (fatia),Doces,49,7.0,2.0,0
2024-12-12,Brigadeiro,Doces,106,3.0,0.9,0
2024-12-12,Coxinha,Salgados,132,7.5,2.3,0
2024-12-12,Croissant,Pães,78,7.0,2.4,0
2024-12-12,Empada de frango,Salgados,119,7.0,2.2,0
2024-12-12,Esfiha de carne,Salgados,63,6.5,2.0,0
2024-12-12,Misto quente,Lanches,61,9.0,3.0,0
2024-12-12,Pudim (fatia),Doces,39,10.0,3.2,0
2024-12-12,Pão de batata,Salgados,62,6.0,1.8,0
2024-12-12,Pão de forma caseiro,Pães,26,12.0,4.5,0
2024-12-12,Pão de queijo,Pães,229,3.5,1.1,0
2024-12-12,Pão francês,Pães,1113,0.9,0.3,0
2024-12-12,Pão na chapa,Lanches,89,6.0,1.5,0
2024-12-12,Sanduíche natural,Lanches,61,14.0,5.5,0
2024-12-12,Sonho,Doces,88,6.0,1.9,0
2024-12-12,Suco de laranja natural,Bebidas,67,9.0,3.0,0
2024-12-12,Torta de limão (fatia),Doces,22,11.0,3.5,0
2024-12-13,Baguete,Pães,19,8.0,2.6,0
2024-12-13,Bolo de cenoura (fatia),Doces,26,7.0,2.0,0
2024-12-13,Brigadeiro,Doces,128,3.0,0.9,0
2024-12-13,Coxinha,Salgados,144,7.5,2.3,0
2024-12-13,Croissant,Pães,81,7.0,2.4,0
2024-12-13,Empada de frango,Salgados,80,7.0,2.2,0
2024-12-13,Esfiha de carne,Salgados,107,6.5,2.0,0
2024-12-13,Misto quente,Lanches,97,9.0,3.0,0
2024-12-13,Pudim (fatia),Doces,54,10.0,3.2,0
2024-12-13,Pão de batata,Salgados,104,6.0,1.8,0
2024-12-13,Pão de forma caseiro,Pães,11,12.0,4.5,0
2024-12-13,Pão de queijo,Pães,317,3.5,1.1,0
2024-12-13,Pão francês,Pães,1307,0.9,0.3,0
2024-12-13,Pão na chapa,Lanches,120,6.0,1.5,0
2024-12-13,Sanduíche natural,Lanches,36,14.0,5.5,0
2024-12-13,Sonho,Doces,33,6.0,1.9,0
2024-12-13,Suco de laranja natural,Bebidas,114,9.0,3.0,0
2024-12-13,Torta de limão (fatia),Doces,31,11.0,3.5,0
2024-12-14,Baguete,Pães,60,8.0,2.6,0
2024-12-14,Bolo de cenoura (fatia),Doces,68,7.0,2.0,0
2024-12-14,Brigadeiro,Doces,129,3.0,0.9,0
2024-12-14,Coxinha,Salgados,117,7.5,2.3,0
2024-12-14,Croissant,Pães,73,7.0,2.4,0
2024-12-14,Empada de frango,Salgados,33,7.0,2.2,0
2024-12-14,Esfiha de carne,Salgados,49,6.5,2.0,0
2024-12-14,Misto quente,Lanches,53,9.0,3.0,0
2024-12-14,Pudim (fatia),Doces,51,10.0,3.2,0
2024-12-14,Pão de batata,Salgados,48,6.0,1.8,0
2024-12-14,Pão de forma caseiro,Pães,36,12.0,4.5,0
2024-12-14,Pão de queijo,Pães,225,3.5,1.1,0
2024-12-14,Pão francês,Pães,1794,0.9,0.3,0
2024-12-14,Pão na chapa,Lanches,232,6.0,1.5,0
2024-12-14,Sanduíche natural,Lanches,27,14.0,5.5,0
2024-12-14,Sonho,Doces,73,6.0,1.9,0
2024-12-14,Suco de laranja natural,Bebidas,135,9.0,3.0,0
2024-12-14,Torta de limão (fatia),Doces,26,11.0,3.5,0
2024-12-15,Baguete,Pães,59,8.0,2.6,0
2024-12-15,Bolo de cenoura (fatia),Doces,67,7.0,2.0,0
2024-12-15,Brigadeiro,Doces,177,3.0,0.9,0
2024-12-15,Coxinha,Salgados,121,6.38,2.3,1
2024-12-15,Croissant,Pães,99,7.0,2.4,0
2024-12-15,Empada de frango,Salgados,44,7.0,2.2,0
2024-12-15,Esfiha de carne,Salgados,37,6.5,2.0,0
2024-12-15,Misto quente,Lanches,86,9.0,3.0,0
2024-12-15,Pudim (fatia),Doces,13,10.0,3.2,0
2024-12-15,Pão de batata,Salgados,77,6.0,1.8,0
2024-12-15,Pão de forma caseiro,Pães,39,12.0,4.5,0
2024-12-15,Pão de queijo,Pães,255,3.5,1.1,0
2024-12-15,Pão francês,Pães,1291,0.9,0.3,0
2024-12-15,Pão na chapa,Lanches,209,6.0,1.5,0
2024-12-15,Sanduíche natural,Lanches,29,14.0,5.5,0
2024-12-15,Sonho,Doces,96,6.0,1.9,0
2024-12-15,Suco de laranja natural,Bebidas,183,9.0,3.0,0
2024-12-15,Torta de limão (fatia),Doces,24,11.0,3.5,0
2024-12-16,Baguete,Pães,31,8.0,2.6,0
2024-12-16,Bolo de cenoura (fatia),Doces,28,7.0,2.0,0
2024-12-16,Brigadeiro,Doces,65,3.0,0.9,0
2024-12-16,Coxinha,Salgados,142,7.5,2.3,0
2024-12-16,Croissant,Pães,50,7.0,2.4,0
2024-12-16,Empada de frango,Salgados,53,7.0,2.2,0
2024-12-16,Esfiha de carne,Salgados,66,6.5,2.0,0
2024-12-16,Misto quente,Lanches,86,9.0,3.0,0
2024-12-16,Pudim (fatia),Doces,10,10.0,3.2,0
2024-12-16,Pão de batata,Salgados,114,6.0,1.8,0
2024-12-16,Pão de forma caseiro,Pães,28,12.0,4.5,0
2024-12-16,Pão de queijo,Pães,221,3.5,1.1,0
2024-12-16,Pão francês,Pães,999,0.9,0.3,0
2024-12-16,Pão na chapa,Lanches,169,6.0,1.5,0
2024-12-16,Sanduíche natural,Lanches,39,14.0,5.5,0
2024-12-16,Sonho,Doces,42,6.0,1.9,0
2024-12-16,Suco de laranja natural,Bebidas,85,9.0,3.0,0
2024-12-16,Torta de limão (fatia),Doces,39,11.0,3.5,0
2024-12-17,Baguete,Pães,31,8.0,2.6,0
2024-12-17,Bolo de cenoura (fatia),Doces,26,7.0,2.0,0
2024-12-17,Brigadeiro,Doces,37,3.0,0.9,0
2024-12-17,Coxinha,Salgados,156,7.5,2.3,0
2024-12-17,Croissant,Pães,69,7.0,2.4,0
2024-12-17,Empada de frango,Salgados,75,7.0,2.2,0
2024-12-17,Esfiha de carne,Salgados,67,6.5,2.0,0
2024-12-17,Misto quente,Lanches,88,9.0,3.0,0
2024-12-17,Pudim (fatia),Doces,43,10.0,3.2,0
2024-12-17,Pão de batata,Salgados,107,6.0,1.8,0
2024-12-17,Pão de forma caseiro,Pães,22,12.0,4.5,0
2024-12-17,Pão de queijo,Pães,180,3.5,1.1,0
2024-12-17,Pão francês,Pães,941,0.9,0.3,0
2024-12-17,Pão na chapa,Lanches,88,6.0,1.5,0
2024-12-17,Sanduíche natural,Lanches,50,14.0,5.5,0
2024-12-17,Sonho,Doces,40,6.0,1.9,0
2024-12-17,Suco de laranja natural,Bebidas,138,9.0,3.0,0
2024-12-17,Torta de limão (fatia),Doces,32,11.0,3.5,0
2024-12-18,Baguete,Pães,40,8.0,2.6,0
2024-12-18,Bolo de cenoura (fatia),Doces,70,7.0,2.0,0
2024-12-18,Brigadeiro,Doces,93,3.0,0.9,0
2024-12-18,Coxinha,Salgados,156,7.5,2.3,0
2024-12-18,Croissant,Pães,59,7.0,2.4,0
2024-12-18,Empada de frango,Salgados,127,7.0,2.2,0
2024-12-18,Esfiha de carne,Salgados,91,6.5,2.0,0
2024-12-18,Misto quente,Lanches,91,9.0,3.0,0
2024-12-18,Pudim (fatia),Doces,43,10.0,3.2,0
2024-12-18,Pão de batata,Salgados,129,6.0,1.8,0
2024-12-18,Pão de forma caseiro,Pães,20,12.0,4.5,0
2024-12-18,Pão de queijo,Pães,231,3.5,1.1,0
2024-12-18,Pão francês,Pães,1052,0.9,0.3,0
2024-12-18,Pão na chapa,Lanches,107,6.0,1.5,0
2024-12-18,Sanduíche natural,Lanches,73,11.9,5.5,1
2024-12-18,Sonho,Doces,66,6.0,1.9,0
2024-12-18,Suco de laranja natural,Bebidas,96,9.0,3.0,0
2024-12-18,Torta de limão (fatia),Doces,52,11.0,3.5,0
2024-12-19,Baguete,Pães,33,8.0,2.6,0
2024-12-19,Bolo de cenoura (fatia),Doces,44,7.0,2.0,0
2024-12-19,Brigadeiro,Doces,62,3.0,0.9,0
2024-12-19,Coxinha,Salgados,136,7.5,2.3,0
2024-12-19,Croissant,Pães,55,7.0,2.4,0
2024-12-19,Empada de frango,Salgados,57,7.0,2.2,0
2024-12-19,Esfiha de carne,Salgados,70,6.5,2.0,0
2024-12-19,Misto quente,Lanches,96,9.0,3.0,0
2024-12-19,Pudim (fatia),Doces,34,10.0,3.2,0
2024-12-19,Pão de batata,Salgados,75,6.0,1.8,0
2024-12-19,Pão de forma caseiro,Pães,8,12.0,4.5,0
2024-12-19,Pão de queijo,Pães,169,3.5,1.1,0
2024-12-19,Pão francês,Pães,975,0.9,0.3,0
2024-12-19,Pão na chapa,Lanches,78,6.0,1.5,0
2024-12-19,Sanduíche natural,Lanches,45,14.0,5.5,0
2024-12-19,Sonho,Doces,56,5.1,1.9,1
2024-12-19,Suco de laranja natural,Bebidas,50,9.0,3.0,0
2024-12-19,Torta de limão (fatia),Doces,48,11.0,3.5,0
2024-12-20,Baguete,Pães,52,8.0,2.6,0
2024-12-20,Bolo de cenoura (fatia),Doces,169,7.0,2.0,0
2024-12-20,Brigadeiro,Doces,165,3.0,0.9,0
2024-12-20,Coxinha,Salgados,235,7.5,2.3,0
2024-12-20,Croissant,Pães,92,7.0,2.4,0
2024-12-20,Empada de frango,Salgados,37,7.0,2.2,0
2024-12-20,Esfiha de carne,Salgados,138,6.5,2.0,0
2024-12-20,Misto quente,Lanches,81,9.0,3.0,0
2024-12-20,Pudim (fatia),Doces,36,10.0,3.2,0
2024-12-20,Pão de batata,Salgados,141,6.0,1.8,0
2024-12-20,Pão de forma caseiro,Pães,42,12.0,4.5,0
2024-12-20,Pão de queijo,Pães,159,3.5,1.1,0
2024-12-20,Pão francês,Pães,1195,0.9,0.3,0
2024-12-20,Pão na chapa,Lanches,115,6.0,1.5,0
2024-12-20,Sanduíche natural,Lanches,37,14.0,5.5,0
2024-12-20,Sonho,Doces,54,6.0,1.9,0
2024-12-20,Suco de laranja natural,Bebidas,154,9.0,3.0,0
2024-12-20,Torta de limão (fatia),Doces,79,11.0,3.5,0
2024-12-21,Baguete,Pães,56,8.0,2.6,0
2024-12-21,Bolo de cenoura (fatia),Doces,154,7.0,2.0,0
2024-12-21,Brigadeiro,Doces,325,3.0,0.9,0
2024-12-21,Coxinha,Salgados,131,7.5,2.3,0
2024-12-21,Croissant,Pães,73,7.0,2.4,0
2024-12-21,Empada de frango,Salgados,25,7.0,2.2,0
2024-12-21,Esfiha de carne,Salgados,42,6.5,2.0,0
2024-12-21,Misto quente,Lanches,73,9.0,3.0,0
2024-12-21,Pudim (fatia),Doces,71,10.0,3.2,0
2024-12-21,Pão de batata,Salgados,73,6.0,1.8,0
2024-12-21,Pão de forma caseiro,Pães,42,12.0,4.5,0
2024-12-21,Pão de queijo,Pães,244,3.5,1.1,0
2024-12-21,Pão francês,Pães,1418,0.9,0.3,0
2024-12-21,Pão na chapa,Lanches,209,6.0,1.5,0
2024-12-21,Sanduíche natural,Lanches,43,14.0,5.5,0
2024-12-21,Sonho,Doces,140,5.1,1.9,1
2024-12-21,Suco de laranja natural,Bebidas,92,9.0,3.0,0
2024-12-21,Torta de limão (fatia),Doces,61,11.0,3.5,0
2024-12-22,Baguete,Pães,64,8.0,2.6,0
2024-12-22,Bolo de cenoura (fatia),Doces,64,7.0,2.0,0
2024-12-22,Brigadeiro,Doces,140,3.0,0.9,0
2024-12-22,Coxinha,Salgados,107,7.5,2.3,0
2024-12-22,Croissant,Pães,89,7.0,2.4,0
2024-12-22,Empada de frango,Salgados,88,7.0,2.2,0
2024-12-22,Esfiha de carne,Salgados,97,6.5,2.0,0
2024-12-22,Misto quente,Lanches,86,9.0,3.0,0
2024-12-22,Pudim (fatia),Doces,59,10.0,3.2,0
2024-12-22,Pão de batata,Salgados,45,6.0,1.8,0
2024-12-22,Pão de forma caseiro,Pães,69,12.0,4.5,0
2024-12-22,Pão de queijo,Pães,334,3.5,1.1,0
2024-12-22,Pão francês,Pães,1476,0.9,0.3,0
2024-12-22,Pão na chapa,Lanches,298,6.0,1.5,0
2024-12-22,Sanduíche natural,Lanches,51,14.0,5.5,0
2024-12-22,Sonho,Doces,141,6.0,1.9,0
2024-12-22,Suco de laranja natural,Bebidas,170,9.0,3.0,0
2024-12-22,Torta de limão (fatia),Doces,71,11.0,3.5,0
2024-12-23,Baguete,Pães,56,8.0,2.6,0
2024-12-23,Bolo de cenoura (fatia),Doces,67,7.0,2.0,0
2024-12-23,Brigadeiro,Doces,58,3.0,0.9,0
2024-12-23,Coxinha,Salgados,219,7.5,2.3,0
2024-12-23,Croissant,Pães,44,7.0,2.4,0
2024-12-23,Empada de frango,Salgados,53,7.0,2.2,0
2024-12-23,Esfiha de carne,Salgados,83,6.5,2.0,0
2024-12-23,Misto quente,Lanches,105,9.0,3.0,0
2024-12-23,Pudim (fatia),Doces,59,8.5,3.2,1
2024-12-23,Pão de batata,Salgados,68,6.0,1.8,0
2024-12-23,Pão de forma caseiro,Pães,21,12.0,4.5,0
2024-12-23,Pão de queijo,Pães,160,3.5,1.1,0
2024-12-23,Pão francês,Pães,970,0.9,0.3,0
2024-12-23,Pão na chapa,Lanches,195,6.0,1.5,0
2024-12-23,Sanduíche natural,Lanches,82,14.0,5.5,0
2024-12-23,Sonho,Doces,97,6.0,1.9,0
2024-12-23,Suco de laranja natural,Bebidas,98,7.65,3.0,1
2024-12-23,Torta de limão (fatia),Doces,40,11.0,3.5,0
2024-12-24,Baguete,Pães,61,8.0,2.6,0
2024-12-24,Bolo de cenoura (fatia),Doces,61,7.0,2.0,0
2024-12-24,Brigadeiro,Doces,131,3.0,0.9,0
2024-12-24,Coxinha,Salgados,156,7.5,2.3,0
2024-12-24,Croissant,Pães,60,7.0,2.4,0
2024-12-24,Empada de frango,Salgados,85,7.0,2.2,0
2024-12-24,Esfiha de carne,Salgados,124,6.5,2.0,0
2024-12-24,Misto quente,Lanches,157,9.0,3.0,0
2024-12-24,Pudim (fatia),Doces,55,10.0,3.2,0
2024-12-24,Pão de batata,Salgados,86,6.0,1.8,0
2024-12-24,Pão de forma caseiro,Pães,80,12.0,4.5,0
2024-12-24,Pão de queijo,Pães,242,3.5,1.1,0
2024-12-24,Pão francês,Pães,882,0.9,0.3,0
2024-12-24,Pão na chapa,Lanches,147,6.0,1.5,0
2024-12-24,Sanduíche natural,Lanches,116,11.9,5.5,1
2024-12-24,Sonho,Doces,71,6.0,1.9,0
2024-12-24,Suco de laranja natural,Bebidas,89,9.0,3.0,0
2024-12-24,Torta de limão (fatia),Doces,29,11.0,3.5,0
2024-12-25,Baguete,Pães,101,8.0,2.6,0
2024-12-25,Bolo de cenoura (fatia),Doces,53,7.0,2.0,0
2024-12-25,Brigadeiro,Doces,214,3.0,0.9,0
2024-12-25,Coxinha,Salgados,142,7.5,2.3,0
2024-12-25,Croissant,Pães,54,7.0,2.4,0
2024-12-25,Empada de frango,Salgados,47,7.0,2.2,0
2024-12-25,Esfiha de carne,Salgados,61,6.5,2.0,0
2024-12-25,Misto quente,Lanches,54,9.0,3.0,0
2024-12-25,Pudim (fatia),Doces,74,10.0,3.2,0
2024-12-25,Pão de batata,Salgados,32,6.0,1.8,0
2024-12-25,Pão de forma caseiro,Pães,44,12.0,4.5,0
2024-12-25,Pão de queijo,Pães,232,3.5,1.1,0
2024-12-25,Pão francês,Pães,1767,0.9,0.3,0
2024-12-25,Pão na chapa,Lanches,153,6.0,1.5,0
2024-12-25,Sanduíche natural,Lanches,20,14.0,5.5,0
2024-12-25,Sonho,Doces,135,6.0,1.9,0
2024-12-25,Suco de laranja natural,Bebidas,232,9.0,3.0,0
2024-12-25,Torta de limão (fatia),Doces,67,11.0,3.5,0
2024-12-26,Baguete,Pães,72,8.0,2.6,0
2024-12-26,Bolo de cenoura (fatia),Doces,87,7.0,2.0,0
2024-12-26,Brigadeiro,Doces,69,3.0,0.9,0
2024-12-26,Coxinha,Salgados,209,7.5,2.3,0
2024-12-26,Croissant,Pães,84,7.0,2.4,0
2024-12-26,Empada de frango,Salgados,59,7.0,2.2,0
2024-12-26,Esfiha de carne,Salgados,47,6.5,2.0,0
2024-12-26,Misto quente,Lanches,107,9.0,3.0,0
2024-12-26,Pudim (fatia),Doces,48,10.0,3.2,0
2024-12-26,Pão de batata,Salgados,60,6.0,1.8,0
2024-12-26,Pão de forma caseiro,Pães,34,12.0,4.5,0
2024-12-26,Pão de queijo,Pães,181,3.5,1.1,0
2024-12-26,Pão francês,Pães,1034,0.9,0.3,0
2024-12-26,Pão na chapa,Lanches,148,6.0,1.5,0
2024-12-26,Sanduíche natural,Lanches,66,14.0,5.5,0
2024-12-26,Sonho,Doces,100,6.0,1.9,0
2024-12-26,Suco de laranja natural,Bebidas,97,9.0,3.0,0
2024-12-26,Torta de limão (fatia),Doces,56,11.0,3.5,0
2024-12-27,Baguete,Pães,55,8.0,2.6,0
2024-12-27,Bolo de cenoura (fatia),Doces,73,7.0,2.0,0
2024-12-27,Brigadeiro,Doces,178,3.0,0.9,0
2024-12-27,Coxinha,Salgados,118,7.5,2.3,0
2024-12-27,Croissant,Pães,53,7.0,2.4,0
2024-12-27,Empada de frango,Salgados,62,7.0,2.2,0
2024-12-27,Esfiha de carne,Salgados,207,5.52,2.0,1
2024-12-27,Misto quente,Lanches,82,9.0,3.0,0
2024-12-27,Pudim (fatia),Doces,27,10.0,3.2,0
2024-12-27,Pão de batata,Salgados,43,6.0,1.8,0
2024-12-27,Pão de forma caseiro,Pães,45,12.0,4.5,0
2024-12-27,Pão de queijo,Pães,281,3.5,1.1,0
2024-12-27,Pão francês,Pães,1368,0.9,0.3,0
2024-12-27,Pão na chapa,Lanches,77,6.0,1.5,0
2024-12-27,Sanduíche natural,Lanches,43,14.0,5.5,0
2024-12-27,Sonho,Doces,102,6.0,1.9,0
2024-12-27,Suco de laranja natural,Bebidas,126,9.0,3.0,0
2024-12-27,Torta de limão (fatia),Doces,47,11.0,3.5,0
2024-12-28,Baguete,Pães,88,8.0,2.6,0
2024-12-28,Bolo de cenoura (fatia),Doces,68,7.0,2.0,0
2024-12-28,Brigadeiro,Doces,216,3.0,0.9,0
2024-12-28,Coxinha,Salgados,114,7.5,2.3,0
2024-12-28,Croissant,Pães,125,7.0,2.4,0
2024-12-28,Empada de frango,Salgados,39,7.0,2.2,0
2024-12-28,Esfiha de carne,Salgados,77,6.5,2.0,0
2024-12-28,Misto quente,Lanches,74,9.0,3.0,0
2024-12-28,Pudim (fatia),Doces,37,10.0,3.2,0
2024-12-28,Pão de batata,Salgados,48,6.0,1.8,0
2024-12-28,Pão de forma caseiro,Pães,65,12.0,4.5,0
2024-12-28,Pão de queijo,Pães,308,3.5,1.1,0
2024-12-28,Pão francês,Pães,1214,0.9,0.3,0
2024-12-28,Pão na chapa,Lanches,123,6.0,1.5,0
2024-12-28,Sanduíche natural,Lanches,15,14.0,5.5,0
2024-12-28,Sonho,Doces,103,6.0,1.9,0
2024-12-28,Suco de laranja natural,Bebidas,109,9.0,3.0,0
2024-12-28,Torta de limão (fatia),Doces,64,11.0,3.5,0
2024-12-29,Baguete,Pães,97,8.0,2.6,0
2024-12-29,Bolo de cenoura (fatia),Doces,85,7.0,2.0,0
2024-12-29,Brigadeiro,Doces,330,3.0,0.9,0
2024-12-29,Coxinha,Salgados,104,7.5,2.3,0
2024-12-29,Croissant,Pães,89,7.0,2.4,0
2024-12-29,Empada de frango,Salgados,58,7.0,2.2,0
2024-12-29,Esfiha de carne,Salgados,99,6.5,2.0,0
2024-12-29,Misto quente,Lanches,54,9.0,3.0,0
2024-12-29,Pudim (fatia),Doces,59,10.0,3.2,0
2024-12-29,Pão de batata,Salgados,48,6.0,1.8,0
2024-12-29,Pão de forma caseiro,Pães,47,12.0,4.5,0
2024-12-29,Pão de queijo,Pães,332,3.5,1.1,0
2024-12-29,Pão francês,Pães,1233,0.9,0.3,0
2024-12-29,Pão na chapa,Lanches,194,6.0,1.5,0
2024-12-29,Sanduíche natural,Lanches,53,14.0,5.5,0
2024-12-29,Sonho,Doces,77,6.0,1.9,0
2024-12-29,Suco de laranja natural,Bebidas,170,9.0,3.0,0
2024-12-29,Torta de limão (fatia),Doces,80,11.0,3.5,0
2024-12-30,Baguete,Pães,35,8.0,2.6,0
2024-12-30,Bolo de cenoura (fatia),Doces,42,7.0,2.0,0
2024-12-30,Brigadeiro,Doces,121,2.55,0.9,1
2024-12-30,Coxinha,Salgados,198,7.5,2.3,0
2024-12-30,Croissant,Pães,114,7.0,2.4,0
2024-12-30,Empada de frango,Salgados,43,7.0,2.2,0
2024-12-30,Esfiha de carne,Salgados,141,5.52,2.0,1
2024-12-30,Misto quente,Lanches,98,7.65,3.0,1
2024-12-30,Pudim (fatia),Doces,52,10.0,3.2,0
2024-12-30,Pão de batata,Salgados,144,6.0,1.8,0
2024-12-30,Pão de forma caseiro,Pães,39,12.0,4.5,0
2024-12-30,Pão de queijo,Pães,282,2.98,1.1,1
2024-12-30,Pão francês,Pães,1006,0.9,0.3,0
2024-12-30,Pão na chapa,Lanches,140,6.0,1.5,0
2024-12-30,Sanduíche natural,Lanches,33,14.0,5.5,0
2024-12-30,Sonho,Doces,61,6.0,1.9,0
2024-12-30,Suco de laranja natural,Bebidas,98,9.0,3.0,0
2024-12-30,Torta de limão (fatia),Doces,43,11.0,3.5,0
2024-12-31,Baguete,Pães,76,8.0,2.6,0
2024-12-31,Bolo de cenoura (fatia),Doces,71,7.0,2.0,0
2024-12-31,Brigadeiro,Doces,197,3.0,0.9,0
2024-12-31,Coxinha,Salgados,168,7.5,2.3,0
2024-12-31,Croissant,Pães,48,7.0,2.4,0
2024-12-31,Empada de frango,Salgados,61,7.0,2.2,0
2024-12-31,Esfiha de carne,Salgados,84,6.5,2.0,0
2024-12-31,Misto quente,Lanches,143,9.0,3.0,0
2024-12-31,Pudim (fatia),Doces,42,10.0,3.2,0
2024-12-31,Pão de batata,Salgados,55,6.0,1.8,0
2024-12-31,Pão de forma caseiro,Pães,44,12.0,4.5,0
2024-12-31,Pão de queijo,Pães,308,3.5,1.1,0
2024-12-31,Pão francês,Pães,1370,0.9,0.3,0
2024-12-31,Pão na chapa,Lanches,151,6.0,1.5,0
2024-12-31,Sanduíche natural,Lanches,51,14.0,5.5,0
2024-12-31,Sonho,Doces,150,6.0,1.9,0
2024-12-31,Suco de laranja natural,Bebidas,129,9.0,3.0,0
2024-12-31,Torta de limão (fatia),Doces,81,11.0,3.5,0
2025-01-01,Baguete,Pães,100,8.0,2.6,0
2025-01-01,Bolo de cenoura (fatia),Doces,119,7.0,2.0,0
2025-01-01,Brigadeiro,Doces,128,3.0,0.9,0
2025-01-01,Coxinha,Salgados,49,7.5,2.3,0
2025-01-01,Croissant,Pães,60,7.0,2.4,0
2025-01-01,Empada de frango,Salgados,53,7.0,2.2,0
2025-01-01,Esfiha de carne,Salgados,77,6.5,2.0,0
2025-01-01,Misto quente,Lanches,62,9.0,3.0,0
2025-01-01,Pudim (fatia),Doces,38,10.0,3.2,0
2025-01-01,Pão de batata,Salgados,123,6.0,1.8,0
2025-01-01,Pão de forma caseiro,Pães,46,12.0,4.5,0
2025-01-01,Pão de queijo,Pães,320,3.5,1.1,0
2025-01-01,Pão francês,Pães,1789,0.9,0.3,0
2025-01-01,Pão na chapa,Lanches,184,6.0,1.5,0
2025-01-01,Sanduíche natural,Lanches,28,14.0,5.5,0
2025-01-01,Sonho,Doces,70,6.0,1.9,0
2025-01-01,Suco de laranja natural,Bebidas,182,9.0,3.0,0
2025-01-01,Torta de limão (fatia),Doces,67,11.0,3.5,0
2025-01-02,Baguete,Pães,31,8.0,2.6,0
2025-01-02,Bolo de cenoura (fatia),Doces,58,7.0,2.0,0
2025-01-02,Brigadeiro,Doces,114,3.0,0.9,0
2025-01-02,Coxinha,Salgados,183,7.5,2.3,0
2025-01-02,Croissant,Pães,51,7.0,2.4,0
2025-01-02,Empada de frango,Salgados,43,7.0,2.2,0
2025-01-02,Esfiha de carne,Salgados,55,6.5,2.0,0
2025-01-02,Misto quente,Lanches,51,9.0,3.0,0
2025-01-02,Pudim (fatia),Doces,29,10.0,3.2,0
2025-01-02,Pão de batata,Salgados,66,6.0,1.8,0
2025-01-02,Pão de forma caseiro,Pães,19,12.0,4.5,0
2025-01-02,Pão de queijo,Pães,184,3.5,1.1,0
2025-01-02,Pão francês,Pães,1395,0.76,0.3,1
2025-01-02,Pão na chapa,Lanches,174,5.1,1.5,1
2025-01-02,Sanduíche natural,Lanches,40,14.0,5.5,0
2025-01-02,Sonho,Doces,75,6.0,1.9,0
2025-01-02,Suco de laranja natural,Bebidas,89,9.0,3.0,0
2025-01-02,Torta de limão (fatia),Doces,35,9.35,3.5,1
2025-01-03,Baguete,Pães,42,8.0,2.6,0
2025-01-03,Bolo de cenoura (fatia),Doces,47,7.0,2.0,0
2025-01-03,Brigadeiro,Doces,116,3.0,0.9,0
2025-01-03,Coxinha,Salgados,184,7.5,2.3,0
2025-01-03,Croissant,Pães,86,7.0,2.4,0
2025-01-03,Empada de frango,Salgados,63,7.0,2.2,0
2025-01-03,Esfiha de carne,Salgados,112,6.5,2.0,0
2025-01-03,Misto quente,Lanches,55,9.0,3.0,0
2025-01-03,Pudim (fatia),Doces,39,10.0,3.2,0
2025-01-03,Pão de batata,Salgados,85,6.0,1.8,0
2025-01-03,Pão de forma caseiro,Pães,34,12.0,4.5,0
2025-01-03,Pão de queijo,Pães,175,3.5,1.1,0
2025-01-03,Pão francês,Pães,855,0.9,0.3,0
2025-01-03,Pão na chapa,Lanches,126,6.0,1.5,0
2025-01-03,Sanduíche natural,Lanches,47,14.0,5.5,0
2025-01-03,Sonho,Doces,72,6.0,1.9,0
2025-01-03,Suco de laranja natural,Bebidas,97,9.0,3.0,0
2025-01-03,Torta de limão (fatia),Doces,19,11.0,3.5,0
2025-01-04,Baguete,Pães,35,8.0,2.6,0
2025-01-04,Bolo de cenoura (fatia),Doces,50,7.0,2.0,0
2025-01-04,Brigadeiro,Doces,128,3.0,0.9,0
2025-01-04,Coxinha,Salgados,98,7.5,2.3,0
2025-01-04,Croissant,Pães,63,7.0,2.4,0
2025-01-04,Empada de frango,Salgados,51,7.0,2.2,0
2025-01-04,Esfiha de carne,Salgados,59,6.5,2.0,0
2025-01-04,Misto quente,Lanches,88,9.0,3.0,0
2025-01-04,Pudim (fatia),Doces,43,10.0,3.2,0
2025-01-04,Pão de batata,Salgados,33,6.0,1.8,0
2025-01-04,Pão de forma caseiro,Pães,48,12.0,4.5,0
2025-01-04,Pão de queijo,Pães,220,3.5,1.1,0
2025-01-04,Pão francês,Pães,995,0.9,0.3,0
2025-01-04,Pão na chapa,Lanches,143,6.0,1.5,0
2025-01-04,Sanduíche natural,Lanches,42,14.0,5.5,0
2025-01-04,Sonho,Doces,73,6.0,1.9,0
2025-01-04,Suco de laranja natural,Bebidas,83,9.0,3.0,0
2025-01-04,Torta de limão (fatia),Doces,48,11.0,3.5,0
2025-01-05,Baguete,Pães,68,8.0,2.6,0
2025-01-05,Bolo de cenoura (fatia),Doces,159,5.95,2.0,1
2025-01-05,Brigadeiro,Doces,78,3.0,0.9,0
2025-01-05,Coxinha,Salgados,110,7.5,2.3,0
2025-01-05,Croissant,Pães,130,7.0,2.4,0
2025-01-05,Empada de frango,Salgados,118,5.95,2.2,1
2025-01-05,Esfiha de carne,Salgados,55,6.5,2.0,0
2025-01-05,Misto quente,Lanches,62,9.0,3.0,0
2025-01-05,Pudim (fatia),Doces,31,10.0,3.2,0
2025-01-05,Pão de batata,Salgados,74,6.0,1.8,0
2025-01-05,Pão de forma caseiro,Pães,45,12.0,4.5,0
2025-01-05,Pão de queijo,Pães,367,3.5,1.1,0
2025-01-05,Pão francês,Pães,2269,0.9,0.3,0
2025-01-05,Pão na chapa,Lanches,202,6.0,1.5,0
2025-01-05,Sanduíche natural,Lanches,49,14.0,5.5,0
2025-01-05,Sonho,Doces,122,6.0,1.9,0
2025-01-05,Suco de laranja natural,Bebidas,133,9.0,3.0,0
2025-01-05,Torta de limão (fatia),Doces,57,11.0,3.5,0
2025-01-06,Baguete,Pães,25,8.0,2.6,0
2025-01-06,Bolo de cenoura (fatia),Doces,51,7.0,2.0,0
2025-01-06,Brigadeiro,Doces,105,3.0,0.9,0
2025-01-06,Coxinha,Salgados,163,7.5,2.3,0
2025-01-06,Croissant,Pães,93,7.0,2.4,0
2025-01-06,Empada de frango,Salgados,74,7.0,2.2,0
2025-01-06,Esfiha de carne,Salgados,77,6.5,2.0,0
2025-01-06,Misto quente,Lanches,116,9.0,3.0,0
2025-01-06,Pudim (fatia),Doces,24,10.0,3.2,0
2025-01-06,Pão de batata,Salgados,84,6.0,1.8,0
2025-01-06,Pão de forma caseiro,Pães,36,12.0,4.5,0
2025-01-06,Pão de queijo,Pães,197,3.5,1.1,0
2025-01-06,Pão francês,Pães,1425,0.9,0.3,0
2025-01-06,Pão na chapa,Lanches,164,6.0,1.5,0
2025-01-06,Sanduíche natural,Lanches,54,14.0,5.5,0
2025-01-06,Sonho,Doces,118,6.0,1.9,0
2025-01-06,Suco de laranja natural,Bebidas,64,9.0,3.0,0
2025-01-06,Torta de limão (fatia),Doces,24,11.0,3.5,0
2025-01-07,Baguete,Pães,48,8.0,2.6,0
2025-01-07,Bolo de cenoura (fatia),Doces,39,7.0,2.0,0
2025-01-07,Brigadeiro,Doces,55,3.0,0.9,0
2025-01-07,Coxinha,Salgados,129,7.5,2.3,0
2025-01-07,Croissant,Pães,84,7.0,2.4,0
2025-01-07,Empada de frango,Salgados,65,7.0,2.2,0
2025-01-07,Esfiha de carne,Salgados,94,6.5,2.0,0
2025-01-07,Misto quente,Lanches,82,9.0,3.0,0
2025-01-07,Pudim (fatia),Doces,27,10.0,3.2,0
2025-01-07,Pão de batata,Salgados,35,6.0,1.8,0
2025-01-07,Pão de forma caseiro,Pães,22,10.2,4.5,1
2025-01-07,Pão de queijo,Pães,213,3.5,1.1,0
2025-01-07,Pão francês,Pães,969,0.9,0.3,0
2025-01-07,Pão na chapa,Lanches,137,6.0,1.5,0
2025-01-07,Sanduíche natural,Lanches,55,14.0,5.5,0
2025-01-07,Sonho,Doces,68,6.0,1.9,0
2025-01-07,Suco de laranja natural,Bebidas,56,9.0,3.0,0
2025-01-07,Torta de limão (fatia),Doces,35,11.0,3.5,0
2025-01-08,Baguete,Pães,79,8.0,2.6,0
2025-01-08,Bolo de cenoura (fatia),Doces,58,7.0,2.0,0
2025-01-08,Brigadeiro,Doces,148,3.0,0.9,0
2025-01-08,Coxinha,Salgados,180,7.5,2.3,0
2025-01-08,Croissant,Pães,58,7.0,2.4,0
2025-01-08,Empada de frango,Salgados,127,5.95,2.2,1
2025-01-08,Esfiha de carne,Salgados,129,6.5,2.0,0
2025-01-08,Misto quente,Lanches,56,9.0,3.0,0
2025-01-08,Pudim (fatia),Doces,16,10.0,3.2,0
2025-01-08,Pão de batata,Salgados,61,6.0,1.8,0
2025-01-08,Pão de forma caseiro,Pães,30,12.0,4.5,0
2025-01-08,Pão de queijo,Pães,206,3.5,1.1,0
2025-01-08,Pão francês,Pães,918,0.9,0.3,0
2025-01-08,Pão na chapa,Lanches,128,6.0,1.5,0
2025-01-08,Sanduíche natural,Lanches,80,14.0,5.5,0
2025-01-08,Sonho,Doces,43,6.0,1.9,0
2025-01-08,Suco de laranja natural,Bebidas,164,9.0,3.0,0
2025-01-08,Torta de limão (fatia),Doces,29,11.0,3.5,0
2025-01-09,Baguete,Pães,48,8.0,2.6,0
2025-01-09,Bolo de cenoura (fatia),Doces,55,7.0,2.0,0
2025-01-09,Brigadeiro,Doces,68,3.0,0.9,0
2025-01-09,Coxinha,Salgados,183,7.5,2.3,0
2025-01-09,Croissant,Pães,93,7.0,2.4,0
2025-01-09,Empada de frango,Salgados,106,7.0,2.2,0
2025-01-09,Esfiha de carne,Salgados,118,6.5,2.0,0
2025-01-09,Misto quente,Lanches,91,9.0,3.0,0
2025-01-09,Pudim (fatia),Doces,23,10.0,3.2,0
2025-01-09,Pão de batata,Salgados,64,6.0,1.8,0
2025-01-09,Pão de forma caseiro,Pães,20,12.0,4.5,0
2025-01-09,Pão de queijo,Pães,174,3.5,1.1,0
2025-01-09,Pão francês,Pães,729,0.9,0.3,0
2025-01-09,Pão na chapa,Lanches,122,6.0,1.5,0
2025-01-09,Sanduíche natural,Lanches,52,14.0,5.5,0
2025-01-09,Sonho,Doces,88,6.0,1.9,0
2025-01-09,Suco de laranja natural,Bebidas,109,9.0,3.0,0
2025-01-09,Torta de limão (fatia),Doces,29,11.0,3.5,0
2025-01-10,Baguete,Pães,70,8.0,2.6,0
2025-01-10,Bolo de cenoura (fatia),Doces,98,7.0,2.0,0
2025-01-10,Brigadeiro,Doces,125,3.0,0.9,0
2025-01-10,Coxinha,Salgados,184,7.5,2.3,0
2025-01-10,Croissant,Pães,71,7.0,2.4,0
2025-01-10,Empada de frango,Salgados,71,7.0,2.2,0
2025-01-10,Esfiha de carne,Salgados,97,6.5,2.0,0
2025-01-10,Misto quente,Lanches,114,9.0,3.0,0
2025-01-10,Pudim (fatia),Doces,37,10.0,3.2,0
2025-01-10,Pão de batata,Salgados,58,6.0,1.8,0
2025-01-10,Pão de forma caseiro,Pães,43,12.0,4.5,0
2025-01-10,Pão de queijo,Pães,179,3.5,1.1,0
2025-01-10,Pão francês,Pães,1398,0.9,0.3,0
2025-01-10,Pão na chapa,Lanches,170,6.0,1.5,0
2025-01-10,Sanduíche natural,Lanches,85,14.0,5.5,0
2025-01-10,Sonho,Doces,82,6.0,1.9,0
2025-01-10,Suco de laranja natural,Bebidas,90,7.65,3.0,1
2025-01-10,Torta de limão (fatia),Doces,51,11.0,3.5,0
2025-01-11,Baguete,Pães,56,8.0,2.6,0
2025-01-11,Bolo de cenoura (fatia),Doces,99,7.0,2.0,0
2025-01-11,Brigadeiro,Doces,183,3.0,0.9,0
2025-01-11,Coxinha,Salgados,120,7.5,2.3,0
2025-01-11,Croissant,Pães,66,7.0,2.4,0
2025-01-11,Empada de frango,Salgados,83,7.0,2.2,0
2025-01-11,Esfiha de carne,Salgados,115,6.5,2.0,0
2025-01-11,Misto quente,Lanches,82,9.0,3.0,0
2025-01-11,Pudim (fatia),Doces,57,10.0,3.2,0
2025-01-11,Pão de batata,Salgados,40,6.0,1.8,0
2025-01-11,Pão de forma caseiro,Pães,32,12.0,4.5,0
2025-01-11,Pão de queijo,Pães,329,3.5,1.1,0
2025-01-11,Pão francês,Pães,1512,0.9,0.3,0
2025-01-11,Pão na chapa,Lanches,132,6.0,1.5,0
2025-01-11,Sanduíche natural,Lanches,51,14.0,5.5,0
2025-01-11,Sonho,Doces,71,6.0,1.9,0
2025-01-11,Suco de laranja natural,Bebidas,121,9.0,3.0,0
2025-01-11,Torta de limão (fatia),Doces,50,11.0,3.5,0
2025-01-12,Baguete,Pães,34,8.0,2.6,0
2025-01-12,Bolo de cenoura (fatia),Doces,86,7.0,2.0,0
2025-01-12,Brigadeiro,Doces,246,3.0,0.9,0
2025-01-12,Coxinha,Salgados,102,7.5,2.3,0
2025-01-12,Croissant,Pães,53,7.0,2.4,0
2025-01-12,Empada de frango,Salgados,62,7.0,2.2,0
2025-01-12,Esfiha de carne,Salgados,52,6.5,2.0,0
2025-01-12,Misto quente,Lanches,61,7.65,3.0,1
2025-01-12,Pudim (fatia),Doces,61,10.0,3.2,0
2025-01-12,Pão de batata,Salgados,27,6.0,1.8,0
2025-01-12,Pão de forma caseiro,Pães,55,12.0,4.5,0
2025-01-12,Pão de queijo,Pães,269,3.5,1.1,0
2025-01-12,Pão francês,Pães,1003,0.9,0.3,0
2025-01-12,Pão na chapa,Lanches,151,6.0,1.5,0
2025-01-12,Sanduíche natural,Lanches,51,14.0,5.5,0
2025-01-12,Sonho,Doces,81,6.0,1.9,0
2025-01-12,Suco de laranja natural,Bebidas,143,9.0,3.0,0
2025-01-12,Torta de limão (fatia),Doces,27,11.0,3.5,0
2025-01-13,Baguete,Pães,49,8.0,2.6,0
2025-01-13,Bolo de cenoura (fatia),Doces,70,7.0,2.0,0
2025-01-13,Brigadeiro,Doces,63,3.0,0.9,0
2025-01-13,Coxinha,Salgados,132,7.5,2.3,0
2025-01-13,Croissant,Pães,37,7.0,2.4,0
2025-01-13,Empada de frango,Salgados,67,7.0,2.2,0
2025-01-13,Esfiha de carne,Salgados,162,6.5,2.0,0
2025-01-13,Misto quente,Lanches,133,9.0,3.0,0
2025-01-13,Pudim (fatia),Doces,14,10.0,3.2,0
2025-01-13,Pão de batata,Salgados,67,6.0,1.8,0
2025-01-13,Pão de forma caseiro,Pães,14,12.0,4.5,0
2025-01-13,Pão de queijo,Pães,240,3.5,1.1,0
2025-01-13,Pão francês,Pães,1279,0.9,0.3,0
2025-01-13,Pão na chapa,Lanches,87,6.0,1.5,0
2025-01-13,Sanduíche natural,Lanches,52,14.0,5.5,0
2025-01-13,Sonho,Doces,53,6.0,1.9,0
2025-01-13,Suco de laranja natural,Bebidas,116,9.0,3.0,0
2025-01-13,Torta de limão (fatia),Doces,38,11.0,3.5,0
2025-01-14,Baguete,Pães,36,8.0,2.6,0
2025-01-14,Bolo de cenoura (fatia),Doces,56,7.0,2.0,0
2025-01-14,Brigadeiro,Doces,91,3.0,0.9,0
2025-01-14,Coxinha,Salgados,124,7.5,2.3,0
2025-01-14,Croissant,Pães,83,7.0,2.4,0
2025-01-14,Empada de frango,Salgados,32,7.0,2.2,0
2025-01-14,Esfiha de carne,Salgados,68,6.5,2.0,0
2025-01-14,Misto quente,Lanches,78,9.0,3.0,0
2025-01-14,Pudim (fatia),Doces,19,10.0,3.2,0
2025-01-14,Pão de batata,Salgados,82,6.0,1.8,0
2025-01-14,Pão de forma caseiro,Pães,37,12.0,4.5,0
2025-01-14,Pão de queijo,Pães,204,3.5,1.1,0
2025-01-14,Pão francês,Pães,1041,0.9,0.3,0
2025-01-14,Pão na chapa,Lanches,140,6.0,1.5,0
2025-01-14,Sanduíche natural,Lanches,44,14.0,5.5,0
2025-01-14,Sonho,Doces,32,6.0,1.9,0
2025-01-14,Suco de laranja natural,Bebidas,120,9.0,3.0,0
2025-01-14,Torta de limão (fatia),Doces,29,11.0,3.5,0
2025-01-15,Baguete,Pães,31,8.0,2.6,0
2025-01-15,Bolo de cenoura (fatia),Doces,50,5.95,2.0,1
2025-01-15,Brigadeiro,Doces,69,3.0,0.9,0
2025-01-15,Coxinha,Salgados,78,7.5,2.3,0
2025-01-15,Croissant,Pães,111,7.0,2.4,0
2025-01-15,Empada de frango,Salgados,93,7.0,2.2,0
2025-01-15,Esfiha de carne,Salgados,68,6.5,2.0,0
2025-01-15,Misto quente,Lanches,127,9.0,3.0,0
2025-01-15,Pudim (fatia),Doces,27,10.0,3.2,0
2025-01-15,Pão de batata,Salgados,118,6.0,1.8,0
2025-01-15,Pão de forma caseiro,Pães,22,12.0,4.5,0
2025-01-15,Pão de queijo,Pães,146,3.5,1.1,0
2025-01-15,Pão francês,Pães,586,0.9,0.3,0
2025-01-15,Pão na chapa,Lanches,161,6.0,1.5,0
2025-01-15,Sanduíche natural,Lanches,58,11.9,5.5,1
2025-01-15,Sonho,Doces,58,6.0,1.9,0
2025-01-15,Suco de laranja natural,Bebidas,88,9.0,3.0,0
2025-01-15,Torta de limão (fatia),Doces,23,11.0,3.5,0
2025-01-16,Baguete,Pães,46,8.0,2.6,0
2025-01-16,Bolo de cenoura (fatia),Doces,43,7.0,2.0,0
2025-01-16,Brigadeiro,Doces,84,3.0,0.9,0
2025-01-16,Coxinha,Salgados,127,7.5,2.3,0
2025-01-16,Croissant,Pães,87,7.0,2.4,0
2025-01-16,Empada de frango,Salgados,79,7.0,2.2,0
2025-01-16,Esfiha de carne,Salgados,83,6.5,2.0,0
2025-01-16,Misto quente,Lanches,92,9.0,3.0,0
2025-01-16,Pudim (fatia),Doces,28,10.0,3.2,0
2025-01-16,Pão de batata,Salgados,57,6.0,1.8,0
2025-01-16,Pão de forma caseiro,Pães,28,12.0,4.5,0
2025-01-16,Pão de queijo,Pães,239,3.5,1.1,0
2025-01-16,Pão francês,Pães,1119,0.9,0.3,0
2025-01-16,Pão na chapa,Lanches,100,6.0,1.5,0
2025-01-16,Sanduíche natural,Lanches,81,14.0,5.5,0
2025-01-16,Sonho,Doces,52,6.0,1.9,0
2025-01-16,Suco de laranja natural,Bebidas,134,9.0,3.0,0
2025-01-16,Torta de limão (fatia),Doces,33,11.0,3.5,0
2025-01-17,Baguete,Pães,33,8.0,2.6,0
2025-01-17,Bolo de cenoura (fatia),Doces,61,7.0,2.0,0
2025-01-17,Brigadeiro,Doces,109,3.0,0.9,0
2025-01-17,Coxinha,Salgados,193,7.5,2.3,0
2025-01-17,Croissant,Pães,83,7.0,2.4,0
2025-01-17,Empada de frango,Salgados,63,7.0,2.2,0
2025-01-17,Esfiha de carne,Salgados,89,6.5,2.0,0
2025-01-17,Misto quente,Lanches,159,9.0,3.0,0
2025-01-17,Pudim (fatia),Doces,27,10.0,3.2,0
2025-01-17,Pão de batata,Salgados,93,6.0,1.8,0
2025-01-17,Pão de forma caseiro,Pães,47,12.0,4.5,0
2025-01-17,Pão de queijo,Pães,187,3.5,1.1,0
2025-01-17,Pão francês,Pães,547,0.9,0.3,0
2025-01-17,Pão na chapa,Lanches,264,5.1,1.5,1
2025-01-17,Sanduíche natural,Lanches,58,14.0,5.5,0
2025-01-17,Sonho,Doces,70,6.0,1.9,0
2025-01-17,Suco de laranja natural,Bebidas,120,9.0,3.0,0
2025-01-17,Torta de limão (fatia),Doces,25,11.0,3.5,0
2025-01-18,Baguete,Pães,83,8.0,2.6,0
2025-01-18,Bolo de cenoura (fatia),Doces,69,7.0,2.0,0
2025-01-18,Brigadeiro,Doces,88,3.0,0.9,0
2025-01-18,Coxinha,Salgados,138,7.5,2.3,0
2025-01-18,Croissant,Pães,90,7.0,2.4,0
2025-01-18,Empada de frango,Salgados,71,7.0,2.2,0
2025-01-18,Esfiha de carne,Salgados,71,6.5,2.0,0
2025-01-18,Misto quente,Lanches,71,9.0,3.0,0
2025-01-18,Pudim (fatia),Doces,37,10.0,3.2,0
2025-01-18,Pão de batata,Salgados,85,6.0,1.8,0
2025-01-18,Pão de forma caseiro,Pães,48,12.0,4.5,0
2025-01-18,Pão de queijo,Pães,330,3.5,1.1,0
2025-01-18,Pão francês,Pães,1977,0.9,0.3,0
2025-01-18,Pão na chapa,Lanches,192,6.0,1.5,0
2025-01-18,Sanduíche natural,Lanches,49,14.0,5.5,0
2025-01-18,Sonho,Doces,72,6.0,1.9,0
2025-01-18,Suco de laranja natural,Bebidas,171,9.0,3.0,0
2025-01-18,Torta de limão (fatia),Doces,35,11.0,3.5,0
2025-01-19,Baguete,Pães,31,8.0,2.6,0
2025-01-19,Bolo de cenoura (fatia),Doces,86,7.0,2.0,0
2025-01-19,Brigadeiro,Doces,169,3.0,0.9,0
2025-01-19,Coxinha,Salgados,85,7.5,2.3,0
2025-01-19,Croissant,Pães,82,7.0,2.4,0
2025-01-19,Empada de frango,Salgados,58,7.0,2.2,0
2025-01-19,Esfiha de carne,Salgados,96,6.5,2.0,0
2025-01-19,Misto quente,Lanches,77,9.0,3.0,0
2025-01-19,Pudim (fatia),Doces,71,10.0,3.2,0
2025-01-19,Pão de batata,Salgados,52,6.0,1.8,0
2025-01-19,Pão de forma caseiro,Pães,57,12.0,4.5,0
2025-01-19,Pão de queijo,Pães,403,3.5,1.1,0
2025-01-19,Pão francês,Pães,1709,0.9,0.3,0
2025-01-19,Pão na chapa,Lanches,162,6.0,1.5,0
2025-01-19,Sanduíche natural,Lanches,41,14.0,5.5,0
2025-01-19,Sonho,Doces,100,6.0,1.9,0
2025-01-19,Suco de laranja natural,Bebidas,102,9.0,3.0,0
2025-01-19,Torta de limão (fatia),Doces,50,11.0,3.5,0
2025-01-20,Baguete,Pães,30,8.0,2.6,0
2025-01-20,Bolo de cenoura (fatia),Doces,46,7.0,2.0,0
2025-01-20,Brigadeiro,Doces,136,3.0,0.9,0
2025-01-20,Coxinha,Salgados,208,7.5,2.3,0
2025-01-20,Croissant,Pães,92,7.0,2.4,0
2025-01-20,Empada de frango,Salgados,66,7.0,2.2,0
2025-01-20,Esfiha de carne,Salgados,96,6.5,2.0,0
2025-01-20,Misto quente,Lanches,82,9.0,3.0,0
2025-01-20,Pudim (fatia),Doces,28,10.0,3.2,0
2025-01-20,Pão de batata,Salgados,49,6.0,1.8,0
2025-01-20,Pão de forma caseiro,Pães,31,12.0,4.5,0
2025-01-20,Pão de queijo,Pães,264,3.5,1.1,0
2025-01-20,Pão francês,Pães,721,0.9,0.3,0
2025-01-20,Pão na chapa,Lanches,156,6.0,1.5,0
2025-01-20,Sanduíche natural,Lanches,79,14.0,5.5,0
2025-01-20,Sonho,Doces,43,6.0,1.9,0
2025-01-20,Suco de laranja natural,Bebidas,102,9.0,3.0,0
2025-01-20,Torta de limão (fatia),Doces,12,11.0,3.5,0
2025-01-21,Baguete,Pães,52,8.0,2.6,0
2025-01-21,Bolo de cenoura (fatia),Doces,42,7.0,2.0,0
2025-01-21,Brigadeiro,Doces,75,3.0,0.9,0
2025-01-21,Coxinha,Salgados,231,7.5,2.3,0
2025-01-21,Croissant,Pães,66,7.0,2.4,0
2025-01-21,Empada de frango,Salgados,61,7.0,2.2,0
2025-01-21,Esfiha de carne,Salgados,72,6.5,2.0,0
2025-01-21,Misto quente,Lanches,103,9.0,3.0,0
2025-01-21,Pudim (fatia),Doces,17,10.0,3.2,0
2025-01-21,Pão de batata,Salgados,83,6.0,1.8,0
2025-01-21,Pão de forma caseiro,Pães,25,12.0,4.5,0
2025-01-21,Pão de queijo,Pães,177,3.5,1.1,0
2025-01-21,Pão francês,Pães,987,0.9,0.3,0
2025-01-21,Pão na chapa,Lanches,171,6.0,1.5,0
2025-01-21,Sanduíche natural,Lanches,63,14.0,5.5,0
2025-01-21,Sonho,Doces,63,6.0,1.9,0
2025-01-21,Suco de laranja natural,Bebidas,134,9.0,3.0,0
2025-01-21,Torta de limão (fatia),Doces,27,11.0,3.5,0
2025-01-22,Baguete,Pães,48,8.0,2.6,0
2025-01-22,Bolo de cenoura (fatia),Doces,29,7.0,2.0,0
2025-01-22,Brigadeiro,Doces,61,3.0,0.9,0
2025-01-22,Coxinha,Salgados,186,7.5,2.3,0
2025-01-22,Croissant,Pães,51,7.0,2.4,0
2025-01-22,Empada de frango,Salgados,101,7.0,2.2,0
2025-01-22,Esfiha de carne,Salgados,122,6.5,2.0,0
2025-01-22,Misto quente,Lanches,76,9.0,3.0,0
2025-01-22,Pudim (fatia),Doces,17,10.0,3.2,0
2025-01-22,Pão de batata,Salgados,97,6.0,1.8,0
2025-01-22,Pão de forma caseiro,Pães,42,12.0,4.5,0
2025-01-22,Pão de queijo,Pães,230,3.5,1.1,0
2025-01-22,Pão francês,Pães,1243,0.9,0.3,0
2025-01-22,Pão na chapa,Lanches,120,6.0,1.5,0
2025-01-22,Sanduíche natural,Lanches,58,14.0,5.5,0
2025-01-22,Sonho,Doces,80,6.0,1.9,0
2025-01-22,Suco de laranja natural,Bebidas,51,9.0,3.0,0
2025-01-22,Torta de limão (fatia),Doces,45,11.0,3.5,0
2025-01-23,Baguete,Pães,28,8.0,2.6,0
2025-01-23,Bolo de cenoura (fatia),Doces,56,7.0,2.0,0
2025-01-23,Brigadeiro,Doces,126,3.0,0.9,0
2025-01-23,Coxinha,Salgados,219,7.5,2.3,0
2025-01-23,Croissant,Pães,70,7.0,2.4,0
2025-01-23,Empada de frango,Salgados,71,7.0,2.2,0
2025-01-23,Esfiha de carne,Salgados,112,6.5,2.0,0
2025-01-23,Misto quente,Lanches,92,9.0,3.0,0
2025-01-23,Pudim (fatia),Doces,34,10.0,3.2,0
2025-01-23,Pão de batata,Salgados,127,5.1,1.8,1
2025-01-23,Pão de forma caseiro,Pães,23,12.0,4.5,0
2025-01-23,Pão de queijo,Pães,220,3.5,1.1,0
2025-01-23,Pão francês,Pães,1386,0.9,0.3,0
2025-01-23,Pão na chapa,Lanches,130,6.0,1.5,0
2025-01-23,Sanduíche natural,Lanches,57,14.0,5.5,0
2025-01-23,Sonho,Doces,47,6.0,1.9,0
2025-01-23,Suco de laranja natural,Bebidas,66,9.0,3.0,0
2025-01-23,Torta de limão (fatia),Doces,16,11.0,3.5,0
2025-01-24,Baguete,Pães,25,8.0,2.6,0
2025-01-24,Bolo de cenoura (fatia),Doces,68,7.0,2.0,0
2025-01-24,Brigadeiro,Doces,77,3.0,0.9,0
2025-01-24,Coxinha,Salgados,179,7.5,2.3,0
2025-01-24,Croissant,Pães,67,7.0,2.4,0
2025-01-24,Empada de frango,Salgados,79,7.0,2.2,0
2025-01-24,Esfiha de carne,Salgados,99,6.5,2.0,0
2025-01-24,Misto quente,Lanches,80,9.0,3.0,0
2025-01-24,Pudim (fatia),Doces,27,10.0,3.2,0
2025-01-24,Pão de batata,Salgados,128,6.0,1.8,0
2025-01-24,Pão de forma caseiro,Pães,37,12.0,4.5,0
2025-01-24,Pão de queijo,Pães,301,3.5,1.1,0
2025-01-24,Pão francês,Pães,991,0.9,0.3,0
2025-01-24,Pão na chapa,Lanches,113,6.0,1.5,0
2025-01-24,Sanduíche natural,Lanches,48,14.0,5.5,0
2025-01-24,Sonho,Doces,53,6.0,1.9,0
2025-01-24,Suco de laranja natural,Bebidas,82,9.0,3.0,0
2025-01-24,Torta de limão (fatia),Doces,36,11.0,3.5,0
2025-01-25,Baguete,Pães,42,8.0,2.6,0
2025-01-25,Bolo de cenoura (fatia),Doces,71,7.0,2.0,0
2025-01-25,Brigadeiro,Doces,100,3.0,0.9,0
2025-01-25,Coxinha,Salgados,111,7.5,2.3,0
2025-01-25,Croissant,Pães,83,7.0,2.4,0
2025-01-25,Empada de frango,Salgados,37,7.0,2.2,0
2025-01-25,Esfiha de carne,Salgados,63,6.5,2.0,0
2025-01-25,Misto quente,Lanches,213,7.65,3.0,1
2025-01-25,Pudim (fatia),Doces,34,10.0,3.2,0
2025-01-25,Pão de batata,Salgados,22,6.0,1.8,0
2025-01-25,Pão de forma caseiro,Pães,46,12.0,4.5,0
2025-01-25,Pão de queijo,Pães,233,3.5,1.1,0
2025-01-25,Pão francês,Pães,1082,0.9,0.3,0
2025-01-25,Pão na chapa,Lanches,153,6.0,1.5,0
2025-01-25,Sanduíche natural,Lanches,36,14.0,5.5,0
2025-01-25,Sonho,Doces,53,6.0,1.9,0
2025-01-25,Suco de laranja natural,Bebidas,255,7.65,3.0,1
2025-01-25,Torta de limão (fatia),Doces,26,11.0,3.5,0
2025-01-26,Baguete,Pães,64,8.0,2.6,0
2025-01-26,Bolo de cenoura (fatia),Doces,108,7.0,2.0,0
2025-01-26,Brigadeiro,Doces,119,3.0,0.9,0
2025-01-26,Coxinha,Salgados,123,7.5,2.3,0
2025-01-26,Croissant,Pães,98,7.0,2.4,0
2025-01-26,Empada de frango,Salgados,88,7.0,2.2,0
2025-01-26,Esfiha de carne,Salgados,41,6.5,2.0,0
2025-01-26,Misto quente,Lanches,35,9.0,3.0,0
2025-01-26,Pudim (fatia),Doces,45,8.5,3.2,1
2025-01-26,Pão de batata,Salgados,43,6.0,1.8,0
2025-01-26,Pão de forma caseiro,Pães,31,12.0,4.5,0
2025-01-26,Pão de queijo,Pães,325,3.5,1.1,0
2025-01-26,Pão francês,Pães,1099,0.9,0.3,0
2025-01-26,Pão na chapa,Lanches,188,6.0,1.5,0
2025-01-26,Sanduíche natural,Lanches,46,14.0,5.5,0
2025-01-26,Sonho,Doces,70,6.0,1.9,0
2025-01-26,Suco de laranja natural,Bebidas,190,9.0,3.0,0
2025-01-26,Torta de limão (fatia),Doces,29,11.0,3.5,0
2025-01-27,Baguete,Pães,41,8.0,2.6,0
2025-01-27,Bolo de cenoura (fatia),Doces,60,7.0,2.0,0
2025-01-27,Brigadeiro,Doces,105,3.0,0.9,0
2025-01-27,Coxinha,Salgados,199,7.5,2.3,0
2025-01-27,Croissant,Pães,71,7.0,2.4,0
2025-01-27,Empada de frango,Salgados,73,7.0,2.2,0
2025-01-27,Esfiha de carne,Salgados,84,6.5,2.0,0
2025-01-27,Misto quente,Lanches,69,9.0,3.0,0
2025-01-27,Pudim (fatia),Doces,28,8.5,3.2,1
2025-01-27,Pão de batata,Salgados,59,6.0,1.8,0
2025-01-27,Pão de forma caseiro,Pães,42,12.0,4.5,0
2025-01-27,Pão de queijo,Pães,159,3.5,1.1,0
2025-01-27,Pão francês,Pães,855,0.9,0.3,0
2025-01-27,Pão na chapa,Lanches,157,6.0,1.5,0
2025-01-27,Sanduíche natural,Lanches,66,14.0,5.5,0
2025-01-27,Sonho,Doces,78,6.0,1.9,0
2025-01-27,Suco de laranja natural,Bebidas,68,9.0,3.0,0
2025-01-27,Torta de limão (fatia),Doces,30,11.0,3.5,0
2025-01-28,Baguete,Pães,27,8.0,2.6,0
2025-01-28,Bolo de cenoura (fatia),Doces,24,7.0,2.0,0
2025-01-28,Brigadeiro,Doces,67,3.0,0.9,0
2025-01-28,Coxinha,Salgados,169,7.5,2.3,0
2025-01-28,Croissant,Pães,63,7.0,2.4,0
2025-01-28,Empada de frango,Salgados,63,7.0,2.2,0
2025-01-28,Esfiha de carne,Salgados,77,6.5,2.0,0
2025-01-28,Misto quente,Lanches,103,9.0,3.0,0
2025-01-28,Pudim (fatia),Doces,15,10.0,3.2,0
2025-01-28,Pão de batata,Salgados,74,6.0,1.8,0
2025-01-28,Pão de forma caseiro,Pães,19,12.0,4.5,0
2025-01-28,Pão de queijo,Pães,253,3.5,1.1,0
2025-01-28,Pão francês,Pães,772,0.9,0.3,0
2025-01-28,Pão na chapa,Lanches,107,6.0,1.5,0
2025-01-28,Sanduíche natural,Lanches,36,14.0,5.5,0
2025-01-28,Sonho,Doces,35,6.0,1.9,0
2025-01-28,Suco de laranja natural,Bebidas,50,9.0,3.0,0
2025-01-28,Torta de limão (fatia),Doces,44,9.35,3.5,1
2025-01-29,Baguete,Pães,41,8.0,2.6,0
2025-01-29,Bolo de cenoura (fatia),Doces,52,7.0,2.0,0
2025-01-29,Brigadeiro,Doces,138,3.0,0.9,0
2025-01-29,Coxinha,Salgados,170,7.5,2.3,0
2025-01-29,Croissant,Pães,73,7.0,2.4,0
2025-01-29,Empada de frango,Salgados,74,7.0,2.2,0
2025-01-29,Esfiha de carne,Salgados,96,6.5,2.0,0
2025-01-29,Misto quente,Lanches,27,9.0,3.0,0
2025-01-29,Pudim (fatia),Doces,20,10.0,3.2,0
2025-01-29,Pão de batata,Salgados,117,6.0,1.8,0
2025-01-29,Pão de forma caseiro,Pães,27,12.0,4.5,0
2025-01-29,Pão de queijo,Pães,199,3.5,1.1,0
2025-01-29,Pão francês,Pães,949,0.9,0.3,0
2025-01-29,Pão na chapa,Lanches,98,6.0,1.5,0
2025-01-29,Sanduíche natural,Lanches,16,14.0,5.5,0
2025-01-29,Sonho,Doces,38,6.0,1.9,0
2025-01-29,Suco de laranja natural,Bebidas,105,9.0,3.0,0
2025-01-29,Torta de limão (fatia),Doces,41,11.0,3.5,0
2025-01-30,Baguete,Pães,14,8.0,2.6,0
2025-01-30,Bolo de cenoura (fatia),Doces,45,7.0,2.0,0
2025-01-30,Brigadeiro,Doces,54,3.0,0.9,0
2025-01-30,Coxinha,Salgados,134,7.5,2.3,0
2025-01-30,Croissant,Pães,39,7.0,2.4,0
2025-01-30,Empada de frango,Salgados,88,7.0,2.2,0
2025-01-30,Esfiha de carne,Salgados,101,6.5,2.0,0
2025-01-30,Misto quente,Lanches,94,9.0,3.0,0
2025-01-30,Pudim (fatia),Doces,27,10.0,3.2,0
2025-01-30,Pão de batata,Salgados,80,6.0,1.8,0
2025-01-30,Pão de forma caseiro,Pães,24,12.0,4.5,0
2025-01-30,Pão de queijo,Pães,274,3.5,1.1,0
2025-01-30,Pão francês,Pães,1158,0.9,0.3,0
2025-01-30,Pão na chapa,Lanches,165,6.0,1.5,0
2025-01-30,Sanduíche natural,Lanches,55,14.0,5.5,0
2025-01-30,Sonho,Doces,65,6.0,1.9,0
2025-01-30,Suco de laranja natural,Bebidas,119,9.0,3.0,0
2025-01-30,Torta de limão (fatia),Doces,37,9.35,3.5,1
2025-01-31,Baguete,Pães,51,8.0,2.6,0
2025-01-31,Bolo de cenoura (fatia),Doces,69,5.95,2.0,1
2025-01-31,Brigadeiro,Doces,99,3.0,0.9,0
2025-01-31,Coxinha,Salgados,139,7.5,2.3,0
2025-01-31,Croissant,Pães,67,7.0,2.4,0
2025-01-31,Empada de frango,Salgados,38,7.0,2.2,0
2025-01-31,Esfiha de carne,Salgados,89,6.5,2.0,0
2025-01-31,Misto quente,Lanches,114,9.0,3.0,0
2025-01-31,Pudim (fatia),Doces,45,8.5,3.2,1
2025-01-31,Pão de batata,Salgados,88,6.0,1.8,0
2025-01-31,Pão de forma caseiro,Pães,24,12.0,4.5,0
2025-01-31,Pão de queijo,Pães,174,3.5,1.1,0
2025-01-31,Pão francês,Pães,1041,0.9,0.3,0
2025-01-31,Pão na chapa,Lanches,121,6.0,1.5,0
2025-01-31,Sanduíche natural,Lanches,44,14.0,5.5,0
2025-01-31,Sonho,Doces,84,6.0,1.9,0
2025-01-31,Suco de laranja natural,Bebidas,131,9.0,3.0,0
2025-01-31,Torta de limão (fatia),Doces,47,11.0,3.5,0
2025-02-01,Baguete,Pães,44,8.0,2.6,0
2025-02-01,Bolo de cenoura (fatia),Doces,67,7.0,2.0,0
2025-02-01,Brigadeiro,Doces,92,3.0,0.9,0
2025-02-01,Coxinha,Salgados,94,7.5,2.3,0
2025-02-01,Croissant,Pães,50,7.0,2.4,0
2025-02-01,Empada de frango,Salgados,62,7.0,2.2,0
2025-02-01,Esfiha de carne,Salgados,70,6.5,2.0,0
2025-02-01,Misto quente,Lanches,100,9.0,3.0,0
2025-02-01,Pudim (fatia),Doces,26,10.0,3.2,0
2025-02-01,Pão de batata,Salgados,92,6.0,1.8,0
2025-02-01,Pão de forma caseiro,Pães,45,12.0,4.5,0
2025-02-01,Pão de queijo,Pães,274,3.5,1.1,0
2025-02-01,Pão francês,Pães,1065,0.9,0.3,0
2025-02-01,Pão na chapa,Lanches,152,6.0,1.5,0
2025-02-01,Sanduíche natural,Lanches,55,11.9,5.5,1
2025-02-01,Sonho,Doces,80,6.0,1.9,0
2025-02-01,Suco de laranja natural,Bebidas,136,9.0,3.0,0
2025-02-01,Torta de limão (fatia),Doces,59,11.0,3.5,0
2025-02-02,Baguete,Pães,101,8.0,2.6,0
2025-02-02,Bolo de cenoura (fatia),Doces,79,7.0,2.0,0
2025-02-02,Brigadeiro,Doces,108,3.0,0.9,0
2025-02-02,Coxinha,Salgados,93,7.5,2.3,0
2025-02-02,Croissant,Pães,59,7.0,2.4,0
2025-02-02,Empada de frango,Salgados,51,7.0,2.2,0
2025-02-02,Esfiha de carne,Salgados,69,6.5,2.0,0
2025-02-02,Misto quente,Lanches,73,9.0,3.0,0
2025-02-02,Pudim (fatia),Doces,44,10.0,3.2,0
2025-02-02,Pão de batata,Salgados,67,6.0,1.8,0
2025-02-02,Pão de forma caseiro,Pães,37,12.0,4.5,0
2025-02-02,Pão de queijo,Pães,276,3.5,1.1,0
2025-02-02,Pão francês,Pães,1195,0.9,0.3,0
2025-02-02,Pão na chapa,Lanches,248,6.0,1.5,0
2025-02-02,Sanduíche natural,Lanches,54,14.0,5.5,0
2025-02-02,Sonho,Doces,111,6.0,1.9,0
2025-02-02,Suco de laranja natural,Bebidas,147,9.0,3.0,0
2025-02-02,Torta de limão (fatia),Doces,55,11.0,3.5,0
2025-02-03,Baguete,Pães,34,8.0,2.6,0
2025-02-03,Bolo de cenoura (fatia),Doces,71,7.0,2.0,0
2025-02-03,Brigadeiro,Doces,77,3.0,0.9,0
2025-02-03,Coxinha,Salgados,106,7.5,2.3,0
2025-02-03,Croissant,Pães,88,7.0,2.4,0
2025-02-03,Empada de frango,Salgados,90,7.0,2.2,0
2025-02-03,Esfiha de carne,Salgados,67,6.5,2.0,0
2025-02-03,Misto quente,Lanches,149,9.0,3.0,0
2025-02-03,Pudim (fatia),Doces,25,10.0,3.2,0
2025-02-03,Pão de batata,Salgados,44,6.0,1.8,0
2025-02-03,Pão de forma caseiro,Pães,21,10.2,4.5,1
2025-02-03,Pão de queijo,Pães,144,3.5,1.1,0
2025-02-03,Pão francês,Pães,1149,0.9,0.3,0
2025-02-03,Pão na chapa,Lanches,102,6.0,1.5,0
2025-02-03,Sanduíche natural,Lanches,54,14.0,5.5,0
2025-02-03,Sonho,Doces,43,5.1,1.9,1
2025-02-03,Suco de laranja natural,Bebidas,105,9.0,3.0,0
2025-02-03,Torta de limão (fatia),Doces,18,11.0,3.5,0
2025-02-04,Baguete,Pães,59,8.0,2.6,0
2025-02-04,Bolo de cenoura (fatia),Doces,44,7.0,2.0,0
2025-02-04,Brigadeiro,Doces,86,3.0,0.9,0
2025-02-04,Coxinha,Salgados,112,7.5,2.3,0
2025-02-04,Croissant,Pães,81,7.0,2.4,0
2025-02-04,Empada de frango,Salgados,70,7.0,2.2,0
2025-02-04,Esfiha de carne,Salgados,113,6.5,2.0,0
2025-02-04,Misto quente,Lanches,61,9.0,3.0,0
2025-02-04,Pudim (fatia),Doces,26,10.0,3.2,0
2025-02-04,Pão de batata,Salgados,79,5.1,1.8,1
2025-02-04,Pão de forma caseiro,Pães,20,12.0,4.5,0
2025-02-04,Pão de queijo,Pães,227,3.5,1.1,0
2025-02-04,Pão francês,Pães,774,0.9,0.3,0
2025-02-04,Pão na chapa,Lanches,127,6.0,1.5,0
2025-02-04,Sanduíche natural,Lanches,64,14.0,5.5,0
2025-02-04,Sonho,Doces,65,6.0,1.9,0
2025-02-04,Suco de laranja natural,Bebidas,82,9.0,3.0,0
2025-02-04,Torta de limão (fatia),Doces,53,11.0,3.5,0
2025-02-05,Baguete,Pães,52,8.0,2.6,0
2025-02-05,Bolo de cenoura (fatia),Doces,51,7.0,2.0,0
2025-02-05,Brigadeiro,Doces,85,3.0,0.9,0
2025-02-05,Coxinha,Salgados,182,7.5,2.3,0
2025-02-05,Croissant,Pães,78,7.0,2.4,0
2025-02-05,Empada de frango,Salgados,67,7.0,2.2,0
2025-02-05,Esfiha de carne,Salgados,121,6.5,2.0,0
2025-02-05,Misto quente,Lanches,67,9.0,3.0,0
2025-02-05,Pudim (fatia),Doces,15,10.0,3.2,0
2025-02-05,Pão de batata,Salgados,50,6.0,1.8,0
2025-02-05,Pão de forma caseiro,Pães,25,12.0,4.5,0
2025-02-05,Pão de queijo,Pães,240,3.5,1.1,0
2025-02-05,Pão francês,Pães,933,0.9,0.3,0
2025-02-05,Pão na chapa,Lanches,157,6.0,1.5,0
2025-02-05,Sanduíche natural,Lanches,50,14.0,5.5,0
2025-02-05,Sonho,Doces,86,6.0,1.9,0
2025-02-05,Suco de laranja natural,Bebidas,124,9.0,3.0,0
2025-02-05,Torta de limão (fatia),Doces,39,11.0,3.5,0
2025-02-06,Baguete,Pães,38,8.0,2.6,0
2025-02-06,Bolo de cenoura (fatia),Doces,77,7.0,2.0,0
2025-02-06,Brigadeiro,Doces,122,3.0,0.9,0
2025-02-06,Coxinha,Salgados,115,7.5,2.3,0
2025-02-06,Croissant,Pães,55,7.0,2.4,0
2025-02-06,Empada de frango,Salgados,60,7.0,2.2,0
2025-02-06,Esfiha de carne,Salgados,130,6.5,2.0,0
2025-02-06,Misto quente,Lanches,61,9.0,3.0,0
2025-02-06,Pudim (fatia),Doces,28,8.5,3.2,1
2025-02-06,Pão de batata,Salgados,86,6.0,1.8,0
2025-02-06,Pão de forma caseiro,Pães,20,12.0,4.5,0
2025-02-06,Pão de queijo,Pães,192,3.5,1.1,0
2025-02-06,Pão francês,Pães,907,0.9,0.3,0
2025-02-06,Pão na chapa,Lanches,208,6.0,1.5,0
2025-02-06,Sanduíche natural,Lanches,61,14.0,5.5,0
2025-02-06,Sonho,Doces,67,6.0,1.9,0
2025-02-06,Suco de laranja natural,Bebidas,128,9.0,3.0,0
2025-02-06,Torta de limão (fatia),Doces,22,11.0,3.5,0
2025-02-07,Baguete,Pães,55,8.0,2.6,0
2025-02-07,Bolo de cenoura (fatia),Doces,45,7.0,2.0,0
2025-02-07,Brigadeiro,Doces,123,3.0,0.9,0
2025-02-07,Coxinha,Salgados,113,7.5,2.3,0
2025-02-07,Croissant,Pães,75,7.0,2.4,0
2025-02-07,Empada de frango,Salgados,107,7.0,2.2,0
2025-02-07,Esfiha de carne,Salgados,140,6.5,2.0,0
2025-02-07,Misto quente,Lanches,81,9.0,3.0,0
2025-02-07,Pudim (fatia),Doces,27,10.0,3.2,0
2025-02-07,Pão de batata,Salgados,92,6.0,1.8,0
2025-02-07,Pão de forma caseiro,Pães,33,12.0,4.5,0
2025-02-07,Pão de queijo,Pães,278,3.5,1.1,0
2025-02-07,Pão francês,Pães,1021,0.9,0.3,0
2025-02-07,Pão na chapa,Lanches,152,6.0,1.5,0
2025-02-07,Sanduíche natural,Lanches,38,14.0,5.5,0
2025-02-07,Sonho,Doces,34,6.0,1.9,0
2025-02-07,Suco de laranja natural,Bebidas,78,9.0,3.0,0
2025-02-07,Torta de limão (fatia),Doces,46,9.35,3.5,1
2025-02-08,Baguete,Pães,68,6.8,2.6,1
2025-02-08,Bolo de cenoura (fatia),Doces,62,7.0,2.0,0
2025-02-08,Brigadeiro,Doces,145,3.0,0.9,0
2025-02-08,Coxinha,Salgados,155,7.5,2.3,0
2025-02-08,Croissant,Pães,73,7.0,2.4,0
2025-02-08,Empada de frango,Salgados,58,7.0,2.2,0
2025-02-08,Esfiha de carne,Salgados,96,6.5,2.0,0
2025-02-08,Misto quente,Lanches,95,9.0,3.0,0
2025-02-08,Pudim (fatia),Doces,40,10.0,3.2,0
2025-02-08,Pão de batata,Salgados,76,6.0,1.8,0
2025-02-08,Pão de forma caseiro,Pães,36,12.0,4.5,0
2025-02-08,Pão de queijo,Pães,342,3.5,1.1,0
2025-02-08,Pão francês,Pães,973,0.9,0.3,0
2025-02-08,Pão na chapa,Lanches,202,6.0,1.5,0
2025-02-08,Sanduíche natural,Lanches,24,14.0,5.5,0
2025-02-08,Sonho,Doces,37,6.0,1.9,0
2025-02-08,Suco de laranja natural,Bebidas,157,9.0,3.0,0
2025-02-08,Torta de limão (fatia),Doces,39,11.0,3.5,0
2025-02-09,Baguete,Pães,79,8.0,2.6,0
2025-02-09,Bolo de cenoura (fatia),Doces,126,7.0,2.0,0
2025-02-09,Brigadeiro,Doces,162,3.0,0.9,0
2025-02-09,Coxinha,Salgados,167,7.5,2.3,0
2025-02-09,Croissant,Pães,186,7.0,2.4,0
2025-02-09,Empada de frango,Salgados,25,7.0,2.2,0
2025-02-09,Esfiha de carne,Salgados,43,6.5,2.0,0
2025-02-09,Misto quente,Lanches,34,9.0,3.0,0
2025-02-09,Pudim (fatia),Doces,56,10.0,3.2,0
2025-02-09,Pão de batata,Salgados,83,6.0,1.8,0
2025-02-09,Pão de forma caseiro,Pães,55,12.0,4.5,0
2025-02-09,Pão de queijo,Pães,201,3.5,1.1,0
2025-02-09,Pão francês,Pães,1205,0.9,0.3,0
2025-02-09,Pão na chapa,Lanches,169,6.0,1.5,0
2025-02-09,Sanduíche natural,Lanches,63,14.0,5.5,0
2025-02-09,Sonho,Doces,107,6.0,1.9,0
2025-02-09,Suco de laranja natural,Bebidas,86,9.0,3.0,0
2025-02-09,Torta de limão (fatia),Doces,62,11.0,3.5,0
2025-02-10,Baguete,Pães,42,8.0,2.6,0
2025-02-10,Bolo de cenoura (fatia),Doces,68,7.0,2.0,0
2025-02-10,Brigadeiro,Doces,122,3.0,0.9,0
2025-02-10,Coxinha,Salgados,132,7.5,2.3,0
2025-02-10,Croissant,Pães,72,7.0,2.4,0
2025-02-10,Empada de frango,Salgados,59,7.0,2.2,0
2025-02-10,Esfiha de carne,Salgados,117,6.5,2.0,0
2025-02-10,Misto quente,Lanches,87,9.0,3.0,0
2025-02-10,Pudim (fatia),Doces,12,10.0,3.2,0
2025-02-10,Pão de batata,Salgados,73,6.0,1.8,0
2025-02-10,Pão de forma caseiro,Pães,32,12.0,4.5,0
2025-02-10,Pão de queijo,Pães,129,3.5,1.1,0
2025-02-10,Pão francês,Pães,1148,0.9,0.3,0
2025-02-10,Pão na chapa,Lanches,150,6.0,1.5,0
2025-02-10,Sanduíche natural,Lanches,49,14.0,5.5,0
2025-02-10,Sonho,Doces,65,6.0,1.9,0
2025-02-10,Suco de laranja natural,Bebidas,44,9.0,3.0,0
2025-02-10,Torta de limão (fatia),Doces,18,11.0,3.5,0
2025-02-11,Baguete,Pães,27,8.0,2.6,0
2025-02-11,Bolo de cenoura (fatia),Doces,66,5.95,2.0,1
2025-02-11,Brigadeiro,Doces,86,3.0,0.9,0
2025-02-11,Coxinha,Salgados,167,7.5,2.3,0
2025-02-11,Croissant,Pães,77,7.0,2.4,0
2025-02-11,Empada de frango,Salgados,53,7.0,2.2,0
2025-02-11,Esfiha de carne,Salgados,153,6.5,2.0,0
2025-02-11,Misto quente,Lanches,55,9.0,3.0,0
2025-02-11,Pudim (fatia),Doces,25,10.0,3.2,0
2025-02-11,Pão de batata,Salgados,105,6.0,1.8,0
2025-02-11,Pão de forma caseiro,Pães,30,12.0,4.5,0
2025-02-11,Pão de queijo,Pães,277,3.5,1.1,0
2025-02-11,Pão francês,Pães,718,0.9,0.3,0
2025-02-11,Pão na chapa,Lanches,137,6.0,1.5,0
2025-02-11,Sanduíche natural,Lanches,81,14.0,5.5,0
2025-02-11,Sonho,Doces,63,6.0,1.9,0
2025-02-11,Suco de laranja natural,Bebidas,101,9.0,3.0,0
2025-02-11,Torta de limão (fatia),Doces,33,9.35,3.5,1
2025-02-12,Baguete,Pães,35,8.0,2.6,0
2025-02-12,Bolo de cenoura (fatia),Doces,71,7.0,2.0,0
2025-02-12,Brigadeiro,Doces,90,3.0,0.9,0
2025-02-12,Coxinha,Salgados,187,7.5,2.3,0
2025-02-12,Croissant,Pães,78,7.0,2.4,0
2025-02-12,Empada de frango,Salgados,66,7.0,2.2,0
2025-02-12,Esfiha de carne,Salgados,96,6.5,2.0,0
2025-02-12,Misto quente,Lanches,137,9.0,3.0,0
2025-02-12,Pudim (fatia),Doces,30,10.0,3.2,0
2025-02-12,Pão de batata,Salgados,86,6.0,1.8,0
2025-02-12,Pão de forma caseiro,Pães,34,12.0,4.5,0
2025-02-12,Pão de queijo,Pães,257,3.5,1.1,0
2025-02-12,Pão francês,Pães,1474,0.9,0.3,0
2025-02-12,Pão na chapa,Lanches,121,6.0,1.5,0
2025-02-12,Sanduíche natural,Lanches,76,11.9,5.5,1
2025-02-12,Sonho,Doces,80,6.0,1.9,0
2025-02-12,Suco de laranja natural,Bebidas,119,9.0,3.0,0
2025-02-12,Torta de limão (fatia),Doces,30,11.0,3.5,0
2025-02-13,Baguete,Pães,77,6.8,2.6,1
2025-02-13,Bolo de cenoura (fatia),Doces,48,7.0,2.0,0
2025-02-13,Brigadeiro,Doces,121,3.0,0.9,0
2025-02-13,Coxinha,Salgados,160,7.5,2.3,0
2025-02-13,Croissant,Pães,38,7.0,2.4,0
2025-02-13,Empada de frango,Salgados,97,7.0,2.2,0
2025-02-13,Esfiha de carne,Salgados,93,6.5,2.0,0
2025-02-13,Misto quente,Lanches,140,7.65,3.0,1
2025-02-13,Pudim (fatia),Doces,18,10.0,3.2,0
2025-02-13,Pão de batata,Salgados,91,6.0,1.8,0
2025-02-13,Pão de forma caseiro,Pães,36,12.0,4.5,0
2025-02-13,Pão de queijo,Pães,119,3.5,1.1,0
2025-02-13,Pão francês,Pães,1011,0.9,0.3,0
2025-02-13,Pão na chapa,Lanches,137,6.0,1.5,0
2025-02-13,Sanduíche natural,Lanches,56,14.0,5.5,0
2025-02-13,Sonho,Doces,67,6.0,1.9,0
2025-02-13,Suco de laranja natural,Bebidas,63,9.0,3.0,0
2025-02-13,Torta de limão (fatia),Doces,23,11.0,3.5,0
2025-02-14,Baguete,Pães,61,8.0,2.6,0
2025-02-14,Bolo de cenoura (fatia),Doces,50,7.0,2.0,0
2025-02-14,Brigadeiro,Doces,173,3.0,0.9,0
2025-02-14,Coxinha,Salgados,144,7.5,2.3,0
2025-02-14,Croissant,Pães,102,7.0,2.4,0
2025-02-14,Empada de frango,Salgados,107,7.0,2.2,0
2025-02-14,Esfiha de carne,Salgados,64,6.5,2.0,0
2025-02-14,Misto quente,Lanches,95,9.0,3.0,0
2025-02-14,Pudim (fatia),Doces,18,10.0,3.2,0
2025-02-14,Pão de batata,Salgados,86,6.0,1.8,0
2025-02-14,Pão de forma caseiro,Pães,25,12.0,4.5,0
2025-02-14,Pão de queijo,Pães,117,3.5,1.1,0
2025-02-14,Pão francês,Pães,865,0.9,0.3,0
2025-02-14,Pão na chapa,Lanches,169,6.0,1.5,0
2025-02-14,Sanduíche natural,Lanches,70,14.0,5.5,0
2025-02-14,Sonho,Doces,61,6.0,1.9,0
2025-02-14,Suco de laranja natural,Bebidas,120,9.0,3.0,0
2025-02-14,Torta de limão (fatia),Doces,25,11.0,3.5,0
2025-02-15,Baguete,Pães,42,8.0,2.6,0
2025-02-15,Bolo de cenoura (fatia),Doces,80,7.0,2.0,0
2025-02-15,Brigadeiro,Doces,113,3.0,0.9,0
2025-02-15,Coxinha,Salgados,103,7.5,2.3,0
2025-02-15,Croissant,Pães,92,7.0,2.4,0
2025-02-15,Empada de frango,Salgados,55,7.0,2.2,0
2025-02-15,Esfiha de carne,Salgados,44,6.5,2.0,0
2025-02-15,Misto quente,Lanches,74,9.0,3.0,0
2025-02-15,Pudim (fatia),Doces,25,10.0,3.2,0
2025-02-15,Pão de batata,Salgados,89,6.0,1.8,0
2025-02-15,Pão de forma caseiro,Pães,34,12.0,4.5,0
2025-02-15,Pão de queijo,Pães,247,3.5,1.1,0
2025-02-15,Pão francês,Pães,1170,0.9,0.3,0
2025-02-15,Pão na chapa,Lanches,159,6.0,1.5,0
2025-02-15,Sanduíche natural,Lanches,20,14.0,5.5,0
2025-02-15,Sonho,Doces,91,6.0,1.9,0
2025-02-15,Suco de laranja natural,Bebidas,98,9.0,3.0,0
2025-02-15,Torta de limão (fatia),Doces,33,11.0,3.5,0
2025-02-16,Baguete,Pães,73,8.0,2.6,0
2025-02-16,Bolo de cenoura (fatia),Doces,71,7.0,2.0,0
2025-02-16,Brigadeiro,Doces,165,3.0,0.9,0
2025-02-16,Coxinha,Salgados,57,7.5,2.3,0
2025-02-16,Croissant,Pães,83,7.0,2.4,0
2025-02-16,Empada de frango,Salgados,51,7.0,2.2,0
2025-02-16,Esfiha de carne,Salgados,68,5.52,2.0,1
2025-02-16,Misto quente,Lanches,67,9.0,3.0,0
2025-02-16,Pudim (fatia),Doces,54,10.0,3.2,0
2025-02-16,Pão de batata,Salgados,74,6.0,1.8,0
2025-02-16,Pão de forma caseiro,Pães,57,12.0,4.5,0
2025-02-16,Pão de queijo,Pães,256,3.5,1.1,0
2025-02-16,Pão francês,Pães,1394,0.9,0.3,0
2025-02-16,Pão na chapa,Lanches,248,6.0,1.5,0
2025-02-16,Sanduíche natural,Lanches,30,14.0,5.5,0
2025-02-16,Sonho,Doces,132,6.0,1.9,0
2025-02-16,Suco de laranja natural,Bebidas,102,9.0,3.0,0
2025-02-16,Torta de limão (fatia),Doces,54,11.0,3.5,0
2025-02-17,Baguete,Pães,45,8.0,2.6,0
2025-02-17,Bolo de cenoura (fatia),Doces,74,7.0,2.0,0
2025-02-17,Brigadeiro,Doces,63,3.0,0.9,0
2025-02-17,Coxinha,Salgados,142,7.5,2.3,0
2025-02-17,Croissant,Pães,111,5.95,2.4,1
2025-02-17,Empada de frango,Salgados,101,7.0,2.2,0
2025-02-17,Esfiha de carne,Salgados,121,6.5,2.0,0
2025-02-17,Misto quente,Lanches,71,9.0,3.0,0
2025-02-17,Pudim (fatia),Doces,29,10.0,3.2,0
2025-02-17,Pão de batata,Salgados,158,6.0,1.8,0
2025-02-17,Pão de forma caseiro,Pães,25,12.0,4.5,0
2025-02-17,Pão de queijo,Pães,247,3.5,1.1,0
2025-02-17,Pão francês,Pães,1058,0.9,0.3,0
2025-02-17,Pão na chapa,Lanches,130,6.0,1.5,0
2025-02-17,Sanduíche natural,Lanches,33,14.0,5.5,0
2025-02-17,Sonho,Doces,64,6.0,1.9,0
2025-02-17,Suco de laranja natural,Bebidas,89,9.0,3.0,0
2025-02-17,Torta de limão (fatia),Doces,28,11.0,3.5,0
2025-02-18,Baguete,Pães,21,8.0,2.6,0
2025-02-18,Bolo de cenoura (fatia),Doces,98,7.0,2.0,0
2025-02-18,Brigadeiro,Doces,73,3.0,0.9,0
2025-02-18,Coxinha,Salgados,135,7.5,2.3,0
2025-02-18,Croissant,Pães,45,7.0,2.4,0
2025-02-18,Empada de frango,Salgados,60,7.0,2.2,0
2025-02-18,Esfiha de carne,Salgados,71,6.5,2.0,0
2025-02-18,Misto quente,Lanches,95,9.0,3.0,0
2025-02-18,Pudim (fatia),Doces,30,10.0,3.2,0
2025-02-18,Pão de batata,Salgados,67,6.0,1.8,0
2025-02-18,Pão de forma caseiro,Pães,24,12.0,4.5,0
2025-02-18,Pão de queijo,Pães,127,3.5,1.1,0
2025-02-18,Pão francês,Pães,897,0.9,0.3,0
2025-02-18,Pão na chapa,Lanches,134,6.0,1.5,0
2025-02-18,Sanduíche natural,Lanches,24,14.0,5.5,0
2025-02-18,Sonho,Doces,44,6.0,1.9,0
2025-02-18,Suco de laranja natural,Bebidas,71,9.0,3.0,0
2025-02-18,Torta de limão (fatia),Doces,37,11.0,3.5,0
2025-02-19,Baguete,Pães,42,8.0,2.6,0
2025-02-19,Bolo de cenoura (fatia),Doces,36,7.0,2.0,0
2025-02-19,Brigadeiro,Doces,98,3.0,0.9,0
2025-02-19,Coxinha,Salgados,184,7.5,2.3,0
2025-02-19,Croissant,Pães,66,7.0,2.4,0
2025-02-19,Empada de frango,Salgados,104,7.0,2.2,0
2025-02-19,Esfiha de carne,Salgados,81,6.5,2.0,0
2025-02-19,Misto quente,Lanches,46,9.0,3.0,0
2025-02-19,Pudim (fatia),Doces,48,10.0,3.2,0
2025-02-19,Pão de batata,Salgados,120,6.0,1.8,0
2025-02-19,Pão de forma caseiro,Pães,41,12.0,4.5,0
2025-02-19,Pão de queijo,Pães,213,3.5,1.1,0
2025-02-19,Pão francês,Pães,858,0.9,0.3,0
2025-02-19,Pão na chapa,Lanches,126,6.0,1.5,0
2025-02-19,Sanduíche natural,Lanches,66,14.0,5.5,0
2025-02-19,Sonho,Doces,53,6.0,1.9,0
2025-02-19,Suco de laranja natural,Bebidas,42,9.0,3.0,0
2025-02-19,Torta de limão (fatia),Doces,37,11.0,3.5,0
2025-02-20,Baguete,Pães,66,8.0,2.6,0
2025-02-20,Bolo de cenoura (fatia),Doces,75,7.0,2.0,0
2025-02-20,Brigadeiro,Doces,118,3.0,0.9,0
2025-02-20,Coxinha,Salgados,121,7.5,2.3,0
2025-02-20,Croissant,Pães,92,7.0,2.4,0
2025-02-20,Empada de frango,Salgados,84,7.0,2.2,0
2025-02-20,Esfiha de carne,Salgados,88,6.5,2.0,0
2025-02-20,Misto quente,Lanches,104,9.0,3.0,0
2025-02-20,Pudim (fatia),Doces,19,10.0,3.2,0
2025-02-20,Pão de batata,Salgados,99,6.0,1.8,0
2025-02-20,Pão de forma caseiro,Pães,29,12.0,4.5,0
2025-02-20,Pão de queijo,Pães,280,3.5,1.1,0
2025-02-20,Pão francês,Pães,833,0.9,0.3,0
2025-02-20,Pão na chapa,Lanches,103,6.0,1.5,0
2025-02-20,Sanduíche natural,Lanches,66,11.9,5.5,1
2025-02-20,Sonho,Doces,79,6.0,1.9,0
2025-02-20,Suco de laranja natural,Bebidas,213,9.0,3.0,0
2025-02-20,Torta de limão (fatia),Doces,25,11.0,3.5,0
2025-02-21,Baguete,Pães,51,8.0,2.6,0
2025-02-21,Bolo de cenoura (fatia),Doces,96,7.0,2.0,0
2025-02-21,Brigadeiro,Doces,192,2.55,0.9,1
2025-02-21,Coxinha,Salgados,176,7.5,2.3,0
2025-02-21,Croissant,Pães,62,7.0,2.4,0
2025-02-21,Empada de frango,Salgados,112,7.0,2.2,0
2025-02-21,Esfiha de carne,Salgados,85,6.5,2.0,0
2025-02-21,Misto quente,Lanches,91,9.0,3.0,0
2025-02-21,Pudim (fatia),Doces,45,10.0,3.2,0
2025-02-21,Pão de batata,Salgados,73,6.0,1.8,0
2025-02-21,Pão de forma caseiro,Pães,29,12.0,4.5,0
2025-02-21,Pão de queijo,Pães,309,3.5,1.1,0
2025-02-21,Pão francês,Pães,1047,0.9,0.3,0
2025-02-21,Pão na chapa,Lanches,150,6.0,1.5,0
2025-02-21,Sanduíche natural,Lanches,74,14.0,5.5,0
2025-02-21,Sonho,Doces,90,5.1,1.9,1
2025-02-21,Suco de laranja natural,Bebidas,56,9.0,3.0,0
2025-02-21,Torta de limão (fatia),Doces,69,11.0,3.5,0
2025-02-22,Baguete,Pães,65,8.0,2.6,0
2025-02-22,Bolo de cenoura (fatia),Doces,91,7.0,2.0,0
2025-02-22,Brigadeiro,Doces,135,3.0,0.9,0
2025-02-22,Coxinha,Salgados,104,7.5,2.3,0
2025-02-22,Croissant,Pães,129,7.0,2.4,0
2025-02-22,Empada de frango,Salgados,70,7.0,2.2,0
2025-02-22,Esfiha de carne,Salgados,107,6.5,2.0,0
2025-02-22,Misto quente,Lanches,66,9.0,3.0,0
2025-02-22,Pudim (fatia),Doces,35,10.0,3.2,0
2025-02-22,Pão de batata,Salgados,92,6.0,1.8,0
2025-02-22,Pão de forma caseiro,Pães,39,12.0,4.5,0
2025-02-22,Pão de queijo,Pães,341,3.5,1.1,0
2025-02-22,Pão francês,Pães,1227,0.9,0.3,0
2025-02-22,Pão na chapa,Lanches,144,6.0,1.5,0
2025-02-22,Sanduíche natural,Lanches,24,14.0,5.5,0
2025-02-22,Sonho,Doces,81,6.0,1.9,0
2025-02-22,Suco de laranja natural,Bebidas,142,9.0,3.0,0
2025-02-22,Torta de limão (fatia),Doces,45,11.0,3.5,0
2025-02-23,Baguete,Pães,59,8.0,2.6,0
2025-02-23,Bolo de cenoura (fatia),Doces,91,7.0,2.0,0
2025-02-23,Brigadeiro,Doces,133,3.0,0.9,0
2025-02-23,Coxinha,Salgados,62,7.5,2.3,0
2025-02-23,Croissant,Pães,81,7.0,2.4,0
2025-02-23,Empada de frango,Salgados,43,7.0,2.2,0
2025-02-23,Esfiha de carne,Salgados,81,5.52,2.0,1
2025-02-23,Misto quente,Lanches,55,9.0,3.0,0
2025-02-23,Pudim (fatia),Doces,27,10.0,3.2,0
2025-02-23,Pão de batata,Salgados,50,6.0,1.8,0
2025-02-23,Pão de forma caseiro,Pães,39,12.0,4.5,0
2025-02-23,Pão de queijo,Pães,247,3.5,1.1,0
2025-02-23,Pão francês,Pães,1171,0.9,0.3,0
2025-02-23,Pão na chapa,Lanches,181,6.0,1.5,0
2025-02-23,Sanduíche natural,Lanches,23,14.0,5.5,0
2025-02-23,Sonho,Doces,100,6.0,1.9,0
2025-02-23,Suco de laranja natural,Bebidas,108,9.0,3.0,0
2025-02-23,Torta de limão (fatia),Doces,44,11.0,3.5,0
2025-02-24,Baguete,Pães,52,8.0,2.6,0
2025-02-24,Bolo de cenoura (fatia),Doces,53,7.0,2.0,0
2025-02-24,Brigadeiro,Doces,80,3.0,0.9,0
2025-02-24,Coxinha,Salgados,140,7.5,2.3,0
2025-02-24,Croissant,Pães,54,7.0,2.4,0
2025-02-24,Empada de frango,Salgados,80,7.0,2.2,0
2025-02-24,Esfiha de carne,Salgados,102,6.5,2.0,0
2025-02-24,Misto quente,Lanches,84,9.0,3.0,0
2025-02-24,Pudim (fatia),Doces,15,10.0,3.2,0
2025-02-24,Pão de batata,Salgados,63,6.0,1.8,0
2025-02-24,Pão de forma caseiro,Pães,42,12.0,4.5,0
2025-02-24,Pão de queijo,Pães,263,3.5,1.1,0
2025-02-24,Pão francês,Pães,755,0.9,0.3,0
2025-02-24,Pão na chapa,Lanches,156,6.0,1.5,0
2025-02-24,Sanduíche natural,Lanches,76,14.0,5.5,0
2025-02-24,Sonho,Doces,64,6.0,1.9,0
2025-02-24,Suco de laranja natural,Bebidas,111,9.0,3.0,0
2025-02-24,Torta de limão (fatia),Doces,37,11.0,3.5,0
2025-02-25,Baguete,Pães,34,8.0,2.6,0
2025-02-25,Bolo de cenoura (fatia),Doces,38,7.0,2.0,0
2025-02-25,Brigadeiro,Doces,90,3.0,0.9,0
2025-02-25,Coxinha,Salgados,135,7.5,2.3,0
2025-02-25,Croissant,Pães,65,7.0,2.4,0
2025-02-25,Empada de frango,Salgados,76,7.0,2.2,0
2025-02-25,Esfiha de carne,Salgados,99,6.5,2.0,0
2025-02-25,Misto quente,Lanches,93,9.0,3.0,0
2025-02-25,Pudim (fatia),Doces,19,10.0,3.2,0
2025-02-25,Pão de batata,Salgados,97,6.0,1.8,0
2025-02-25,Pão de forma caseiro,Pães,26,12.0,4.5,0
2025-02-25,Pão de queijo,Pães,126,3.5,1.1,0
2025-02-25,Pão francês,Pães,677,0.9,0.3,0
2025-02-25,Pão na chapa,Lanches,111,6.0,1.5,0
2025-02-25,Sanduíche natural,Lanches,58,14.0,5.5,0
2025-02-25,Sonho,Doces,41,6.0,1.9,0
2025-02-25,Suco de laranja natural,Bebidas,88,9.0,3.0,0
2025-02-25,Torta de limão (fatia),Doces,54,9.35,3.5,1
2025-02-26,Baguete,Pães,25,8.0,2.6,0
2025-02-26,Bolo de cenoura (fatia),Doces,80,7.0,2.0,0
2025-02-26,Brigadeiro,Doces,113,2.55,0.9,1
2025-02-26,Coxinha,Salgados,131,7.5,2.3,0
2025-02-26,Croissant,Pães,63,7.0,2.4,0
2025-02-26,Empada de frango,Salgados,88,7.0,2.2,0
2025-02-26,Esfiha de carne,Salgados,159,6.5,2.0,0
2025-02-26,Misto quente,Lanches,61,9.0,3.0,0
2025-02-26,Pudim (fatia),Doces,40,10.0,3.2,0
2025-02-26,Pão de batata,Salgados,101,6.0,1.8,0
2025-02-26,Pão de forma caseiro,Pães,20,12.0,4.5,0
2025-02-26,Pão de queijo,Pães,204,3.5,1.1,0
2025-02-26,Pão francês,Pães,774,0.9,0.3,0
2025-02-26,Pão na chapa,Lanches,111,6.0,1.5,0
2025-02-26,Sanduíche natural,Lanches,40,14.0,5.5,0
2025-02-26,Sonho,Doces,48,6.0,1.9,0
2025-02-26,Suco de laranja natural,Bebidas,75,9.0,3.0,0
2025-02-26,Torta de limão (fatia),Doces,28,11.0,3.5,0
2025-02-27,Baguete,Pães,26,8.0,2.6,0
2025-02-27,Bolo de cenoura (fatia),Doces,39,7.0,2.0,0
2025-02-27,Brigadeiro,Doces,104,3.0,0.9,0
2025-02-27,Coxinha,Salgados,146,7.5,2.3,0
2025-02-27,Croissant,Pães,60,7.0,2.4,0
2025-02-27,Empada de frango,Salgados,64,7.0,2.2,0
2025-02-27,Esfiha de carne,Salgados,72,6.5,2.0,0
2025-02-27,Misto quente,Lanches,52,9.0,3.0,0
2025-02-27,Pudim (fatia),Doces,37,10.0,3.2,0
2025-02-27,Pão de batata,Salgados,86,6.0,1.8,0
2025-02-27,Pão de forma caseiro,Pães,18,12.0,4.5,0
2025-02-27,Pão de queijo,Pães,134,3.5,1.1,0
2025-02-27,Pão francês,Pães,950,0.9,0.3,0
2025-02-27,Pão na chapa,Lanches,125,6.0,1.5,0
2025-02-27,Sanduíche natural,Lanches,53,14.0,5.5,0
2025-02-27,Sonho,Doces,50,6.0,1.9,0
2025-02-27,Suco de laranja natural,Bebidas,104,7.65,3.0,1
2025-02-27,Torta de limão (fatia),Doces,17,11.0,3.5,0
2025-02-28,Baguete,Pães,66,8.0,2.6,0
2025-02-28,Bolo de cenoura (fatia),Doces,104,7.0,2.0,0
2025-02-28,Brigadeiro,Doces,121,3.0,0.9,0
2025-02-28,Coxinha,Salgados,136,7.5,2.3,0
2025-02-28,Croissant,Pães,37,7.0,2.4,0
2025-02-28,Empada de frango,Salgados,98,7.0,2.2,0
2025-02-28,Esfiha de carne,Salgados,65,6.5,2.0,0
2025-02-28,Misto quente,Lanches,131,9.0,3.0,0
2025-02-28,Pudim (fatia),Doces,35,10.0,3.2,0
2025-02-28,Pão de batata,Salgados,91,6.0,1.8,0
2025-02-28,Pão de forma caseiro,Pães,46,12.0,4.5,0
2025-02-28,Pão de queijo,Pães,170,3.5,1.1,0
2025-02-28,Pão francês,Pães,903,0.9,0.3,0
2025-02-28,Pão na chapa,Lanches,143,6.0,1.5,0
2025-02-28,Sanduíche natural,Lanches,64,14.0,5.5,0
2025-02-28,Sonho,Doces,57,6.0,1.9,0
2025-02-28,Suco de laranja natural,Bebidas,195,7.65,3.0,1
2025-02-28,Torta de limão (fatia),Doces,32,11.0,3.5,0
2025-03-01,Baguete,Pães,48,8.0,2.6,0
2025-03-01,Bolo de cenoura (fatia),Doces,108,7.0,2.0,0
2025-03-01,Brigadeiro,Doces,202,2.55,0.9,1
2025-03-01,Coxinha,Salgados,61,7.5,2.3,0
2025-03-01,Croissant,Pães,47,7.0,2.4,0
2025-03-01,Empada de frango,Salgados,27,7.0,2.2,0
2025-03-01,Esfiha de carne,Salgados,68,6.5,2.0,0
2025-03-01,Misto quente,Lanches,76,7.65,3.0,1
2025-03-01,Pudim (fatia),Doces,33,8.5,3.2,1
2025-03-01,Pão de batata,Salgados,36,6.0,1.8,0
2025-03-01,Pão de forma caseiro,Pães,40,12.0,4.5,0
2025-03-01,Pão de queijo,Pães,150,3.5,1.1,0
2025-03-01,Pão francês,Pães,1213,0.9,0.3,0
2025-03-01,Pão na chapa,Lanches,179,6.0,1.5,0
2025-03-01,Sanduíche natural,Lanches,27,14.0,5.5,0
2025-03-01,Sonho,Doces,134,6.0,1.9,0
2025-03-01,Suco de laranja natural,Bebidas,81,9.0,3.0,0
2025-03-01,Torta de limão (fatia),Doces,50,11.0,3.5,0
2025-03-02,Baguete,Pães,65,8.0,2.6,0
2025-03-02,Bolo de cenoura (fatia),Doces,90,7.0,2.0,0
2025-03-02,Brigadeiro,Doces,69,3.0,0.9,0
2025-03-02,Coxinha,Salgados,85,7.5,2.3,0
2025-03-02,Croissant,Pães,89,7.0,2.4,0
2025-03-02,Empada de frango,Salgados,54,7.0,2.2,0
2025-03-02,Esfiha de carne,Salgados,69,6.5,2.0,0
2025-03-02,Misto quente,Lanches,43,9.0,3.0,0
2025-03-02,Pudim (fatia),Doces,25,10.0,3.2,0
2025-03-02,Pão de batata,Salgados,55,6.0,1.8,0
2025-03-02,Pão de forma caseiro,Pães,18,12.0,4.5,0
2025-03-02,Pão de queijo,Pães,243,3.5,1.1,0
2025-03-02,Pão francês,Pães,1089,0.9,0.3,0
2025-03-02,Pão na chapa,Lanches,207,6.0,1.5,0
2025-03-02,Sanduíche natural,Lanches,28,14.0,5.5,0
2025-03-02,Sonho,Doces,49,6.0,1.9,0
2025-03-02,Suco de laranja natural,Bebidas,87,9.0,3.0,0
2025-03-02,Torta de limão (fatia),Doces,29,11.0,3.5,0
2025-03-03,Baguete,Pães,50,8.0,2.6,0
2025-03-03,Bolo de cenoura (fatia),Doces,41,7.0,2.0,0
2025-03-03,Brigadeiro,Doces,67,3.0,0.9,0
2025-03-03,Coxinha,Salgados,94,7.5,2.3,0
2025-03-03,Croissant,Pães,41,7.0,2.4,0
2025-03-03,Empada de frango,Salgados,55,7.0,2.2,0
2025-03-03,Esfiha de carne,Salgados,112,5.52,2.0,1
2025-03-03,Misto quente,Lanches,76,9.0,3.0,0
2025-03-03,Pudim (fatia),Doces,26,10.0,3.2,0
2025-03-03,Pão de batata,Salgados,56,6.0,1.8,0
2025-03-03,Pão de forma caseiro,Pães,24,12.0,4.5,0
2025-03-03,Pão de queijo,Pães,167,3.5,1.1,0
2025-03-03,Pão francês,Pães,603,0.9,0.3,0
2025-03-03,Pão na chapa,Lanches,83,6.0,1.5,0
2025-03-03,Sanduíche natural,Lanches,69,14.0,5.5,0
2025-03-03,Sonho,Doces,29,6.0,1.9,0
2025-03-03,Suco de laranja natural,Bebidas,91,9.0,3.0,0
2025-03-03,Torta de limão (fatia),Doces,12,11.0,3.5,0
2025-03-04,Baguete,Pães,22,8.0,2.6,0
2025-03-04,Bolo de cenoura (fatia),Doces,29,7.0,2.0,0
2025-03-04,Brigadeiro,Doces,48,3.0,0.9,0
2025-03-04,Coxinha,Salgados,144,7.5,2.3,0
2025-03-04,Croissant,Pães,30,7.0,2.4,0
2025-03-04,Empada de frango,Salgados,27,7.0,2.2,0
2025-03-04,Esfiha de carne,Salgados,79,6.5,2.0,0
2025-03-04,Misto quente,Lanches,86,9.0,3.0,0
2025-03-04,Pudim (fatia),Doces,14,10.0,3.2,0
2025-03-04,Pão de batata,Salgados,49,6.0,1.8,0
2025-03-04,Pão de forma caseiro,Pães,12,12.0,4.5,0
2025-03-04,Pão de queijo,Pães,143,3.5,1.1,0
2025-03-04,Pão francês,Pães,743,0.9,0.3,0
2025-03-04,Pão na chapa,Lanches,154,5.1,1.5,1
2025-03-04,Sanduíche natural,Lanches,33,14.0,5.5,0
2025-03-04,Sonho,Doces,63,6.0,1.9,0
2025-03-04,Suco de laranja natural,Bebidas,29,9.0,3.0,0
2025-03-04,Torta de limão (fatia),Doces,22,11.0,3.5,0
2025-03-05,Baguete,Pães,34,8.0,2.6,0
2025-03-05,Bolo de cenoura (fatia),Doces,42,7.0,2.0,0
2025-03-05,Brigadeiro,Doces,77,3.0,0.9,0
2025-03-05,Coxinha,Salgados,111,7.5,2.3,0
2025-03-05,Croissant,Pães,66,7.0,2.4,0
2025-03-05,Empada de frango,Salgados,84,7.0,2.2,0
2025-03-05,Esfiha de carne,Salgados,122,6.5,2.0,0
2025-03-05,Misto quente,Lanches,53,9.0,3.0,0
2025-03-05,Pudim (fatia),Doces,26,10.0,3.2,0
2025-03-05,Pão de batata,Salgados,85,6.0,1.8,0
2025-03-05,Pão de forma caseiro,Pães,24,12.0,4.5,0
2025-03-05,Pão de queijo,Pães,180,3.5,1.1,0
2025-03-05,Pão francês,Pães,1021,0.9,0.3,0
2025-03-05,Pão na chapa,Lanches,132,6.0,1.5,0
2025-03-05,Sanduíche natural,Lanches,27,14.0,5.5,0
2025-03-05,Sonho,Doces,33,6.0,1.9,0
2025-03-05,Suco de laranja natural,Bebidas,68,9.0,3.0,0
2025-03-05,Torta de limão (fatia),Doces,37,11.0,3.5,0
2025-03-06,Baguete,Pães,82,8.0,2.6,0
2025-03-06,Bolo de cenoura (fatia),Doces,47,7.0,2.0,0
2025-03-06,Brigadeiro,Doces,48,3.0,0.9,0
2025-03-06,Coxinha,Salgados,149,7.5,2.3,0
2025-03-06,Croissant,Pães,35,7.0,2.4,0
2025-03-06,Empada de frango,Salgados,63,7.0,2.2,0
2025-03-06,Esfiha de carne,Salgados,80,6.5,2.0,0
2025-03-06,Misto quente,Lanches,131,9.0,3.0,0
2025-03-06,Pudim (fatia),Doces,33,10.0,3.2,0
2025-03-06,Pão de batata,Salgados,73,6.0,1.8,0
2025-03-06,Pão de forma caseiro,Pães,39,10.2,4.5,1
2025-03-06,Pão de queijo,Pães,199,3.5,1.1,0
2025-03-06,Pão francês,Pães,885,0.9,0.3,0
2025-03-06,Pão na chapa,Lanches,118,6.0,1.5,0
2025-03-06,Sanduíche natural,Lanches,32,11.9,5.5,1
2025-03-06,Sonho,Doces,61,6.0,1.9,0
2025-03-06,Suco de laranja natural,Bebidas,50,9.0,3.0,0
2025-03-06,Torta de limão (fatia),Doces,28,11.0,3.5,0
2025-03-07,Baguete,Pães,25,8.0,2.6,0
2025-03-07,Bolo de cenoura (fatia),Doces,52,7.0,2.0,0
2025-03-07,Brigadeiro,Doces,106,3.0,0.9,0
2025-03-07,Coxinha,Salgados,143,7.5,2.3,0
2025-03-07,Croissant,Pães,76,7.0,2.4,0
2025-03-07,Empada de frango,Salgados,51,7.0,2.2,0
2025-03-07,Esfiha de carne,Salgados,97,6.5,2.0,0
2025-03-07,Misto quente,Lanches,96,9.0,3.0,0
2025-03-07,Pudim (fatia),Doces,29,10.0,3.2,0
2025-03-07,Pão de batata,Salgados,66,6.0,1.8,0
2025-03-07,Pão de forma caseiro,Pães,34,12.0,4.5,0
2025-03-07,Pão de queijo,Pães,285,3.5,1.1,0
2025-03-07,Pão francês,Pães,745,0.9,0.3,0
2025-03-07,Pão na chapa,Lanches,111,6.0,1.5,0
2025-03-07,Sanduíche natural,Lanches,50,14.0,5.5,0
2025-03-07,Sonho,Doces,74,6.0,1.9,0
2025-03-07,Suco de laranja natural,Bebidas,75,9.0,3.0,0
2025-03-07,Torta de limão (fatia),Doces,51,11.0,3.5,0
2025-03-08,Baguete,Pães,51,8.0,2.6,0
2025-03-08,Bolo de cenoura (fatia),Doces,43,7.0,2.0,0
2025-03-08,Brigadeiro,Doces,181,3.0,0.9,0
2025-03-08,Coxinha,Salgados,75,7.5,2.3,0
2025-03-08,Croissant,Pães,64,7.0,2.4,0
2025-03-08,Empada de frango,Salgados,64,7.0,2.2,0
2025-03-08,Esfiha de carne,Salgados,51,6.5,2.0,0
2025-03-08,Misto quente,Lanches,69,9.0,3.0,0
2025-03-08,Pudim (fatia),Doces,28,10.0,3.2,0
2025-03-08,Pão de batata,Salgados,99,6.0,1.8,0
2025-03-08,Pão de forma caseiro,Pães,16,12.0,4.5,0
2025-03-08,Pão de queijo,Pães,197,3.5,1.1,0
2025-03-08,Pão francês,Pães,1323,0.9,0.3,0
2025-03-08,Pão na chapa,Lanches,110,6.0,1.5,0
2025-03-08,Sanduíche natural,Lanches,17,14.0,5.5,0
2025-03-08,Sonho,Doces,71,6.0,1.9,0
2025-03-08,Suco de laranja natural,Bebidas,94,9.0,3.0,0
2025-03-08,Torta de limão (fatia),Doces,57,11.0,3.5,0
2025-03-09,Baguete,Pães,51,8.0,2.6,0
2025-03-09,Bolo de cenoura (fatia),Doces,49,7.0,2.0,0
2025-03-09,Brigadeiro,Doces,64,3.0,0.9,0
2025-03-09,Coxinha,Salgados,79,7.5,2.3,0
2025-03-09,Croissant,Pães,90,7.0,2.4,0
2025-03-09,Empada de frango,Salgados,35,7.0,2.2,0
2025-03-09,Esfiha de carne,Salgados,37,6.5,2.0,0
2025-03-09,Misto quente,Lanches,58,9.0,3.0,0
2025-03-09,Pudim (fatia),Doces,36,10.0,3.2,0
2025-03-09,Pão de batata,Salgados,44,6.0,1.8,0
2025-03-09,Pão de forma caseiro,Pães,45,10.2,4.5,1
2025-03-09,Pão de queijo,Pães,280,3.5,1.1,0
2025-03-09,Pão francês,Pães,1167,0.9,0.3,0
2025-03-09,Pão na chapa,Lanches,251,6.0,1.5,0
2025-03-09,Sanduíche natural,Lanches,22,14.0,5.5,0
2025-03-09,Sonho,Doces,96,6.0,1.9,0
2025-03-09,Suco de laranja natural,Bebidas,107,9.0,3.0,0
2025-03-09,Torta de limão (fatia),Doces,34,11.0,3.5,0
2025-03-10,Baguete,Pães,28,8.0,2.6,0
2025-03-10,Bolo de cenoura (fatia),Doces,46,7.0,2.0,0
2025-03-10,Brigadeiro,Doces,36,3.0,0.9,0
2025-03-10,Coxinha,Salgados,135,7.5,2.3,0
2025-03-10,Croissant,Pães,81,7.0,2.4,0
2025-03-10,Empada de frango,Salgados,38,7.0,2.2,0
2025-03-10,Esfiha de carne,Salgados,51,6.5,2.0,0
2025-03-10,Misto quente,Lanches,97,9.0,3.0,0
2025-03-10,Pudim (fatia),Doces,13,10.0,3.2,0
2025-03-10,Pão de batata,Salgados,54,6.0,1.8,0
2025-03-10,Pão de forma caseiro,Pães,11,12.0,4.5,0
2025-03-10,Pão de queijo,Pães,139,3.5,1.1,0
2025-03-10,Pão francês,Pães,1103,0.76,0.3,1
2025-03-10,Pão na chapa,Lanches,141,6.0,1.5,0
2025-03-10,Sanduíche natural,Lanches,23,14.0,5.5,0
2025-03-10,Sonho,Doces,51,6.0,1.9,0
2025-03-10,Suco de laranja natural,Bebidas,72,9.0,3.0,0
2025-03-10,Torta de limão (fatia),Doces,30,11.0,3.5,0
2025-03-11,Baguete,Pães,33,8.0,2.6,0
2025-03-11,Bolo de cenoura (fatia),Doces,45,7.0,2.0,0
2025-03-11,Brigadeiro,Doces,86,3.0,0.9,0
2025-03-11,Coxinha,Salgados,133,7.5,2.3,0
2025-03-11,Croissant,Pães,70,7.0,2.4,0
2025-03-11,Empada de frango,Salgados,71,7.0,2.2,0
2025-03-11,Esfiha de carne,Salgados,57,6.5,2.0,0
2025-03-11,Misto quente,Lanches,134,9.0,3.0,0
2025-03-11,Pudim (fatia),Doces,29,10.0,3.2,0
2025-03-11,Pão de batata,Salgados,64,6.0,1.8,0
2025-03-11,Pão de forma caseiro,Pães,31,12.0,4.5,0
2025-03-11,Pão de queijo,Pães,134,3.5,1.1,0
2025-03-11,Pão francês,Pães,1067,0.76,0.3,1
2025-03-11,Pão na chapa,Lanches,94,6.0,1.5,0
2025-03-11,Sanduíche natural,Lanches,61,14.0,5.5,0
2025-03-11,Sonho,Doces,51,6.0,1.9,0
2025-03-11,Suco de laranja natural,Bebidas,87,9.0,3.0,0
2025-03-11,Torta de limão (fatia),Doces,23,11.0,3.5,0
2025-03-12,Baguete,Pães,40,8.0,2.6,0
2025-03-12,Bolo de cenoura (fatia),Doces,76,7.0,2.0,0
2025-03-12,Brigadeiro,Doces,100,3.0,0.9,0
2025-03-12,Coxinha,Salgados,110,7.5,2.3,0
2025-03-12,Croissant,Pães,89,7.0,2.4,0
2025-03-12,Empada de frango,Salgados,67,7.0,2.2,0
2025-03-12,Esfiha de carne,Salgados,137,5.52,2.0,1
2025-03-12,Misto quente,Lanches,132,9.0,3.0,0
2025-03-12,Pudim (fatia),Doces,33,10.0,3.2,0
2025-03-12,Pão de batata,Salgados,69,6.0,1.8,0
2025-03-12,Pão de forma caseiro,Pães,16,12.0,4.5,0
2025-03-12,Pão de queijo,Pães,174,3.5,1.1,0
2025-03-12,Pão francês,Pães,1280,0.9,0.3,0
2025-03-12,Pão na chapa,Lanches,69,6.0,1.5,0
2025-03-12,Sanduíche natural,Lanches,54,14.0,5.5,0
2025-03-12,Sonho,Doces,63,6.0,1.9,0
2025-03-12,Suco de laranja natural,Bebidas,56,9.0,3.0,0
2025-03-12,Torta de limão (fatia),Doces,29,11.0,3.5,0
2025-03-13,Baguete,Pães,33,6.8,2.6,1
2025-03-13,Bolo de cenoura (fatia),Doces,24,7.0,2.0,0
2025-03-13,Brigadeiro,Doces,111,3.0,0.9,0
2025-03-13,Coxinha,Salgados,104,7.5,2.3,0
2025-03-13,Croissant,Pães,56,7.0,2.4,0
2025-03-13,Empada de frango,Salgados,67,7.0,2.2,0
2025-03-13,Esfiha de carne,Salgados,111,6.5,2.0,0
2025-03-13,Misto quente,Lanches,64,9.0,3.0,0
2025-03-13,Pudim (fatia),Doces,30,10.0,3.2,0
2025-03-13,Pão de batata,Salgados,55,6.0,1.8,0
2025-03-13,Pão de forma caseiro,Pães,33,12.0,4.5,0
2025-03-13,Pão de queijo,Pães,148,3.5,1.1,0
2025-03-13,Pão francês,Pães,1077,0.9,0.3,0
2025-03-13,Pão na chapa,Lanches,121,6.0,1.5,0
2025-03-13,Sanduíche natural,Lanches,63,14.0,5.5,0
2025-03-13,Sonho,Doces,62,6.0,1.9,0
2025-03-13,Suco de laranja natural,Bebidas,73,9.0,3.0,0
2025-03-13,Torta de limão (fatia),Doces,47,11.0,3.5,0
2025-03-14,Baguete,Pães,43,8.0,2.6,0
2025-03-14,Bolo de cenoura (fatia),Doces,45,7.0,2.0,0
2025-03-14,Brigadeiro,Doces,116,3.0,0.9,0
2025-03-14,Coxinha,Salgados,155,7.5,2.3,0
2025-03-14,Croissant,Pães,59,7.0,2.4,0
2025-03-14,Empada de frango,Salgados,62,7.0,2.2,0
2025-03-14,Esfiha de carne,Salgados,94,6.5,2.0,0
2025-03-14,Misto quente,Lanches,60,9.0,3.0,0
2025-03-14,Pudim (fatia),Doces,26,10.0,3.2,0
2025-03-14,Pão de batata,Salgados,68,6.0,1.8,0
2025-03-14,Pão de forma caseiro,Pães,65,12.0,4.5,0
2025-03-14,Pão de queijo,Pães,190,3.5,1.1,0
2025-03-14,Pão francês,Pães,870,0.9,0.3,0
2025-03-14,Pão na chapa,Lanches,131,6.0,1.5,0
2025-03-14,Sanduíche natural,Lanches,20,14.0,5.5,0
2025-03-14,Sonho,Doces,71,6.0,1.9,0
2025-03-14,Suco de laranja natural,Bebidas,60,9.0,3.0,0
2025-03-14,Torta de limão (fatia),Doces,20,11.0,3.5,0
2025-03-15,Baguete,Pães,49,8.0,2.6,0
2025-03-15,Bolo de cenoura (fatia),Doces,51,7.0,2.0,0
2025-03-15,Brigadeiro,Doces,87,3.0,0.9,0
2025-03-15,Coxinha,Salgados,100,7.5,2.3,0
2025-03-15,Croissant,Pães,26,7.0,2.4,0
2025-03-15,Empada de frango,Salgados,72,7.0,2.2,0
2025-03-15,Esfiha de carne,Salgados,114,6.5,2.0,0
2025-03-15,Misto quente,Lanches,50,9.0,3.0,0
2025-03-15,Pudim (fatia),Doces,39,10.0,3.2,0
2025-03-15,Pão de batata,Salgados,57,6.0,1.8,0
2025-03-15,Pão de forma caseiro,Pães,42,12.0,4.5,0
2025-03-15,Pão de queijo,Pães,166,3.5,1.1,0
2025-03-15,Pão francês,Pães,1291,0.9,0.3,0
2025-03-15,Pão na chapa,Lanches,94,6.0,1.5,0
2025-03-15,Sanduíche natural,Lanches,52,14.0,5.5,0
2025-03-15,Sonho,Doces,72,6.0,1.9,0
2025-03-15,Suco de laranja natural,Bebidas,99,9.0,3.0,0
2025-03-15,Torta de limão (fatia),Doces,34,11.0,3.5,0
2025-03-16,Baguete,Pães,36,8.0,2.6,0
2025-03-16,Bolo de cenoura (fatia),Doces,113,7.0,2.0,0
2025-03-16,Brigadeiro,Doces,163,2.55,0.9,1
2025-03-16,Coxinha,Salgados,104,7.5,2.3,0
2025-03-16,Croissant,Pães,74,7.0,2.4,0
2025-03-16,Empada de frango,Salgados,62,7.0,2.2,0
2025-03-16,Esfiha de carne,Salgados,28,6.5,2.0,0
2025-03-16,Misto quente,Lanches,59,9.0,3.0,0
2025-03-16,Pudim (fatia),Doces,40,10.0,3.2,0
2025-03-16,Pão de batata,Salgados,49,6.0,1.8,0
2025-03-16,Pão de forma caseiro,Pães,36,12.0,4.5,0
2025-03-16,Pão de queijo,Pães,262,3.5,1.1,0
2025-03-16,Pão francês,Pães,1042,0.9,0.3,0
2025-03-16,Pão na chapa,Lanches,186,6.0,1.5,0
2025-03-16,Sanduíche natural,Lanches,25,14.0,5.5,0
2025-03-16,Sonho,Doces,62,6.0,1.9,0
2025-03-16,Suco de laranja natural,Bebidas,150,9.0,3.0,0
2025-03-16,Torta de limão (fatia),Doces,61,11.0,3.5,0
2025-03-17,Baguete,Pães,16,8.0,2.6,0
2025-03-17,Bolo de cenoura (fatia),Doces,36,7.0,2.0,0
2025-03-17,Brigadeiro,Doces,70,3.0,0.9,0
2025-03-17,Coxinha,Salgados,150,7.5,2.3,0
2025-03-17,Croissant,Pães,63,7.0,2.4,0
2025-03-17,Empada de frango,Salgados,51,7.0,2.2,0
2025-03-17,Esfiha de carne,Salgados,92,6.5,2.0,0
2025-03-17,Misto quente,Lanches,88,9.0,3.0,0
2025-03-17,Pudim (fatia),Doces,21,10.0,3.2,0
2025-03-17,Pão de batata,Salgados,77,6.0,1.8,0
2025-03-17,Pão de forma caseiro,Pães,28,12.0,4.5,0
2025-03-17,Pão de queijo,Pães,181,3.5,1.1,0
2025-03-17,Pão francês,Pães,1097,0.9,0.3,0
2025-03-17,Pão na chapa,Lanches,78,6.0,1.5,0
2025-03-17,Sanduíche natural,Lanches,20,14.0,5.5,0
2025-03-17,Sonho,Doces,43,6.0,1.9,0
2025-03-17,Suco de laranja natural,Bebidas,78,9.0,3.0,0
2025-03-17,Torta de limão (fatia),Doces,20,11.0,3.5,0
2025-03-18,Baguete,Pães,43,8.0,2.6,0
2025-03-18,Bolo de cenoura (fatia),Doces,35,7.0,2.0,0
2025-03-18,Brigadeiro,Doces,71,3.0,0.9,0
2025-03-18,Coxinha,Salgados,148,7.5,2.3,0
2025-03-18,Croissant,Pães,43,7.0,2.4,0
2025-03-18,Empada de frango,Salgados,70,7.0,2.2,0
2025-03-18,Esfiha de carne,Salgados,77,6.5,2.0,0
2025-03-18,Misto quente,Lanches,75,7.65,3.0,1
2025-03-18,Pudim (fatia),Doces,13,10.0,3.2,0
2025-03-18,Pão de batata,Salgados,64,6.0,1.8,0
2025-03-18,Pão de forma caseiro,Pães,10,12.0,4.5,0
2025-03-18,Pão de queijo,Pães,172,3.5,1.1,0
2025-03-18,Pão francês,Pães,632,0.9,0.3,0
2025-03-18,Pão na chapa,Lanches,114,6.0,1.5,0
2025-03-18,Sanduíche natural,Lanches,42,14.0,5.5,0
2025-03-18,Sonho,Doces,39,6.0,1.9,0
2025-03-18,Suco de laranja natural,Bebidas,43,9.0,3.0,0
2025-03-18,Torta de limão (fatia),Doces,20,11.0,3.5,0
2025-03-19,Baguete,Pães,40,8.0,2.6,0
2025-03-19,Bolo de cenoura (fatia),Doces,42,7.0,2.0,0
2025-03-19,Brigadeiro,Doces,88,3.0,0.9,0
2025-03-19,Coxinha,Salgados,150,7.5,2.3,0
2025-03-19,Croissant,Pães,95,7.0,2.4,0
2025-03-19,Empada de frango,Salgados,46,7.0,2.2,0
2025-03-19,Esfiha de carne,Salgados,91,6.5,2.0,0
2025-03-19,Misto quente,Lanches,54,9.0,3.0,0
2025-03-19,Pudim (fatia),Doces,14,10.0,3.2,0
2025-03-19,Pão de batata,Salgados,121,6.0,1.8,0
2025-03-19,Pão de forma caseiro,Pães,18,12.0,4.5,0
2025-03-19,Pão de queijo,Pães,168,3.5,1.1,0
2025-03-19,Pão francês,Pães,951,0.9,0.3,0
2025-03-19,Pão na chapa,Lanches,125,6.0,1.5,0
2025-03-19,Sanduíche natural,Lanches,48,14.0,5.5,0
2025-03-19,Sonho,Doces,44,6.0,1.9,0
2025-03-19,Suco de laranja natural,Bebidas,81,9.0,3.0,0
2025-03-19,Torta de limão (fatia),Doces,40,9.35,3.5,1
2025-03-20,Baguete,Pães,35,8.0,2.6,0
2025-03-20,Bolo de cenoura (fatia),Doces,33,7.0,2.0,0
2025-03-20,Brigadeiro,Doces,138,3.0,0.9,0
2025-03-20,Coxinha,Salgados,163,7.5,2.3,0
2025-03-20,Croissant,Pães,63,7.0,2.4,0
2025-03-20,Empada de frango,Salgados,111,7.0,2.2,0
2025-03-20,Esfiha de carne,Salgados,71,6.5,2.0,0
2025-03-20,Misto quente,Lanches,89,9.0,3.0,0
2025-03-20,Pudim (fatia),Doces,22,10.0,3.2,0
2025-03-20,Pão de batata,Salgados,73,6.0,1.8,0
2025-03-20,Pão de forma caseiro,Pães,17,12.0,4.5,0
2025-03-20,Pão de queijo,Pães,271,3.5,1.1,0
2025-03-20,Pão francês,Pães,954,0.9,0.3,0
2025-03-20,Pão na chapa,Lanches,108,5.1,1.5,1
2025-03-20,Sanduíche natural,Lanches,54,14.0,5.5,0
2025-03-20,Sonho,Doces,82,5.1,1.9,1
2025-03-20,Suco de laranja natural,Bebidas,78,9.0,3.0,0
2025-03-20,Torta de limão (fatia),Doces,23,11.0,3.5,0
2025-03-21,Baguete,Pães,41,8.0,2.6,0
2025-03-21,Bolo de cenoura (fatia),Doces,73,7.0,2.0,0
2025-03-21,Brigadeiro,Doces,91,3.0,0.9,0
2025-03-21,Coxinha,Salgados,80,7.5,2.3,0
2025-03-21,Croissant,Pães,115,7.0,2.4,0
2025-03-21,Empada de frango,Salgados,86,7.0,2.2,0
2025-03-21,Esfiha de carne,Salgados,127,6.5,2.0,0
2025-03-21,Misto quente,Lanches,66,9.0,3.0,0
2025-03-21,Pudim (fatia),Doces,32,10.0,3.2,0
2025-03-21,Pão de batata,Salgados,104,6.0,1.8,0
2025-03-21,Pão de forma caseiro,Pães,39,12.0,4.5,0
2025-03-21,Pão de queijo,Pães,143,3.5,1.1,0
2025-03-21,Pão francês,Pães,986,0.9,0.3,0
2025-03-21,Pão na chapa,Lanches,87,6.0,1.5,0
2025-03-21,Sanduíche natural,Lanches,51,14.0,5.5,0
2025-03-21,Sonho,Doces,48,6.0,1.9,0
2025-03-21,Suco de laranja natural,Bebidas,94,9.0,3.0,0
2025-03-21,Torta de limão (fatia),Doces,23,11.0,3.5,0
2025-03-22,Baguete,Pães,50,8.0,2.6,0
2025-03-22,Bolo de cenoura (fatia),Doces,97,7.0,2.0,0
2025-03-22,Brigadeiro,Doces,143,3.0,0.9,0
2025-03-22,Coxinha,Salgados,149,7.5,2.3,0
2025-03-22,Croissant,Pães,66,7.0,2.4,0
2025-03-22,Empada de frango,Salgados,44,7.0,2.2,0
2025-03-22,Esfiha de carne,Salgados,58,6.5,2.0,0
2025-03-22,Misto quente,Lanches,46,9.0,3.0,0
2025-03-22,Pudim (fatia),Doces,42,10.0,3.2,0
2025-03-22,Pão de batata,Salgados,60,6.0,1.8,0
2025-03-22,Pão de forma caseiro,Pães,31,12.0,4.5,0
2025-03-22,Pão de queijo,Pães,260,3.5,1.1,0
2025-03-22,Pão francês,Pães,1119,0.9,0.3,0
2025-03-22,Pão na chapa,Lanches,211,6.0,1.5,0
2025-03-22,Sanduíche natural,Lanches,47,14.0,5.5,0
2025-03-22,Sonho,Doces,53,6.0,1.9,0
2025-03-22,Suco de laranja natural,Bebidas,145,7.65,3.0,1
2025-03-22,Torta de limão (fatia),Doces,32,11.0,3.5,0
2025-03-23,Baguete,Pães,91,8.0,2.6,0
2025-03-23,Bolo de cenoura (fatia),Doces,107,5.95,2.0,1
2025-03-23,Brigadeiro,Doces,151,3.0,0.9,0
2025-03-23,Coxinha,Salgados,66,7.5,2.3,0
2025-03-23,Croissant,Pães,77,7.0,2.4,0
2025-03-23,Empada de frango,Salgados,43,7.0,2.2,0
2025-03-23,Esfiha de carne,Salgados,96,5.52,2.0,1
2025-03-23,Misto quente,Lanches,35,7.65,3.0,1
2025-03-23,Pudim (fatia),Doces,56,10.0,3.2,0
2025-03-23,Pão de batata,Salgados,65,6.0,1.8,0
2025-03-23,Pão de forma caseiro,Pães,29,12.0,4.5,0
2025-03-23,Pão de queijo,Pães,226,3.5,1.1,0
2025-03-23,Pão francês,Pães,1105,0.9,0.3,0
2025-03-23,Pão na chapa,Lanches,152,6.0,1.5,0
2025-03-23,Sanduíche natural,Lanches,48,14.0,5.5,0
2025-03-23,Sonho,Doces,71,6.0,1.9,0
2025-03-23,Suco de laranja natural,Bebidas,155,9.0,3.0,0
2025-03-23,Torta de limão (fatia),Doces,38,11.0,3.5,0
2025-03-24,Baguete,Pães,33,8.0,2.6,0
2025-03-24,Bolo de cenoura (fatia),Doces,56,7.0,2.0,0
2025-03-24,Brigadeiro,Doces,123,3.0,0.9,0
2025-03-24,Coxinha,Salgados,151,7.5,2.3,0
2025-03-24,Croissant,Pães,61,7.0,2.4,0
2025-03-24,Empada de frango,Salgados,57,7.0,2.2,0
2025-03-24,Esfiha de carne,Salgados,74,6.5,2.0,0
2025-03-24,Misto quente,Lanches,53,9.0,3.0,0
2025-03-24,Pudim (fatia),Doces,32,10.0,3.2,0
2025-03-24,Pão de batata,Salgados,60,6.0,1.8,0
2025-03-24,Pão de forma caseiro,Pães,19,12.0,4.5,0
2025-03-24,Pão de queijo,Pães,211,3.5,1.1,0
2025-03-24,Pão francês,Pães,811,0.9,0.3,0
2025-03-24,Pão na chapa,Lanches,162,6.0,1.5,0
2025-03-24,Sanduíche natural,Lanches,30,14.0,5.5,0
2025-03-24,Sonho,Doces,41,6.0,1.9,0
2025-03-24,Suco de laranja natural,Bebidas,59,9.0,3.0,0
2025-03-24,Torta de limão (fatia),Doces,23,11.0,3.5,0
2025-03-25,Baguete,Pães,38,8.0,2.6,0
2025-03-25,Bolo de cenoura (fatia),Doces,32,7.0,2.0,0
2025-03-25,Brigadeiro,Doces,58,3.0,0.9,0
2025-03-25,Coxinha,Salgados,142,7.5,2.3,0
2025-03-25,Croissant,Pães,65,7.0,2.4,0
2025-03-25,Empada de frango,Salgados,65,7.0,2.2,0
2025-03-25,Esfiha de carne,Salgados,148,6.5,2.0,0
2025-03-25,Misto quente,Lanches,73,9.0,3.0,0
2025-03-25,Pudim (fatia),Doces,35,10.0,3.2,0
2025-03-25,Pão de batata,Salgados,105,6.0,1.8,0
2025-03-25,Pão de forma caseiro,Pães,18,12.0,4.5,0
2025-03-25,Pão de queijo,Pães,238,3.5,1.1,0
2025-03-25,Pão francês,Pães,1088,0.9,0.3,0
2025-03-25,Pão na chapa,Lanches,93,6.0,1.5,0
2025-03-25,Sanduíche natural,Lanches,25,14.0,5.5,0
2025-03-25,Sonho,Doces,52,5.1,1.9,1
2025-03-25,Suco de laranja natural,Bebidas,51,9.0,3.0,0
2025-03-25,Torta de limão (fatia),Doces,13,11.0,3.5,0
2025-03-26,Baguete,Pães,30,8.0,2.6,0
2025-03-26,Bolo de cenoura (fatia),Doces,48,7.0,2.0,0
2025-03-26,Brigadeiro,Doces,88,3.0,0.9,0
2025-03-26,Coxinha,Salgados,88,7.5,2.3,0
2025-03-26,Croissant,Pães,78,7.0,2.4,0
2025-03-26,Empada de frango,Salgados,35,7.0,2.2,0
2025-03-26,Esfiha de carne,Salgados,79,5.52,2.0,1
2025-03-26,Misto quente,Lanches,43,9.0,3.0,0
2025-03-26,Pudim (fatia),Doces,31,10.0,3.2,0
2025-03-26,Pão de batata,Salgados,118,5.1,1.8,1
2025-03-26,Pão de forma caseiro,Pães,17,12.0,4.5,0
2025-03-26,Pão de queijo,Pães,170,3.5,1.1,0
2025-03-26,Pão francês,Pães,638,0.9,0.3,0
2025-03-26,Pão na chapa,Lanches,248,5.1,1.5,1
2025-03-26,Sanduíche natural,Lanches,27,14.0,5.5,0
2025-03-26,Sonho,Doces,63,5.1,1.9,1
2025-03-26,Suco de laranja natural,Bebidas,47,9.0,3.0,0
2025-03-26,Torta de limão (fatia),Doces,25,11.0,3.5,0
2025-03-27,Baguete,Pães,26,8.0,2.6,0
2025-03-27,Bolo de cenoura (fatia),Doces,20,7.0,2.0,0
2025-03-27,Brigadeiro,Doces,59,3.0,0.9,0
2025-03-27,Coxinha,Salgados,171,7.5,2.3,0
2025-03-27,Croissant,Pães,70,7.0,2.4,0
2025-03-27,Empada de frango,Salgados,44,7.0,2.2,0
2025-03-27,Esfiha de carne,Salgados,70,6.5,2.0,0
2025-03-27,Misto quente,Lanches,92,9.0,3.0,0
2025-03-27,Pudim (fatia),Doces,33,10.0,3.2,0
2025-03-27,Pão de batata,Salgados,81,6.0,1.8,0
2025-03-27,Pão de forma caseiro,Pães,20,12.0,4.5,0
2025-03-27,Pão de queijo,Pães,136,3.5,1.1,0
2025-03-27,Pão francês,Pães,776,0.9,0.3,0
2025-03-27,Pão na chapa,Lanches,76,6.0,1.5,0
2025-03-27,Sanduíche natural,Lanches,39,14.0,5.5,0
2025-03-27,Sonho,Doces,74,6.0,1.9,0
2025-03-27,Suco de laranja natural,Bebidas,51,9.0,3.0,0
2025-03-27,Torta de limão (fatia),Doces,19,11.0,3.5,0
2025-03-28,Baguete,Pães,57,8.0,2.6,0
2025-03-28,Bolo de cenoura (fatia),Doces,44,7.0,2.0,0
2025-03-28,Brigadeiro,Doces,157,3.0,0.9,0
2025-03-28,Coxinha,Salgados,179,7.5,2.3,0
2025-03-28,Croissant,Pães,55,7.0,2.4,0
2025-03-28,Empada de frango,Salgados,61,7.0,2.2,0
2025-03-28,Esfiha de carne,Salgados,134,6.5,2.0,0
2025-03-28,Misto quente,Lanches,153,9.0,3.0,0
2025-03-28,Pudim (fatia),Doces,31,10.0,3.2,0
2025-03-28,Pão de batata,Salgados,66,6.0,1.8,0
2025-03-28,Pão de forma caseiro,Pães,16,12.0,4.5,0
2025-03-28,Pão de queijo,Pães,137,3.5,1.1,0
2025-03-28,Pão francês,Pães,700,0.9,0.3,0
2025-03-28,Pão na chapa,Lanches,108,6.0,1.5,0
2025-03-28,Sanduíche natural,Lanches,42,14.0,5.5,0
2025-03-28,Sonho,Doces,40,6.0,1.9,0
2025-03-28,Suco de laranja natural,Bebidas,80,9.0,3.0,0
2025-03-28,Torta de limão (fatia),Doces,40,11.0,3.5,0
2025-03-29,Baguete,Pães,47,8.0,2.6,0
2025-03-29,Bolo de cenoura (fatia),Doces,45,7.0,2.0,0
2025-03-29,Brigadeiro,Doces,56,3.0,0.9,0
2025-03-29,Coxinha,Salgados,74,7.5,2.3,0
2025-03-29,Croissant,Pães,73,7.0,2.4,0
2025-03-29,Empada de frango,Salgados,54,7.0,2.2,0
2025-03-29,Esfiha de carne,Salgados,76,6.5,2.0,0
2025-03-29,Misto quente,Lanches,80,9.0,3.0,0
2025-03-29,Pudim (fatia),Doces,39,10.0,3.2,0
2025-03-29,Pão de batata,Salgados,58,6.0,1.8,0
2025-03-29,Pão de forma caseiro,Pães,20,12.0,4.5,0
2025-03-29,Pão de queijo,Pães,292,3.5,1.1,0
2025-03-29,Pão francês,Pães,1750,0.9,0.3,0
2025-03-29,Pão na chapa,Lanches,196,6.0,1.5,0
2025-03-29,Sanduíche natural,Lanches,31,14.0,5.5,0
2025-03-29,Sonho,Doces,68,6.0,1.9,0
2025-03-29,Suco de laranja natural,Bebidas,119,9.0,3.0,0
2025-03-29,Torta de limão (fatia),Doces,50,11.0,3.5,0
2025-03-30,Baguete,Pães,41,8.0,2.6,0
2025-03-30,Bolo de cenoura (fatia),Doces,119,7.0,2.0,0
2025-03-30,Brigadeiro,Doces,54,3.0,0.9,0
2025-03-30,Coxinha,Salgados,94,7.5,2.3,0
2025-03-30,Croissant,Pães,29,7.0,2.4,0
2025-03-30,Empada de frango,Salgados,35,7.0,2.2,0
2025-03-30,Esfiha de carne,Salgados,44,6.5,2.0,0
2025-03-30,Misto quente,Lanches,43,9.0,3.0,0
2025-03-30,Pudim (fatia),Doces,25,10.0,3.2,0
2025-03-30,Pão de batata,Salgados,39,6.0,1.8,0
2025-03-30,Pão de forma caseiro,Pães,26,12.0,4.5,0
2025-03-30,Pão de queijo,Pães,167,3.5,1.1,0
2025-03-30,Pão francês,Pães,1017,0.9,0.3,0
2025-03-30,Pão na chapa,Lanches,112,6.0,1.5,0
2025-03-30,Sanduíche natural,Lanches,21,14.0,5.5,0
2025-03-30,Sonho,Doces,77,6.0,1.9,0
2025-03-30,Suco de laranja natural,Bebidas,57,9.0,3.0,0
2025-03-30,Torta de limão (fatia),Doces,59,11.0,3.5,0
2025-03-31,Baguete,Pães,29,8.0,2.6,0
2025-03-31,Bolo de cenoura (fatia),Doces,38,7.0,2.0,0
2025-03-31,Brigadeiro,Doces,122,3.0,0.9,0
2025-03-31,Coxinha,Salgados,94,7.5,2.3,0
2025-03-31,Croissant,Pães,69,7.0,2.4,0
2025-03-31,Empada de frango,Salgados,66,7.0,2.2,0
2025-03-31,Esfiha de carne,Salgados,54,6.5,2.0,0
2025-03-31,Misto quente,Lanches,106,9.0,3.0,0
2025-03-31,Pudim (fatia),Doces,17,10.0,3.2,0
2025-03-31,Pão de batata,Salgados,25,6.0,1.8,0
2025-03-31,Pão de forma caseiro,Pães,12,12.0,4.5,0
2025-03-31,Pão de queijo,Pães,193,3.5,1.1,0
2025-03-31,Pão francês,Pães,817,0.9,0.3,0
2025-03-31,Pão na chapa,Lanches,106,6.0,1.5,0
2025-03-31,Sanduíche natural,Lanches,31,14.0,5.5,0
2025-03-31,Sonho,Doces,40,6.0,1.9,0
2025-03-31,Suco de laranja natural,Bebidas,98,9.0,3.0,0
2025-03-31,Torta de limão (fatia),Doces,29,11.0,3.5,0
2025-04-01,Baguete,Pães,24,8.0,2.6,0
2025-04-01,Bolo de cenoura (fatia),Doces,49,7.0,2.0,0
2025-04-01,Brigadeiro,Doces,82,3.0,0.9,0
2025-04-01,Coxinha,Salgados,146,7.5,2.3,0
2025-04-01,Croissant,Pães,71,7.0,2.4,0
2025-04-01,Empada de frango,Salgados,72,7.0,2.2,0
2025-04-01,Esfiha de carne,Salgados,98,6.5,2.0,0
2025-04-01,Misto quente,Lanches,74,9.0,3.0,0
2025-04-01,Pudim (fatia),Doces,16,10.0,3.2,0
2025-04-01,Pão de batata,Salgados,92,6.0,1.8,0
2025-04-01,Pão de forma caseiro,Pães,27,12.0,4.5,0
2025-04-01,Pão de queijo,Pães,126,3.5,1.1,0
2025-04-01,Pão francês,Pães,713,0.9,0.3,0
2025-04-01,Pão na chapa,Lanches,103,6.0,1.5,0
2025-04-01,Sanduíche natural,Lanches,74,14.0,5.5,0
2025-04-01,Sonho,Doces,25,6.0,1.9,0
2025-04-01,Suco de laranja natural,Bebidas,81,9.0,3.0,0
2025-04-01,Torta de limão (fatia),Doces,44,11.0,3.5,0
2025-04-02,Baguete,Pães,47,8.0,2.6,0
2025-04-02,Bolo de cenoura (fatia),Doces,81,7.0,2.0,0
2025-04-02,Brigadeiro,Doces,110,3.0,0.9,0
2025-04-02,Coxinha,Salgados,95,7.5,2.3,0
2025-04-02,Croissant,Pães,48,7.0,2.4,0
2025-04-02,Empada de frango,Salgados,43,7.0,2.2,0
2025-04-02,Esfiha de carne,Salgados,100,6.5,2.0,0
2025-04-02,Misto quente,Lanches,48,9.0,3.0,0
2025-04-02,Pudim (fatia),Doces,15,10.0,3.2,0
2025-04-02,Pão de batata,Salgados,57,6.0,1.8,0
2025-04-02,Pão de forma caseiro,Pães,30,12.0,4.5,0
2025-04-02,Pão de queijo,Pães,146,3.5,1.1,0
2025-04-02,Pão francês,Pães,902,0.9,0.3,0
2025-04-02,Pão na chapa,Lanches,167,6.0,1.5,0
2025-04-02,Sanduíche natural,Lanches,74,14.0,5.5,0
2025-04-02,Sonho,Doces,49,6.0,1.9,0
2025-04-02,Suco de laranja natural,Bebidas,80,9.0,3.0,0
2025-04-02,Torta de limão (fatia),Doces,38,11.0,3.5,0
2025-04-03,Baguete,Pães,58,6.8,2.6,1
2025-04-03,Bolo de cenoura (fatia),Doces,36,7.0,2.0,0
2025-04-03,Brigadeiro,Doces,89,3.0,0.9,0
2025-04-03,Coxinha,Salgados,129,7.5,2.3,0
2025-04-03,Croissant,Pães,47,7.0,2.4,0
2025-04-03,Empada de frango,Salgados,64,7.0,2.2,0
2025-04-03,Esfiha de carne,Salgados,48,6.5,2.0,0
2025-04-03,Misto quente,Lanches,65,9.0,3.0,0
2025-04-03,Pudim (fatia),Doces,21,10.0,3.2,0
2025-04-03,Pão de batata,Salgados,82,6.0,1.8,0
2025-04-03,Pão de forma caseiro,Pães,20,12.0,4.5,0
2025-04-03,Pão de queijo,Pães,157,3.5,1.1,0
2025-04-03,Pão francês,Pães,752,0.9,0.3,0
2025-04-03,Pão na chapa,Lanches,153,6.0,1.5,0
2025-04-03,Sanduíche natural,Lanches,59,14.0,5.5,0
2025-04-03,Sonho,Doces,69,6.0,1.9,0
2025-04-03,Suco de laranja natural,Bebidas,32,9.0,3.0,0
2025-04-03,Torta de limão (fatia),Doces,25,11.0,3.5,0
2025-04-04,Baguete,Pães,50,8.0,2.6,0
2025-04-04,Bolo de cenoura (fatia),Doces,65,7.0,2.0,0
2025-04-04,Brigadeiro,Doces,130,3.0,0.9,0
2025-04-04,Coxinha,Salgados,123,7.5,2.3,0
2025-04-04,Croissant,Pães,33,7.0,2.4,0
2025-04-04,Empada de frango,Salgados,48,7.0,2.2,0
2025-04-04,Esfiha de carne,Salgados,94,6.5,2.0,0
2025-04-04,Misto quente,Lanches,92,9.0,3.0,0
2025-04-04,Pudim (fatia),Doces,13,10.0,3.2,0
2025-04-04,Pão de batata,Salgados,71,6.0,1.8,0
2025-04-04,Pão de forma caseiro,Pães,17,12.0,4.5,0
2025-04-04,Pão de queijo,Pães,154,3.5,1.1,0
2025-04-04,Pão francês,Pães,987,0.9,0.3,0
2025-04-04,Pão na chapa,Lanches,94,6.0,1.5,0
2025-04-04,Sanduíche natural,Lanches,26,14.0,5.5,0
2025-04-04,Sonho,Doces,46,6.0,1.9,0
2025-04-04,Suco de laranja natural,Bebidas,43,9.0,3.0,0
2025-04-04,Torta de limão (fatia),Doces,31,11.0,3.5,0
2025-04-05,Baguete,Pães,49,8.0,2.6,0
2025-04-05,Bolo de cenoura (fatia),Doces,56,7.0,2.0,0
2025-04-05,Brigadeiro,Doces,129,3.0,0.9,0
2025-04-05,Coxinha,Salgados,109,7.5,2.3,0
2025-04-05,Croissant,Pães,99,7.0,2.4,0
2025-04-05,Empada de frango,Salgados,33,7.0,2.2,0
2025-04-05,Esfiha de carne,Salgados,63,6.5,2.0,0
2025-04-05,Misto quente,Lanches,42,9.0,3.0,0
2025-04-05,Pudim (fatia),Doces,38,10.0,3.2,0
2025-04-05,Pão de batata,Salgados,63,6.0,1.8,0
2025-04-05,Pão de forma caseiro,Pães,30,12.0,4.5,0
2025-04-05,Pão de queijo,Pães,229,3.5,1.1,0
2025-04-05,Pão francês,Pães,1390,0.9,0.3,0
2025-04-05,Pão na chapa,Lanches,177,6.0,1.5,0
2025-04-05,Sanduíche natural,Lanches,56,14.0,5.5,0
2025-04-05,Sonho,Doces,58,6.0,1.9,0
2025-04-05,Suco de laranja natural,Bebidas,79,9.0,3.0,0
2025-04-05,Torta de limão (fatia),Doces,36,11.0,3.5,0
2025-04-06,Baguete,Pães,69,8.0,2.6,0
2025-04-06,Bolo de cenoura (fatia),Doces,56,7.0,2.0,0
2025-04-06,Brigadeiro,Doces,84,3.0,0.9,0
2025-04-06,Coxinha,Salgados,104,7.5,2.3,0
2025-04-06,Croissant,Pães,75,7.0,2.4,0
2025-04-06,Empada de frango,Salgados,32,7.0,2.2,0
2025-04-06,Esfiha de carne,Salgados,79,6.5,2.0,0
2025-04-06,Misto quente,Lanches,27,9.0,3.0,0
2025-04-06,Pudim (fatia),Doces,62,8.5,3.2,1
2025-04-06,Pão de batata,Salgados,47,6.0,1.8,0
2025-04-06,Pão de forma caseiro,Pães,64,10.2,4.5,1
2025-04-06,Pão de queijo,Pães,246,3.5,1.1,0
2025-04-06,Pão francês,Pães,1364,0.9,0.3,0
2025-04-06,Pão na chapa,Lanches,138,6.0,1.5,0
2025-04-06,Sanduíche natural,Lanches,42,14.0,5.5,0
2025-04-06,Sonho,Doces,125,6.0,1.9,0
2025-04-06,Suco de laranja natural,Bebidas,107,9.0,3.0,0
2025-04-06,Torta de limão (fatia),Doces,52,11.0,3.5,0
2025-04-07,Baguete,Pães,50,8.0,2.6,0
2025-04-07,Bolo de cenoura (fatia),Doces,45,7.0,2.0,0
2025-04-07,Brigadeiro,Doces,79,3.0,0.9,0
2025-04-07,Coxinha,Salgados,137,7.5,2.3,0
2025-04-07,Croissant,Pães,103,7.0,2.4,0
2025-04-07,Empada de frango,Salgados,68,7.0,2.2,0
2025-04-07,Esfiha de carne,Salgados,144,6.5,2.0,0
2025-04-07,Misto quente,Lanches,75,9.0,3.0,0
2025-04-07,Pudim (fatia),Doces,18,10.0,3.2,0
2025-04-07,Pão de batata,Salgados,112,6.0,1.8,0
2025-04-07,Pão de forma caseiro,Pães,19,12.0,4.5,0
2025-04-07,Pão de queijo,Pães,275,3.5,1.1,0
2025-04-07,Pão francês,Pães,954,0.9,0.3,0
2025-04-07,Pão na chapa,Lanches,173,5.1,1.5,1
2025-04-07,Sanduíche natural,Lanches,56,14.0,5.5,0
2025-04-07,Sonho,Doces,72,6.0,1.9,0
2025-04-07,Suco de laranja natural,Bebidas,92,9.0,3.0,0
2025-04-07,Torta de limão (fatia),Doces,36,11.0,3.5,0
2025-04-08,Baguete,Pães,37,8.0,2.6,0
2025-04-08,Bolo de cenoura (fatia),Doces,42,7.0,2.0,0
2025-04-08,Brigadeiro,Doces,69,3.0,0.9,0
2025-04-08,Coxinha,Salgados,137,7.5,2.3,0
2025-04-08,Croissant,Pães,53,7.0,2.4,0
2025-04-08,Empada de frango,Salgados,53,7.0,2.2,0
2025-04-08,Esfiha de carne,Salgados,69,6.5,2.0,0
2025-04-08,Misto quente,Lanches,139,7.65,3.0,1
2025-04-08,Pudim (fatia),Doces,11,10.0,3.2,0
2025-04-08,Pão de batata,Salgados,71,5.1,1.8,1
2025-04-08,Pão de forma caseiro,Pães,14,12.0,4.5,0
2025-04-08,Pão de queijo,Pães,134,2.98,1.1,1
2025-04-08,Pão francês,Pães,954,0.9,0.3,0
2025-04-08,Pão na chapa,Lanches,150,6.0,1.5,0
2025-04-08,Sanduíche natural,Lanches,24,14.0,5.5,0
2025-04-08,Sonho,Doces,53,6.0,1.9,0
2025-04-08,Suco de laranja natural,Bebidas,71,9.0,3.0,0
2025-04-08,Torta de limão (fatia),Doces,26,11.0,3.5,0
2025-04-09,Baguete,Pães,34,8.0,2.6,0
2025-04-09,Bolo de cenoura (fatia),Doces,64,7.0,2.0,0
2025-04-09,Brigadeiro,Doces,114,3.0,0.9,0
2025-04-09,Coxinha,Salgados,121,7.5,2.3,0
2025-04-09,Croissant,Pães,49,7.0,2.4,0
2025-04-09,Empada de frango,Salgados,48,7.0,2.2,0
2025-04-09,Esfiha de carne,Salgados,80,6.5,2.0,0
2025-04-09,Misto quente,Lanches,111,9.0,3.0,0
2025-04-09,Pudim (fatia),Doces,15,10.0,3.2,0
2025-04-09,Pão de batata,Salgados,81,6.0,1.8,0
2025-04-09,Pão de forma caseiro,Pães,16,12.0,4.5,0
2025-04-09,Pão de queijo,Pães,178,3.5,1.1,0
2025-04-09,Pão francês,Pães,1429,0.76,0.3,1
2025-04-09,Pão na chapa,Lanches,106,6.0,1.5,0
2025-04-09,Sanduíche natural,Lanches,39,14.0,5.5,0
2025-04-09,Sonho,Doces,33,6.0,1.9,0
2025-04-09,Suco de laranja natural,Bebidas,40,9.0,3.0,0
2025-04-09,Torta de limão (fatia),Doces,27,11.0,3.5,0
2025-04-10,Baguete,Pães,43,8.0,2.6,0
2025-04-10,Bolo de cenoura (fatia),Doces,22,7.0,2.0,0
2025-04-10,Brigadeiro,Doces,103,3.0,0.9,0
2025-04-10,Coxinha,Salgados,186,7.5,2.3,0
2025-04-10,Croissant,Pães,119,7.0,2.4,0
2025-04-10,Empada de frango,Salgados,79,5.95,2.2,1
2025-04-10,Esfiha de carne,Salgados,45,6.5,2.0,0
2025-04-10,Misto quente,Lanches,63,9.0,3.0,0
2025-04-10,Pudim (fatia),Doces,44,10.0,3.2,0
2025-04-10,Pão de batata,Salgados,69,6.0,1.8,0
2025-04-10,Pão de forma caseiro,Pães,27,12.0,4.5,0
2025-04-10,Pão de queijo,Pães,204,3.5,1.1,0
2025-04-10,Pão francês,Pães,1142,0.9,0.3,0
2025-04-10,Pão na chapa,Lanches,148,6.0,1.5,0
2025-04-10,Sanduíche natural,Lanches,19,14.0,5.5,0
2025-04-10,Sonho,Doces,17,6.0,1.9,0
2025-04-10,Suco de laranja natural,Bebidas,42,9.0,3.0,0
2025-04-10,Torta de limão (fatia),Doces,46,11.0,3.5,0
2025-04-11,Baguete,Pães,52,8.0,2.6,0
2025-04-11,Bolo de cenoura (fatia),Doces,73,7.0,2.0,0
2025-04-11,Brigadeiro,Doces,75,3.0,0.9,0
2025-04-11,Coxinha,Salgados,147,7.5,2.3,0
2025-04-11,Croissant,Pães,83,7.0,2.4,0
2025-04-11,Empada de frango,Salgados,54,7.0,2.2,0
2025-04-11,Esfiha de carne,Salgados,74,6.5,2.0,0
2025-04-11,Misto quente,Lanches,177,9.0,3.0,0
2025-04-11,Pudim (fatia),Doces,18,10.0,3.2,0
2025-04-11,Pão de batata,Salgados,117,6.0,1.8,0
2025-04-11,Pão de forma caseiro,Pães,39,12.0,4.5,0
2025-04-11,Pão de queijo,Pães,236,3.5,1.1,0
2025-04-11,Pão francês,Pães,874,0.9,0.3,0
2025-04-11,Pão na chapa,Lanches,146,6.0,1.5,0
2025-04-11,Sanduíche natural,Lanches,57,14.0,5.5,0
2025-04-11,Sonho,Doces,99,5.1,1.9,1
2025-04-11,Suco de laranja natural,Bebidas,68,9.0,3.0,0
2025-04-11,Torta de limão (fatia),Doces,28,11.0,3.5,0
2025-04-12,Baguete,Pães,35,6.8,2.6,1
2025-04-12,Bolo de cenoura (fatia),Doces,83,7.0,2.0,0
2025-04-12,Brigadeiro,Doces,93,3.0,0.9,0
2025-04-12,Coxinha,Salgados,110,7.5,2.3,0
2025-04-12,Croissant,Pães,41,7.0,2.4,0
2025-04-12,Empada de frango,Salgados,87,7.0,2.2,0
2025-04-12,Esfiha de carne,Salgados,112,5.52,2.0,1
2025-04-12,Misto quente,Lanches,69,9.0,3.0,0
2025-04-12,Pudim (fatia),Doces,36,10.0,3.2,0
2025-04-12,Pão de batata,Salgados,48,5.1,1.8,1
2025-04-12,Pão de forma caseiro,Pães,23,12.0,4.5,0
2025-04-12,Pão de queijo,Pães,188,3.5,1.1,0
2025-04-12,Pão francês,Pães,1185,0.9,0.3,0
2025-04-12,Pão na chapa,Lanches,179,6.0,1.5,0
2025-04-12,Sanduíche natural,Lanches,29,14.0,5.5,0
2025-04-12,Sonho,Doces,80,6.0,1.9,0
2025-04-12,Suco de laranja natural,Bebidas,64,9.0,3.0,0
2025-04-12,Torta de limão (fatia),Doces,32,11.0,3.5,0
2025-04-13,Baguete,Pães,57,8.0,2.6,0
2025-04-13,Bolo de cenoura (fatia),Doces,115,7.0,2.0,0
2025-04-13,Brigadeiro,Doces,104,3.0,0.9,0
2025-04-13,Coxinha,Salgados,97,6.38,2.3,1
2025-04-13,Croissant,Pães,69,7.0,2.4,0
2025-04-13,Empada de frango,Salgados,40,7.0,2.2,0
2025-04-13,Esfiha de carne,Salgados,57,6.5,2.0,0
2025-04-13,Misto quente,Lanches,67,9.0,3.0,0
2025-04-13,Pudim (fatia),Doces,26,10.0,3.2,0
2025-04-13,Pão de batata,Salgados,44,6.0,1.8,0
2025-04-13,Pão de forma caseiro,Pães,47,12.0,4.5,0
2025-04-13,Pão de queijo,Pães,224,3.5,1.1,0
2025-04-13,Pão francês,Pães,994,0.9,0.3,0
2025-04-13,Pão na chapa,Lanches,164,6.0,1.5,0
2025-04-13,Sanduíche natural,Lanches,21,14.0,5.5,0
2025-04-13,Sonho,Doces,98,6.0,1.9,0
2025-04-13,Suco de laranja natural,Bebidas,125,9.0,3.0,0
2025-04-13,Torta de limão (fatia),Doces,96,9.35,3.5,1
2025-04-14,Baguete,Pães,56,8.0,2.6,0
2025-04-14,Bolo de cenoura (fatia),Doces,41,7.0,2.0,0
2025-04-14,Brigadeiro,Doces,66,3.0,0.9,0
2025-04-14,Coxinha,Salgados,100,7.5,2.3,0
2025-04-14,Croissant,Pães,40,7.0,2.4,0
2025-04-14,Empada de frango,Salgados,36,7.0,2.2,0
2025-04-14,Esfiha de carne,Salgados,75,6.5,2.0,0
2025-04-14,Misto quente,Lanches,108,9.0,3.0,0
2025-04-14,Pudim (fatia),Doces,21,10.0,3.2,0
2025-04-14,Pão de batata,Salgados,112,6.0,1.8,0
2025-04-14,Pão de forma caseiro,Pães,21,12.0,4.5,0
2025-04-14,Pão de queijo,Pães,126,3.5,1.1,0
2025-04-14,Pão francês,Pães,952,0.9,0.3,0
2025-04-14,Pão na chapa,Lanches,53,6.0,1.5,0
2025-04-14,Sanduíche natural,Lanches,31,14.0,5.5,0
2025-04-14,Sonho,Doces,40,6.0,1.9,0
2025-04-14,Suco de laranja natural,Bebidas,100,7.65,3.0,1
2025-04-14,Torta de limão (fatia),Doces,30,11.0,3.5,0
2025-04-15,Baguete,Pães,39,8.0,2.6,0
2025-04-15,Bolo de cenoura (fatia),Doces,67,7.0,2.0,0
2025-04-15,Brigadeiro,Doces,59,3.0,0.9,0
2025-04-15,Coxinha,Salgados,115,7.5,2.3,0
2025-04-15,Croissant,Pães,66,7.0,2.4,0
2025-04-15,Empada de frango,Salgados,92,7.0,2.2,0
2025-04-15,Esfiha de carne,Salgados,91,6.5,2.0,0
2025-04-15,Misto quente,Lanches,97,9.0,3.0,0
2025-04-15,Pudim (fatia),Doces,14,10.0,3.2,0
2025-04-15,Pão de batata,Salgados,77,6.0,1.8,0
2025-04-15,Pão de forma caseiro,Pães,26,12.0,4.5,0
2025-04-15,Pão de queijo,Pães,205,3.5,1.1,0
2025-04-15,Pão francês,Pães,1102,0.9,0.3,0
2025-04-15,Pão na chapa,Lanches,135,6.0,1.5,0
2025-04-15,Sanduíche natural,Lanches,28,14.0,5.5,0
2025-04-15,Sonho,Doces,60,6.0,1.9,0
2025-04-15,Suco de laranja natural,Bebidas,54,9.0,3.0,0
2025-04-15,Torta de limão (fatia),Doces,28,11.0,3.5,0
2025-04-16,Baguete,Pães,39,6.8,2.6,1
2025-04-16,Bolo de cenoura (fatia),Doces,60,7.0,2.0,0
2025-04-16,Brigadeiro,Doces,80,3.0,0.9,0
2025-04-16,Coxinha,Salgados,105,7.5,2.3,0
2025-04-16,Croissant,Pães,84,7.0,2.4,0
2025-04-16,Empada de frango,Salgados,93,5.95,2.2,1
2025-04-16,Esfiha de carne,Salgados,56,6.5,2.0,0
2025-04-16,Misto quente,Lanches,46,9.0,3.0,0
2025-04-16,Pudim (fatia),Doces,34,10.0,3.2,0
2025-04-16,Pão de batata,Salgados,76,6.0,1.8,0
2025-04-16,Pão de forma caseiro,Pães,21,12.0,4.5,0
2025-04-16,Pão de queijo,Pães,157,3.5,1.1,0
2025-04-16,Pão francês,Pães,1085,0.9,0.3,0
2025-04-16,Pão na chapa,Lanches,146,6.0,1.5,0
2025-04-16,Sanduíche natural,Lanches,41,14.0,5.5,0
2025-04-16,Sonho,Doces,74,6.0,1.9,0
2025-04-16,Suco de laranja natural,Bebidas,79,9.0,3.0,0
2025-04-16,Torta de limão (fatia),Doces,40,9.35,3.5,1
2025-04-17,Baguete,Pães,34,8.0,2.6,0
2025-04-17,Bolo de cenoura (fatia),Doces,28,7.0,2.0,0
2025-04-17,Brigadeiro,Doces,81,3.0,0.9,0
2025-04-17,Coxinha,Salgados,163,7.5,2.3,0
2025-04-17,Croissant,Pães,48,7.0,2.4,0
2025-04-17,Empada de frango,Salgados,55,7.0,2.2,0
2025-04-17,Esfiha de carne,Salgados,63,6.5,2.0,0
2025-04-17,Misto quente,Lanches,90,9.0,3.0,0
2025-04-17,Pudim (fatia),Doces,18,10.0,3.2,0
2025-04-17,Pão de batata,Salgados,57,6.0,1.8,0
2025-04-17,Pão de forma caseiro,Pães,20,12.0,4.5,0
2025-04-17,Pão de queijo,Pães,216,3.5,1.1,0
2025-04-17,Pão francês,Pães,961,0.9,0.3,0
2025-04-17,Pão na chapa,Lanches,104,6.0,1.5,0
2025-04-17,Sanduíche natural,Lanches,36,14.0,5.5,0
2025-04-17,Sonho,Doces,50,6.0,1.9,0
2025-04-17,Suco de laranja natural,Bebidas,68,9.0,3.0,0
2025-04-17,Torta de limão (fatia),Doces,21,11.0,3.5,0
2025-04-18,Baguete,Pães,38,8.0,2.6,0
2025-04-18,Bolo de cenoura (fatia),Doces,44,7.0,2.0,0
2025-04-18,Brigadeiro,Doces,103,3.0,0.9,0
2025-04-18,Coxinha,Salgados,59,7.5,2.3,0
2025-04-18,Croissant,Pães,87,7.0,2.4,0
2025-04-18,Empada de frango,Salgados,45,7.0,2.2,0
2025-04-18,Esfiha de carne,Salgados,51,6.5,2.0,0
2025-04-18,Misto quente,Lanches,126,9.0,3.0,0
2025-04-18,Pudim (fatia),Doces,43,10.0,3.2,0
2025-04-18,Pão de batata,Salgados,52,6.0,1.8,0
2025-04-18,Pão de forma caseiro,Pães,50,12.0,4.5,0
2025-04-18,Pão de queijo,Pães,323,3.5,1.1,0
2025-04-18,Pão francês,Pães,1127,0.9,0.3,0
2025-04-18,Pão na chapa,Lanches,192,6.0,1.5,0
2025-04-18,Sanduíche natural,Lanches,26,14.0,5.5,0
2025-04-18,Sonho,Doces,83,6.0,1.9,0
2025-04-18,Suco de laranja natural,Bebidas,67,9.0,3.0,0
2025-04-18,Torta de limão (fatia),Doces,53,11.0,3.5,0
2025-04-19,Baguete,Pães,58,8.0,2.6,0
2025-04-19,Bolo de cenoura (fatia),Doces,53,7.0,2.0,0
2025-04-19,Brigadeiro,Doces,86,3.0,0.9,0
2025-04-19,Coxinha,Salgados,161,7.5,2.3,0
2025-04-19,Croissant,Pães,51,7.0,2.4,0
2025-04-19,Empada de frango,Salgados,37,7.0,2.2,0
2025-04-19,Esfiha de carne,Salgados,65,6.5,2.0,0
2025-04-19,Misto quente,Lanches,49,9.0,3.0,0
2025-04-19,Pudim (fatia),Doces,29,10.0,3.2,0
2025-04-19,Pão de batata,Salgados,56,6.0,1.8,0
2025-04-19,Pão de forma caseiro,Pães,29,12.0,4.5,0
2025-04-19,Pão de queijo,Pães,239,3.5,1.1,0
2025-04-19,Pão francês,Pães,878,0.9,0.3,0
2025-04-19,Pão na chapa,Lanches,140,6.0,1.5,0
2025-04-19,Sanduíche natural,Lanches,30,14.0,5.5,0
2025-04-19,Sonho,Doces,56,6.0,1.9,0
2025-04-19,Suco de laranja natural,Bebidas,51,9.0,3.0,0
2025-04-19,Torta de limão (fatia),Doces,34,11.0,3.5,0
2025-04-20,Baguete,Pães,42,8.0,2.6,0
2025-04-20,Bolo de cenoura (fatia),Doces,88,7.0,2.0,0
2025-04-20,Brigadeiro,Doces,80,3.0,0.9,0
2025-04-20,Coxinha,Salgados,81,7.5,2.3,0
2025-04-20,Croissant,Pães,78,7.0,2.4,0
2025-04-20,Empada de frango,Salgados,54,7.0,2.2,0
2025-04-20,Esfiha de carne,Salgados,53,6.5,2.0,0
2025-04-20,Misto quente,Lanches,24,9.0,3.0,0
2025-04-20,Pudim (fatia),Doces,45,10.0,3.2,0
2025-04-20,Pão de batata,Salgados,54,6.0,1.8,0
2025-04-20,Pão de forma caseiro,Pães,68,12.0,4.5,0
2025-04-20,Pão de queijo,Pães,293,3.5,1.1,0
2025-04-20,Pão francês,Pães,1451,0.9,0.3,0
2025-04-20,Pão na chapa,Lanches,102,6.0,1.5,0
2025-04-20,Sanduíche natural,Lanches,25,14.0,5.5,0
2025-04-20,Sonho,Doces,136,6.0,1.9,0
2025-04-20,Suco de laranja natural,Bebidas,67,9.0,3.0,0
2025-04-20,Torta de limão (fatia),Doces,38,11.0,3.5,0
2025-04-21,Baguete,Pães,95,8.0,2.6,0
2025-04-21,Bolo de cenoura (fatia),Doces,125,5.95,2.0,1
2025-04-21,Brigadeiro,Doces,119,3.0,0.9,0
2025-04-21,Coxinha,Salgados,74,7.5,2.3,0
2025-04-21,Croissant,Pães,101,7.0,2.4,0
2025-04-21,Empada de frango,Salgados,57,7.0,2.2,0
2025-04-21,Esfiha de carne,Salgados,66,6.5,2.0,0
2025-04-21,Misto quente,Lanches,41,9.0,3.0,0
2025-04-21,Pudim (fatia),Doces,49,10.0,3.2,0
2025-04-21,Pão de batata,Salgados,36,6.0,1.8,0
2025-04-21,Pão de forma caseiro,Pães,29,12.0,4.5,0
2025-04-21,Pão de queijo,Pães,305,3.5,1.1,0
2025-04-21,Pão francês,Pães,1929,0.9,0.3,0
2025-04-21,Pão na chapa,Lanches,207,6.0,1.5,0
2025-04-21,Sanduíche natural,Lanches,24,14.0,5.5,0
2025-04-21,Sonho,Doces,112,6.0,1.9,0
2025-04-21,Suco de laranja natural,Bebidas,150,9.0,3.0,0
2025-04-21,Torta de limão (fatia),Doces,28,11.0,3.5,0
2025-04-22,Baguete,Pães,25,8.0,2.6,0
2025-04-22,Bolo de cenoura (fatia),Doces,24,7.0,2.0,0
2025-04-22,Brigadeiro,Doces,88,2.55,0.9,1
2025-04-22,Coxinha,Salgados,101,7.5,2.3,0
2025-04-22,Croissant,Pães,42,7.0,2.4,0
2025-04-22,Empada de frango,Salgados,106,7.0,2.2,0
2025-04-22,Esfiha de carne,Salgados,88,6.5,2.0,0
2025-04-22,Misto quente,Lanches,47,9.0,3.0,0
2025-04-22,Pudim (fatia),Doces,20,10.0,3.2,0
2025-04-22,Pão de batata,Salgados,41,6.0,1.8,0
2025-04-22,Pão de forma caseiro,Pães,24,12.0,4.5,0
2025-04-22,Pão de queijo,Pães,169,3.5,1.1,0
2025-04-22,Pão francês,Pães,812,0.9,0.3,0
2025-04-22,Pão na chapa,Lanches,116,6.0,1.5,0
2025-04-22,Sanduíche natural,Lanches,79,14.0,5.5,0
2025-04-22,Sonho,Doces,40,6.0,1.9,0
2025-04-22,Suco de laranja natural,Bebidas,99,9.0,3.0,0
2025-04-22,Torta de limão (fatia),Doces,25,11.0,3.5,0
2025-04-23,Baguete,Pães,46,8.0,2.6,0
2025-04-23,Bolo de cenoura (fatia),Doces,66,7.0,2.0,0
2025-04-23,Brigadeiro,Doces,70,3.0,0.9,0
2025-04-23,Coxinha,Salgados,112,7.5,2.3,0
2025-04-23,Croissant,Pães,48,7.0,2.4,0
2025-04-23,Empada de frango,Salgados,106,5.95,2.2,1
2025-04-23,Esfiha de carne,Salgados,92,6.5,2.0,0
2025-04-23,Misto quente,Lanches,79,9.0,3.0,0
2025-04-23,Pudim (fatia),Doces,34,10.0,3.2,0
2025-04-23,Pão de batata,Salgados,60,6.0,1.8,0
2025-04-23,Pão de forma caseiro,Pães,25,12.0,4.5,0
2025-04-23,Pão de queijo,Pães,147,3.5,1.1,0
2025-04-23,Pão francês,Pães,704,0.9,0.3,0
2025-04-23,Pão na chapa,Lanches,112,6.0,1.5,0
2025-04-23,Sanduíche natural,Lanches,47,14.0,5.5,0
2025-04-23,Sonho,Doces,22,6.0,1.9,0
2025-04-23,Suco de laranja natural,Bebidas,94,9.0,3.0,0
2025-04-23,Torta de limão (fatia),Doces,34,11.0,3.5,0
2025-04-24,Baguete,Pães,39,8.0,2.6,0
2025-04-24,Bolo de cenoura (fatia),Doces,21,7.0,2.0,0
2025-04-24,Brigadeiro,Doces,90,3.0,0.9,0
2025-04-24,Coxinha,Salgados,125,7.5,2.3,0
2025-04-24,Croissant,Pães,84,5.95,2.4,1
2025-04-24,Empada de frango,Salgados,30,7.0,2.2,0
2025-04-24,Esfiha de carne,Salgados,125,6.5,2.0,0
2025-04-24,Misto quente,Lanches,77,9.0,3.0,0
2025-04-24,Pudim (fatia),Doces,9,10.0,3.2,0
2025-04-24,Pão de batata,Salgados,46,6.0,1.8,0
2025-04-24,Pão de forma caseiro,Pães,29,12.0,4.5,0
2025-04-24,Pão de queijo,Pães,177,3.5,1.1,0
2025-04-24,Pão francês,Pães,669,0.9,0.3,0
2025-04-24,Pão na chapa,Lanches,86,6.0,1.5,0
2025-04-24,Sanduíche natural,Lanches,37,14.0,5.5,0
2025-04-24,Sonho,Doces,87,6.0,1.9,0
2025-04-24,Suco de laranja natural,Bebidas,64,9.0,3.0,0
2025-04-24,Torta de limão (fatia),Doces,27,11.0,3.5,0
2025-04-25,Baguete,Pães,43,8.0,2.6,0
2025-04-25,Bolo de cenoura (fatia),Doces,75,7.0,2.0,0
2025-04-25,Brigadeiro,Doces,73,3.0,0.9,0
2025-04-25,Coxinha,Salgados,176,7.5,2.3,0
2025-04-25,Croissant,Pães,68,7.0,2.4,0
2025-04-25,Empada de frango,Salgados,81,7.0,2.2,0
2025-04-25,Esfiha de carne,Salgados,141,6.5,2.0,0
2025-04-25,Misto quente,Lanches,70,9.0,3.0,0
2025-04-25,Pudim (fatia),Doces,18,10.0,3.2,0
2025-04-25,Pão de batata,Salgados,53,6.0,1.8,0
2025-04-25,Pão de forma caseiro,Pães,43,12.0,4.5,0
2025-04-25,Pão de queijo,Pães,181,3.5,1.1,0
2025-04-25,Pão francês,Pães,1172,0.9,0.3,0
2025-04-25,Pão na chapa,Lanches,175,6.0,1.5,0
2025-04-25,Sanduíche natural,Lanches,39,14.0,5.5,0
2025-04-25,Sonho,Doces,35,6.0,1.9,0
2025-04-25,Suco de laranja natural,Bebidas,69,9.0,3.0,0
2025-04-25,Torta de limão (fatia),Doces,31,11.0,3.5,0
2025-04-26,Baguete,Pães,68,8.0,2.6,0
2025-04-26,Bolo de cenoura (fatia),Doces,55,7.0,2.0,0
2025-04-26,Brigadeiro,Doces,83,3.0,0.9,0
2025-04-26,Coxinha,Salgados,87,7.5,2.3,0
2025-04-26,Croissant,Pães,113,7.0,2.4,0
2025-04-26,Empada de frango,Salgados,57,7.0,2.2,0
2025-04-26,Esfiha de carne,Salgados,69,6.5,2.0,0
2025-04-26,Misto quente,Lanches,72,9.0,3.0,0
2025-04-26,Pudim (fatia),Doces,25,10.0,3.2,0
2025-04-26,Pão de batata,Salgados,55,6.0,1.8,0
2025-04-26,Pão de forma caseiro,Pães,23,12.0,4.5,0
2025-04-26,Pão de queijo,Pães,261,3.5,1.1,0
2025-04-26,Pão francês,Pães,1282,0.9,0.3,0
2025-04-26,Pão na chapa,Lanches,145,6.0,1.5,0
2025-04-26,Sanduíche natural,Lanches,23,14.0,5.5,0
2025-04-26,Sonho,Doces,71,6.0,1.9,0
2025-04-26,Suco de laranja natural,Bebidas,77,9.0,3.0,0
2025-04-26,Torta de limão (fatia),Doces,46,11.0,3.5,0
2025-04-27,Baguete,Pães,73,8.0,2.6,0
2025-04-27,Bolo de cenoura (fatia),Doces,71,7.0,2.0,0
2025-04-27,Brigadeiro,Doces,157,3.0,0.9,0
2025-04-27,Coxinha,Salgados,122,7.5,2.3,0
2025-04-27,Croissant,Pães,145,5.95,2.4,1
2025-04-27,Empada de frango,Salgados,32,7.0,2.2,0
2025-04-27,Esfiha de carne,Salgados,50,6.5,2.0,0
2025-04-27,Misto quente,Lanches,33,9.0,3.0,0
2025-04-27,Pudim (fatia),Doces,40,10.0,3.2,0
2025-04-27,Pão de batata,Salgados,79,6.0,1.8,0
2025-04-27,Pão de forma caseiro,Pães,51,12.0,4.5,0
2025-04-27,Pão de queijo,Pães,251,3.5,1.1,0
2025-04-27,Pão francês,Pães,1003,0.9,0.3,0
2025-04-27,Pão na chapa,Lanches,230,6.0,1.5,0
2025-04-27,Sanduíche natural,Lanches,28,14.0,5.5,0
2025-04-27,Sonho,Doces,137,6.0,1.9,0
2025-04-27,Suco de laranja natural,Bebidas,97,9.0,3.0,0
2025-04-27,Torta de limão (fatia),Doces,42,11.0,3.5,0
2025-04-28,Baguete,Pães,35,8.0,2.6,0
2025-04-28,Bolo de cenoura (fatia),Doces,38,7.0,2.0,0
2025-04-28,Brigadeiro,Doces,96,3.0,0.9,0
2025-04-28,Coxinha,Salgados,144,7.5,2.3,0
2025-04-28,Croissant,Pães,60,7.0,2.4,0
2025-04-28,Empada de frango,Salgados,65,7.0,2.2,0
2025-04-28,Esfiha de carne,Salgados,74,6.5,2.0,0
2025-04-28,Misto quente,Lanches,78,9.0,3.0,0
2025-04-28,Pudim (fatia),Doces,21,10.0,3.2,0
2025-04-28,Pão de batata,Salgados,128,6.0,1.8,0
2025-04-28,Pão de forma caseiro,Pães,46,12.0,4.5,0
2025-04-28,Pão de queijo,Pães,179,3.5,1.1,0
2025-04-28,Pão francês,Pães,1067,0.9,0.3,0
2025-04-28,Pão na chapa,Lanches,104,6.0,1.5,0
2025-04-28,Sanduíche natural,Lanches,31,14.0,5.5,0
2025-04-28,Sonho,Doces,54,6.0,1.9,0
2025-04-28,Suco de laranja natural,Bebidas,48,9.0,3.0,0
2025-04-28,Torta de limão (fatia),Doces,38,11.0,3.5,0
2025-04-29,Baguete,Pães,50,8.0,2.6,0
2025-04-29,Bolo de cenoura (fatia),Doces,41,7.0,2.0,0
2025-04-29,Brigadeiro,Doces,51,3.0,0.9,0
2025-04-29,Coxinha,Salgados,190,7.5,2.3,0
2025-04-29,Croissant,Pães,57,7.0,2.4,0
2025-04-29,Empada de frango,Salgados,37,7.0,2.2,0
2025-04-29,Esfiha de carne,Salgados,76,6.5,2.0,0
2025-04-29,Misto quente,Lanches,73,9.0,3.0,0
2025-04-29,Pudim (fatia),Doces,23,10.0,3.2,0
2025-04-29,Pão de batata,Salgados,24,6.0,1.8,0
2025-04-29,Pão de forma caseiro,Pães,36,12.0,4.5,0
2025-04-29,Pão de queijo,Pães,129,3.5,1.1,0
2025-04-29,Pão francês,Pães,1048,0.9,0.3,0
2025-04-29,Pão na chapa,Lanches,160,6.0,1.5,0
2025-04-29,Sanduíche natural,Lanches,43,14.0,5.5,0
2025-04-29,Sonho,Doces,62,6.0,1.9,0
2025-04-29,Suco de laranja natural,Bebidas,79,9.0,3.0,0
2025-04-29,Torta de limão (fatia),Doces,25,11.0,3.5,0
2025-04-30,Baguete,Pães,26,8.0,2.6,0
2025-04-30,Bolo de cenoura (fatia),Doces,31,7.0,2.0,0
2025-04-30,Brigadeiro,Doces,62,3.0,0.9,0
2025-04-30,Coxinha,Salgados,97,7.5,2.3,0
2025-04-30,Croissant,Pães,49,7.0,2.4,0
2025-04-30,Empada de frango,Salgados,58,7.0,2.2,0
2025-04-30,Esfiha de carne,Salgados,60,6.5,2.0,0
2025-04-30,Misto quente,Lanches,61,9.0,3.0,0
2025-04-30,Pudim (fatia),Doces,32,8.5,3.2,1
2025-04-30,Pão de batata,Salgados,53,6.0,1.8,0
2025-04-30,Pão de forma caseiro,Pães,20,12.0,4.5,0
2025-04-30,Pão de queijo,Pães,187,3.5,1.1,0
2025-04-30,Pão francês,Pães,524,0.9,0.3,0
2025-04-30,Pão na chapa,Lanches,98,6.0,1.5,0
2025-04-30,Sanduíche natural,Lanches,42,14.0,5.5,0
2025-04-30,Sonho,Doces,65,6.0,1.9,0
2025-04-30,Suco de laranja natural,Bebidas,76,9.0,3.0,0
2025-04-30,Torta de limão (fatia),Doces,28,11.0,3.5,0
2025-05-01,Baguete,Pães,57,8.0,2.6,0
2025-05-01,Bolo de cenoura (fatia),Doces,96,7.0,2.0,0
2025-05-01,Brigadeiro,Doces,75,3.0,0.9,0
2025-05-01,Coxinha,Salgados,64,7.5,2.3,0
2025-05-01,Croissant,Pães,81,7.0,2.4,0
2025-05-01,Empada de frango,Salgados,27,7.0,2.2,0
2025-05-01,Esfiha de carne,Salgados,70,6.5,2.0,0
2025-05-01,Misto quente,Lanches,47,9.0,3.0,0
2025-05-01,Pudim (fatia),Doces,42,10.0,3.2,0
2025-05-01,Pão de batata,Salgados,47,6.0,1.8,0
2025-05-01,Pão de forma caseiro,Pães,44,12.0,4.5,0
2025-05-01,Pão de queijo,Pães,181,3.5,1.1,0
2025-05-01,Pão francês,Pães,1715,0.9,0.3,0
2025-05-01,Pão na chapa,Lanches,146,6.0,1.5,0
2025-05-01,Sanduíche natural,Lanches,24,14.0,5.5,0
2025-05-01,Sonho,Doces,68,6.0,1.9,0
2025-05-01,Suco de laranja natural,Bebidas,73,9.0,3.0,0
2025-05-01,Torta de limão (fatia),Doces,44,11.0,3.5,0
2025-05-02,Baguete,Pães,63,8.0,2.6,0
2025-05-02,Bolo de cenoura (fatia),Doces,52,7.0,2.0,0
2025-05-02,Brigadeiro,Doces,60,3.0,0.9,0
2025-05-02,Coxinha,Salgados,101,7.5,2.3,0
2025-05-02,Croissant,Pães,53,7.0,2.4,0
2025-05-02,Empada de frango,Salgados,48,7.0,2.2,0
2025-05-02,Esfiha de carne,Salgados,55,6.5,2.0,0
2025-05-02,Misto quente,Lanches,60,9.0,3.0,0
2025-05-02,Pudim (fatia),Doces,39,10.0,3.2,0
2025-05-02,Pão de batata,Salgados,68,6.0,1.8,0
2025-05-02,Pão de forma caseiro,Pães,19,12.0,4.5,0
2025-05-02,Pão de queijo,Pães,205,3.5,1.1,0
2025-05-02,Pão francês,Pães,844,0.9,0.3,0
2025-05-02,Pão na chapa,Lanches,145,6.0,1.5,0
2025-05-02,Sanduíche natural,Lanches,52,14.0,5.5,0
2025-05-02,Sonho,Doces,81,6.0,1.9,0
2025-05-02,Suco de laranja natural,Bebidas,91,7.65,3.0,1
2025-05-02,Torta de limão (fatia),Doces,19,11.0,3.5,0
2025-05-03,Baguete,Pães,29,8.0,2.6,0
2025-05-03,Bolo de cenoura (fatia),Doces,101,7.0,2.0,0
2025-05-03,Brigadeiro,Doces,142,3.0,0.9,0
2025-05-03,Coxinha,Salgados,130,7.5,2.3,0
2025-05-03,Croissant,Pães,57,7.0,2.4,0
2025-05-03,Empada de frango,Salgados,30,7.0,2.2,0
2025-05-03,Esfiha de carne,Salgados,108,6.5,2.0,0
2025-05-03,Misto quente,Lanches,81,9.0,3.0,0
2025-05-03,Pudim (fatia),Doces,21,10.0,3.2,0
2025-05-03,Pão de batata,Salgados,59,6.0,1.8,0
2025-05-03,Pão de forma caseiro,Pães,30,12.0,4.5,0
2025-05-03,Pão de queijo,Pães,173,3.5,1.1,0
2025-05-03,Pão francês,Pães,1251,0.9,0.3,0
2025-05-03,Pão na chapa,Lanches,164,6.0,1.5,0
2025-05-03,Sanduíche natural,Lanches,29,14.0,5.5,0
2025-05-03,Sonho,Doces,48,6.0,1.9,0
2025-05-03,Suco de laranja natural,Bebidas,96,9.0,3.0,0
2025-05-03,Torta de limão (fatia),Doces,41,11.0,3.5,0
2025-05-04,Baguete,Pães,49,8.0,2.6,0
2025-05-04,Bolo de cenoura (fatia),Doces,62,7.0,2.0,0
2025-05-04,Brigadeiro,Doces,127,3.0,0.9,0
2025-05-04,Coxinha,Salgados,98,7.5,2.3,0
2025-05-04,Croissant,Pães,101,7.0,2.4,0
2025-05-04,Empada de frango,Salgados,51,7.0,2.2,0
2025-05-04,Esfiha de carne,Salgados,80,6.5,2.0,0
2025-05-04,Misto quente,Lanches,49,9.0,3.0,0
2025-05-04,Pudim (fatia),Doces,22,10.0,3.2,0
2025-05-04,Pão de batata,Salgados,29,6.0,1.8,0
2025-05-04,Pão de forma caseiro,Pães,11,12.0,4.5,0
2025-05-04,Pão de queijo,Pães,248,3.5,1.1,0
2025-05-04,Pão francês,Pães,873,0.9,0.3,0
2025-05-04,Pão na chapa,Lanches,155,6.0,1.5,0
2025-05-04,Sanduíche natural,Lanches,18,14.0,5.5,0
2025-05-04,Sonho,Doces,98,6.0,1.9,0
2025-05-04,Suco de laranja natural,Bebidas,70,9.0,3.0,0
2025-05-04,Torta de limão (fatia),Doces,37,11.0,3.5,0
2025-05-05,Baguete,Pães,30,8.0,2.6,0
2025-05-05,Bolo de cenoura (fatia),Doces,43,7.0,2.0,0
2025-05-05,Brigadeiro,Doces,82,3.0,0.9,0
2025-05-05,Coxinha,Salgados,93,7.5,2.3,0
2025-05-05,Croissant,Pães,47,7.0,2.4,0
2025-05-05,Empada de frango,Salgados,62,7.0,2.2,0
2025-05-05,Esfiha de carne,Salgados,119,6.5,2.0,0
2025-05-05,Misto quente,Lanches,134,9.0,3.0,0
2025-05-05,Pudim (fatia),Doces,14,10.0,3.2,0
2025-05-05,Pão de batata,Salgados,81,6.0,1.8,0
2025-05-05,Pão de forma caseiro,Pães,41,12.0,4.5,0
2025-05-05,Pão de queijo,Pães,196,3.5,1.1,0
2025-05-05,Pão francês,Pães,846,0.9,0.3,0
2025-05-05,Pão na chapa,Lanches,175,6.0,1.5,0
2025-05-05,Sanduíche natural,Lanches,86,14.0,5.5,0
2025-05-05,Sonho,Doces,37,6.0,1.9,0
2025-05-05,Suco de laranja natural,Bebidas,67,9.0,3.0,0
2025-05-05,Torta de limão (fatia),Doces,20,11.0,3.5,0
2025-05-06,Baguete,Pães,30,8.0,2.6,0
2025-05-06,Bolo de cenoura (fatia),Doces,40,7.0,2.0,0
2025-05-06,Brigadeiro,Doces,80,3.0,0.9,0
2025-05-06,Coxinha,Salgados,150,7.5,2.3,0
2025-05-06,Croissant,Pães,51,7.0,2.4,0
2025-05-06,Empada de frango,Salgados,60,7.0,2.2,0
2025-05-06,Esfiha de carne,Salgados,97,6.5,2.0,0
2025-05-06,Misto quente,Lanches,27,9.0,3.0,0
2025-05-06,Pudim (fatia),Doces,43,10.0,3.2,0
2025-05-06,Pão de batata,Salgados,87,6.0,1.8,0
2025-05-06,Pão de forma caseiro,Pães,15,12.0,4.5,0
2025-05-06,Pão de queijo,Pães,198,3.5,1.1,0
2025-05-06,Pão francês,Pães,940,0.9,0.3,0
2025-05-06,Pão na chapa,Lanches,137,6.0,1.5,0
2025-05-06,Sanduíche natural,Lanches,63,14.0,5.5,0
2025-05-06,Sonho,Doces,61,6.0,1.9,0
2025-05-06,Suco de laranja natural,Bebidas,99,9.0,3.0,0
2025-05-06,Torta de limão (fatia),Doces,21,11.0,3.5,0
2025-05-07,Baguete,Pães,33,8.0,2.6,0
2025-05-07,Bolo de cenoura (fatia),Doces,56,7.0,2.0,0
2025-05-07,Brigadeiro,Doces,94,3.0,0.9,0
2025-05-07,Coxinha,Salgados,128,7.5,2.3,0
2025-05-07,Croissant,Pães,69,7.0,2.4,0
2025-05-07,Empada de frango,Salgados,51,7.0,2.2,0
2025-05-07,Esfiha de carne,Salgados,57,6.5,2.0,0
2025-05-07,Misto quente,Lanches,97,9.0,3.0,0
2025-05-07,Pudim (fatia),Doces,11,10.0,3.2,0
2025-05-07,Pão de batata,Salgados,110,6.0,1.8,0
2025-05-07,Pão de forma caseiro,Pães,31,12.0,4.5,0
2025-05-07,Pão de queijo,Pães,196,3.5,1.1,0
2025-05-07,Pão francês,Pães,717,0.9,0.3,0
2025-05-07,Pão na chapa,Lanches,105,6.0,1.5,0
2025-05-07,Sanduíche natural,Lanches,47,14.0,5.5,0
2025-05-07,Sonho,Doces,58,6.0,1.9,0
2025-05-07,Suco de laranja natural,Bebidas,62,9.0,3.0,0
2025-05-07,Torta de limão (fatia),Doces,37,11.0,3.5,0
2025-05-08,Baguete,Pães,34,8.0,2.6,0
2025-05-08,Bolo de cenoura (fatia),Doces,85,7.0,2.0,0
2025-05-08,Brigadeiro,Doces,96,3.0,0.9,0
2025-05-08,Coxinha,Salgados,154,7.5,2.3,0
2025-05-08,Croissant,Pães,62,7.0,2.4,0
2025-05-08,Empada de frango,Salgados,68,7.0,2.2,0
2025-05-08,Esfiha de carne,Salgados,83,6.5,2.0,0
2025-05-08,Misto quente,Lanches,50,9.0,3.0,0
2025-05-08,Pudim (fatia),Doces,31,10.0,3.2,0
2025-05-08,Pão de batata,Salgados,34,6.0,1.8,0
2025-05-08,Pão de forma caseiro,Pães,20,12.0,4.5,0
2025-05-08,Pão de queijo,Pães,252,3.5,1.1,0
2025-05-08,Pão francês,Pães,932,0.9,0.3,0
2025-05-08,Pão na chapa,Lanches,105,6.0,1.5,0
2025-05-08,Sanduíche natural,Lanches,37,14.0,5.5,0
2025-05-08,Sonho,Doces,71,6.0,1.9,0
2025-05-08,Suco de laranja natural,Bebidas,54,9.0,3.0,0
2025-05-08,Torta de limão (fatia),Doces,32,11.0,3.5,0
2025-05-09,Baguete,Pães,77,8.0,2.6,0
2025-05-09,Bolo de cenoura (fatia),Doces,50,7.0,2.0,0
2025-05-09,Brigadeiro,Doces,93,3.0,0.9,0
2025-05-09,Coxinha,Salgados,147,7.5,2.3,0
2025-05-09,Croissant,Pães,47,7.0,2.4,0
2025-05-09,Empada de frango,Salgados,75,7.0,2.2,0
2025-05-09,Esfiha de carne,Salgados,79,6.5,2.0,0
2025-05-09,Misto quente,Lanches,102,9.0,3.0,0
2025-05-09,Pudim (fatia),Doces,34,10.0,3.2,0
2025-05-09,Pão de batata,Salgados,54,6.0,1.8,0
2025-05-09,Pão de forma caseiro,Pães,42,12.0,4.5,0
2025-05-09,Pão de queijo,Pães,212,3.5,1.1,0
2025-05-09,Pão francês,Pães,842,0.9,0.3,0
2025-05-09,Pão na chapa,Lanches,135,6.0,1.5,0
2025-05-09,Sanduíche natural,Lanches,78,14.0,5.5,0
2025-05-09,Sonho,Doces,43,6.0,1.9,0
2025-05-09,Suco de laranja natural,Bebidas,58,9.0,3.0,0
2025-05-09,Torta de limão (fatia),Doces,24,11.0,3.5,0
2025-05-10,Baguete,Pães,30,8.0,2.6,0
2025-05-10,Bolo de cenoura (fatia),Doces,89,7.0,2.0,0
2025-05-10,Brigadeiro,Doces,82,3.0,0.9,0
2025-05-10,Coxinha,Salgados,84,7.5,2.3,0
2025-05-10,Croissant,Pães,68,7.0,2.4,0
2025-05-10,Empada de frango,Salgados,32,7.0,2.2,0
2025-05-10,Esfiha de carne,Salgados,88,6.5,2.0,0
2025-05-10,Misto quente,Lanches,18,9.0,3.0,0
2025-05-10,Pudim (fatia),Doces,41,10.0,3.2,0
2025-05-10,Pão de batata,Salgados,48,6.0,1.8,0
2025-05-10,Pão de forma caseiro,Pães,25,12.0,4.5,0
2025-05-10,Pão de queijo,Pães,174,3.5,1.1,0
2025-05-10,Pão francês,Pães,987,0.9,0.3,0
2025-05-10,Pão na chapa,Lanches,183,6.0,1.5,0
2025-05-10,Sanduíche natural,Lanches,30,14.0,5.5,0
2025-05-10,Sonho,Doces,48,6.0,1.9,0
2025-05-10,Suco de laranja natural,Bebidas,140,7.65,3.0,1
2025-05-10,Torta de limão (fatia),Doces,27,11.0,3.5,0
2025-05-11,Baguete,Pães,51,8.0,2.6,0
2025-05-11,Bolo de cenoura (fatia),Doces,90,7.0,2.0,0
2025-05-11,Brigadeiro,Doces,156,3.0,0.9,0
2025-05-11,Coxinha,Salgados,97,7.5,2.3,0
2025-05-11,Croissant,Pães,110,7.0,2.4,0
2025-05-11,Empada de frango,Salgados,34,7.0,2.2,0
2025-05-11,Esfiha de carne,Salgados,43,6.5,2.0,0
2025-05-11,Misto quente,Lanches,81,9.0,3.0,0
2025-05-11,Pudim (fatia),Doces,12,10.0,3.2,0
2025-05-11,Pão de batata,Salgados,41,6.0,1.8,0
2025-05-11,Pão de forma caseiro,Pães,26,12.0,4.5,0
2025-05-11,Pão de queijo,Pães,224,3.5,1.1,0
2025-05-11,Pão francês,Pães,1027,0.9,0.3,0
2025-05-11,Pão na chapa,Lanches,185,6.0,1.5,0
2025-05-11,Sanduíche natural,Lanches,24,14.0,5.5,0
2025-05-11,Sonho,Doces,108,6.0,1.9,0
2025-05-11,Suco de laranja natural,Bebidas,123,9.0,3.0,0
2025-05-11,Torta de limão (fatia),Doces,23,11.0,3.5,0
2025-05-12,Baguete,Pães,38,8.0,2.6,0
2025-05-12,Bolo de cenoura (fatia),Doces,52,7.0,2.0,0
2025-05-12,Brigadeiro,Doces,89,3.0,0.9,0
2025-05-12,Coxinha,Salgados,137,7.5,2.3,0
2025-05-12,Croissant,Pães,77,7.0,2.4,0
2025-05-12,Empada de frango,Salgados,24,7.0,2.2,0
2025-05-12,Esfiha de carne,Salgados,70,6.5,2.0,0
2025-05-12,Misto quente,Lanches,59,9.0,3.0,0
2025-05-12,Pudim (fatia),Doces,29,10.0,3.2,0
2025-05-12,Pão de batata,Salgados,102,6.0,1.8,0
2025-05-12,Pão de forma caseiro,Pães,23,12.0,4.5,0
2025-05-12,Pão de queijo,Pães,165,3.5,1.1,0
2025-05-12,Pão francês,Pães,878,0.9,0.3,0
2025-05-12,Pão na chapa,Lanches,84,6.0,1.5,0
2025-05-12,Sanduíche natural,Lanches,65,14.0,5.5,0
2025-05-12,Sonho,Doces,43,6.0,1.9,0
2025-05-12,Suco de laranja natural,Bebidas,64,9.0,3.0,0
2025-05-12,Torta de limão (fatia),Doces,45,11.0,3.5,0
2025-05-13,Baguete,Pães,25,8.0,2.6,0
2025-05-13,Bolo de cenoura (fatia),Doces,41,7.0,2.0,0
2025-05-13,Brigadeiro,Doces,88,3.0,0.9,0
2025-05-13,Coxinha,Salgados,167,7.5,2.3,0
2025-05-13,Croissant,Pães,40,7.0,2.4,0
2025-05-13,Empada de frango,Salgados,49,7.0,2.2,0
2025-05-13,Esfiha de carne,Salgados,87,6.5,2.0,0
2025-05-13,Misto quente,Lanches,59,9.0,3.0,0
2025-05-13,Pudim (fatia),Doces,27,10.0,3.2,0
2025-05-13,Pão de batata,Salgados,88,6.0,1.8,0
2025-05-13,Pão de forma caseiro,Pães,20,12.0,4.5,0
2025-05-13,Pão de queijo,Pães,174,3.5,1.1,0
2025-05-13,Pão francês,Pães,946,0.9,0.3,0
2025-05-13,Pão na chapa,Lanches,145,6.0,1.5,0
2025-05-13,Sanduíche natural,Lanches,51,14.0,5.5,0
2025-05-13,Sonho,Doces,59,6.0,1.9,0
2025-05-13,Suco de laranja natural,Bebidas,73,9.0,3.0,0
2025-05-13,Torta de limão (fatia),Doces,28,11.0,3.5,0
2025-05-14,Baguete,Pães,57,8.0,2.6,0
2025-05-14,Bolo de cenoura (fatia),Doces,69,7.0,2.0,0
2025-05-14,Brigadeiro,Doces,45,3.0,0.9,0
2025-05-14,Coxinha,Salgados,91,7.5,2.3,0
2025-05-14,Croissant,Pães,40,7.0,2.4,0
2025-05-14,Empada de frango,Salgados,70,7.0,2.2,0
2025-05-14,Esfiha de carne,Salgados,97,6.5,2.0,0
2025-05-14,Misto quente,Lanches,66,9.0,3.0,0
2025-05-14,Pudim (fatia),Doces,14,10.0,3.2,0
2025-05-14,Pão de batata,Salgados,86,5.1,1.8,1
2025-05-14,Pão de forma caseiro,Pães,18,12.0,4.5,0
2025-05-14,Pão de queijo,Pães,262,3.5,1.1,0
2025-05-14,Pão francês,Pães,872,0.9,0.3,0
2025-05-14,Pão na chapa,Lanches,112,6.0,1.5,0
2025-05-14,Sanduíche natural,Lanches,54,14.0,5.5,0
2025-05-14,Sonho,Doces,56,6.0,1.9,0
2025-05-14,Suco de laranja natural,Bebidas,46,9.0,3.0,0
2025-05-14,Torta de limão (fatia),Doces,33,11.0,3.5,0
2025-05-15,Baguete,Pães,60,8.0,2.6,0
2025-05-15,Bolo de cenoura (fatia),Doces,63,7.0,2.0,0
2025-05-15,Brigadeiro,Doces,78,3.0,0.9,0
2025-05-15,Coxinha,Salgados,124,7.5,2.3,0
2025-05-15,Croissant,Pães,61,7.0,2.4,0
2025-05-15,Empada de frango,Salgados,62,7.0,2.2,0
2025-05-15,Esfiha de carne,Salgados,85,6.5,2.0,0
2025-05-15,Misto quente,Lanches,90,9.0,3.0,0
2025-05-15,Pudim (fatia),Doces,15,10.0,3.2,0
2025-05-15,Pão de batata,Salgados,91,6.0,1.8,0
2025-05-15,Pão de forma caseiro,Pães,15,12.0,4.5,0
2025-05-15,Pão de queijo,Pães,158,3.5,1.1,0
2025-05-15,Pão francês,Pães,1252,0.76,0.3,1
2025-05-15,Pão na chapa,Lanches,132,6.0,1.5,0
2025-05-15,Sanduíche natural,Lanches,60,14.0,5.5,0
2025-05-15,Sonho,Doces,58,6.0,1.9,0
2025-05-15,Suco de laranja natural,Bebidas,87,9.0,3.0,0
2025-05-15,Torta de limão (fatia),Doces,25,11.0,3.5,0
2025-05-16,Baguete,Pães,62,6.8,2.6,1
2025-05-16,Bolo de cenoura (fatia),Doces,41,7.0,2.0,0
2025-05-16,Brigadeiro,Doces,168,3.0,0.9,0
2025-05-16,Coxinha,Salgados,86,7.5,2.3,0
2025-05-16,Croissant,Pães,76,7.0,2.4,0
2025-05-16,Empada de frango,Salgados,37,7.0,2.2,0
2025-05-16,Esfiha de carne,Salgados,103,6.5,2.0,0
2025-05-16,Misto quente,Lanches,46,9.0,3.0,0
2025-05-16,Pudim (fatia),Doces,25,10.0,3.2,0
2025-05-16,Pão de batata,Salgados,67,6.0,1.8,0
2025-05-16,Pão de forma caseiro,Pães,31,12.0,4.5,0
2025-05-16,Pão de queijo,Pães,139,3.5,1.1,0
2025-05-16,Pão francês,Pães,1235,0.9,0.3,0
2025-05-16,Pão na chapa,Lanches,142,5.1,1.5,1
2025-05-16,Sanduíche natural,Lanches,51,14.0,5.5,0
2025-05-16,Sonho,Doces,92,6.0,1.9,0
2025-05-16,Suco de laranja natural,Bebidas,53,9.0,3.0,0
2025-05-16,Torta de limão (fatia),Doces,37,11.0,3.5,0
2025-05-17,Baguete,Pães,67,8.0,2.6,0
2025-05-17,Bolo de cenoura (fatia),Doces,102,7.0,2.0,0
2025-05-17,Brigadeiro,Doces,114,3.0,0.9,0
2025-05-17,Coxinha,Salgados,109,7.5,2.3,0
2025-05-17,Croissant,Pães,99,7.0,2.4,0
2025-05-17,Empada de frango,Salgados,75,7.0,2.2,0
2025-05-17,Esfiha de carne,Salgados,75,6.5,2.0,0
2025-05-17,Misto quente,Lanches,35,9.0,3.0,0
2025-05-17,Pudim (fatia),Doces,72,8.5,3.2,1
2025-05-17,Pão de batata,Salgados,53,6.0,1.8,0
2025-05-17,Pão de forma caseiro,Pães,63,12.0,4.5,0
2025-05-17,Pão de queijo,Pães,276,3.5,1.1,0
2025-05-17,Pão francês,Pães,1376,0.9,0.3,0
2025-05-17,Pão na chapa,Lanches,137,6.0,1.5,0
2025-05-17,Sanduíche natural,Lanches,75,11.9,5.5,1
2025-05-17,Sonho,Doces,54,6.0,1.9,0
2025-05-17,Suco de laranja natural,Bebidas,126,9.0,3.0,0
2025-05-17,Torta de limão (fatia),Doces,67,11.0,3.5,0
2025-05-18,Baguete,Pães,63,8.0,2.6,0
2025-05-18,Bolo de cenoura (fatia),Doces,40,7.0,2.0,0
2025-05-18,Brigadeiro,Doces,103,3.0,0.9,0
2025-05-18,Coxinha,Salgados,72,7.5,2.3,0
2025-05-18,Croissant,Pães,123,7.0,2.4,0
2025-05-18,Empada de frango,Salgados,47,7.0,2.2,0
2025-05-18,Esfiha de carne,Salgados,66,6.5,2.0,0
2025-05-18,Misto quente,Lanches,71,9.0,3.0,0
2025-05-18,Pudim (fatia),Doces,29,10.0,3.2,0
2025-05-18,Pão de batata,Salgados,42,6.0,1.8,0
2025-05-18,Pão de forma caseiro,Pães,31,12.0,4.5,0
2025-05-18,Pão de queijo,Pães,251,3.5,1.1,0
2025-05-18,Pão francês,Pães,1497,0.9,0.3,0
2025-05-18,Pão na chapa,Lanches,111,6.0,1.5,0
2025-05-18,Sanduíche natural,Lanches,26,14.0,5.5,0
2025-05-18,Sonho,Doces,110,6.0,1.9,0
2025-05-18,Suco de laranja natural,Bebidas,116,9.0,3.0,0
2025-05-18,Torta de limão (fatia),Doces,64,11.0,3.5,0
2025-05-19,Baguete,Pães,34,8.0,2.6,0
2025-05-19,Bolo de cenoura (fatia),Doces,31,7.0,2.0,0
2025-05-19,Brigadeiro,Doces,59,3.0,0.9,0
2025-05-19,Coxinha,Salgados,177,7.5,2.3,0
2025-05-19,Croissant,Pães,74,7.0,2.4,0
2025-05-19,Empada de frango,Salgados,62,5.95,2.2,1
2025-05-19,Esfiha de carne,Salgados,85,6.5,2.0,0
2025-05-19,Misto quente,Lanches,79,9.0,3.0,0
2025-05-19,Pudim (fatia),Doces,14,10.0,3.2,0
2025-05-19,Pão de batata,Salgados,56,6.0,1.8,0
2025-05-19,Pão de forma caseiro,Pães,20,12.0,4.5,0
2025-05-19,Pão de queijo,Pães,196,3.5,1.1,0
2025-05-19,Pão francês,Pães,881,0.9,0.3,0
2025-05-19,Pão na chapa,Lanches,112,6.0,1.5,0
2025-05-19,Sanduíche natural,Lanches,50,14.0,5.5,0
2025-05-19,Sonho,Doces,34,6.0,1.9,0
2025-05-19,Suco de laranja natural,Bebidas,105,9.0,3.0,0
2025-05-19,Torta de limão (fatia),Doces,40,11.0,3.5,0
2025-05-20,Baguete,Pães,42,8.0,2.6,0
2025-05-20,Bolo de cenoura (fatia),Doces,77,7.0,2.0,0
2025-05-20,Brigadeiro,Doces,75,3.0,0.9,0
2025-05-20,Coxinha,Salgados,140,7.5,2.3,0
2025-05-20,Croissant,Pães,103,7.0,2.4,0
2025-05-20,Empada de frango,Salgados,95,7.0,2.2,0
2025-05-20,Esfiha de carne,Salgados,87,6.5,2.0,0
2025-05-20,Misto quente,Lanches,48,9.0,3.0,0
2025-05-20,Pudim (fatia),Doces,28,10.0,3.2,0
2025-05-20,Pão de batata,Salgados,55,6.0,1.8,0
2025-05-20,Pão de forma caseiro,Pães,33,12.0,4.5,0
2025-05-20,Pão de queijo,Pães,239,3.5,1.1,0
2025-05-20,Pão francês,Pães,1086,0.9,0.3,0
2025-05-20,Pão na chapa,Lanches,114,6.0,1.5,0
2025-05-20,Sanduíche natural,Lanches,43,14.0,5.5,0
2025-05-20,Sonho,Doces,54,5.1,1.9,1
2025-05-20,Suco de laranja natural,Bebidas,61,9.0,3.0,0
2025-05-20,Torta de limão (fatia),Doces,17,11.0,3.5,0
2025-05-21,Baguete,Pães,30,8.0,2.6,0
2025-05-21,Bolo de cenoura (fatia),Doces,44,7.0,2.0,0
2025-05-21,Brigadeiro,Doces,107,3.0,0.9,0
2025-05-21,Coxinha,Salgados,158,7.5,2.3,0
2025-05-21,Croissant,Pães,67,7.0,2.4,0
2025-05-21,Empada de frango,Salgados,38,7.0,2.2,0
2025-05-21,Esfiha de carne,Salgados,83,6.5,2.0,0
2025-05-21,Misto quente,Lanches,83,9.0,3.0,0
2025-05-21,Pudim (fatia),Doces,48,8.5,3.2,1
2025-05-21,Pão de batata,Salgados,51,6.0,1.8,0
2025-05-21,Pão de forma caseiro,Pães,26,12.0,4.5,0
2025-05-21,Pão de queijo,Pães,250,3.5,1.1,0
2025-05-21,Pão francês,Pães,909,0.9,0.3,0
2025-05-21,Pão na chapa,Lanches,141,6.0,1.5,0
2025-05-21,Sanduíche natural,Lanches,48,14.0,5.5,0
2025-05-21,Sonho,Doces,32,6.0,1.9,0
2025-05-21,Suco de laranja natural,Bebidas,60,9.0,3.0,0
2025-05-21,Torta de limão (fatia),Doces,27,11.0,3.5,0
2025-05-22,Baguete,Pães,37,8.0,2.6,0
2025-05-22,Bolo de cenoura (fatia),Doces,55,5.95,2.0,1
2025-05-22,Brigadeiro,Doces,74,3.0,0.9,0
2025-05-22,Coxinha,Salgados,125,7.5,2.3,0
2025-05-22,Croissant,Pães,79,7.0,2.4,0
2025-05-22,Empada de frango,Salgados,35,7.0,2.2,0
2025-05-22,Esfiha de carne,Salgados,103,6.5,2.0,0
2025-05-22,Misto quente,Lanches,76,9.0,3.0,0
2025-05-22,Pudim (fatia),Doces,17,10.0,3.2,0
2025-05-22,Pão de batata,Salgados,90,6.0,1.8,0
2025-05-22,Pão de forma caseiro,Pães,20,12.0,4.5,0
2025-05-22,Pão de queijo,Pães,108,3.5,1.1,0
2025-05-22,Pão francês,Pães,642,0.9,0.3,0
2025-05-22,Pão na chapa,Lanches,133,6.0,1.5,0
2025-05-22,Sanduíche natural,Lanches,48,14.0,5.5,0
2025-05-22,Sonho,Doces,40,6.0,1.9,0
2025-05-22,Suco de laranja natural,Bebidas,87,9.0,3.0,0
2025-05-22,Torta de limão (fatia),Doces,15,11.0,3.5,0
2025-05-23,Baguete,Pães,35,8.0,2.6,0
2025-05-23,Bolo de cenoura (fatia),Doces,47,7.0,2.0,0
2025-05-23,Brigadeiro,Doces,155,3.0,0.9,0
2025-05-23,Coxinha,Salgados,147,7.5,2.3,0
2025-05-23,Croissant,Pães,38,7.0,2.4,0
2025-05-23,Empada de frango,Salgados,70,7.0,2.2,0
2025-05-23,Esfiha de carne,Salgados,128,6.5,2.0,0
2025-05-23,Misto quente,Lanches,96,7.65,3.0,1
2025-05-23,Pudim (fatia),Doces,15,10.0,3.2,0
2025-05-23,Pão de batata,Salgados,57,6.0,1.8,0
2025-05-23,Pão de forma caseiro,Pães,35,12.0,4.5,0
2025-05-23,Pão de queijo,Pães,248,3.5,1.1,0
2025-05-23,Pão francês,Pães,1382,0.76,0.3,1
2025-05-23,Pão na chapa,Lanches,151,6.0,1.5,0
2025-05-23,Sanduíche natural,Lanches,41,14.0,5.5,0
2025-05-23,Sonho,Doces,48,6.0,1.9,0
2025-05-23,Suco de laranja natural,Bebidas,69,9.0,3.0,0
2025-05-23,Torta de limão (fatia),Doces,36,11.0,3.5,0
2025-05-24,Baguete,Pães,28,8.0,2.6,0
2025-05-24,Bolo de cenoura (fatia),Doces,92,7.0,2.0,0
2025-05-24,Brigadeiro,Doces,184,3.0,0.9,0
2025-05-24,Coxinha,Salgados,122,7.5,2.3,0
2025-05-24,Croissant,Pães,50,7.0,2.4,0
2025-05-24,Empada de frango,Salgados,78,7.0,2.2,0
2025-05-24,Esfiha de carne,Salgados,50,6.5,2.0,0
2025-05-24,Misto quente,Lanches,69,9.0,3.0,0
2025-05-24,Pudim (fatia),Doces,28,10.0,3.2,0
2025-05-24,Pão de batata,Salgados,79,6.0,1.8,0
2025-05-24,Pão de forma caseiro,Pães,55,12.0,4.5,0
2025-05-24,Pão de queijo,Pães,299,3.5,1.1,0
2025-05-24,Pão francês,Pães,1274,0.9,0.3,0
2025-05-24,Pão na chapa,Lanches,144,6.0,1.5,0
2025-05-24,Sanduíche natural,Lanches,31,14.0,5.5,0
2025-05-24,Sonho,Doces,68,6.0,1.9,0
2025-05-24,Suco de laranja natural,Bebidas,144,9.0,3.0,0
2025-05-24,Torta de limão (fatia),Doces,37,11.0,3.5,0
2025-05-25,Baguete,Pães,60,8.0,2.6,0
2025-05-25,Bolo de cenoura (fatia),Doces,89,7.0,2.0,0
2025-05-25,Brigadeiro,Doces,104,3.0,0.9,0
2025-05-25,Coxinha,Salgados,93,7.5,2.3,0
2025-05-25,Croissant,Pães,108,7.0,2.4,0
2025-05-25,Empada de frango,Salgados,76,7.0,2.2,0
2025-05-25,Esfiha de carne,Salgados,41,6.5,2.0,0
2025-05-25,Misto quente,Lanches,50,9.0,3.0,0
2025-05-25,Pudim (fatia),Doces,40,10.0,3.2,0
2025-05-25,Pão de batata,Salgados,78,6.0,1.8,0
2025-05-25,Pão de forma caseiro,Pães,27,12.0,4.5,0
2025-05-25,Pão de queijo,Pães,208,3.5,1.1,0
2025-05-25,Pão francês,Pães,1369,0.9,0.3,0
2025-05-25,Pão na chapa,Lanches,198,6.0,1.5,0
2025-05-25,Sanduíche natural,Lanches,37,14.0,5.5,0
2025-05-25,Sonho,Doces,57,6.0,1.9,0
2025-05-25,Suco de laranja natural,Bebidas,105,9.0,3.0,0
2025-05-25,Torta de limão (fatia),Doces,35,11.0,3.5,0
2025-05-26,Baguete,Pães,33,8.0,2.6,0
2025-05-26,Bolo de cenoura (fatia),Doces,40,5.95,2.0,1
2025-05-26,Brigadeiro,Doces,95,3.0,0.9,0
2025-05-26,Coxinha,Salgados,134,7.5,2.3,0
2025-05-26,Croissant,Pães,29,7.0,2.4,0
2025-05-26,Empada de frango,Salgados,78,7.0,2.2,0
2025-05-26,Esfiha de carne,Salgados,83,5.52,2.0,1
2025-05-26,Misto quente,Lanches,62,9.0,3.0,0
2025-05-26,Pudim (fatia),Doces,11,8.5,3.2,1
2025-05-26,Pão de batata,Salgados,42,6.0,1.8,0
2025-05-26,Pão de forma caseiro,Pães,13,12.0,4.5,0
2025-05-26,Pão de queijo,Pães,207,2.98,1.1,1
2025-05-26,Pão francês,Pães,999,0.9,0.3,0
2025-05-26,Pão na chapa,Lanches,132,6.0,1.5,0
2025-05-26,Sanduíche natural,Lanches,51,14.0,5.5,0
2025-05-26,Sonho,Doces,81,5.1,1.9,1
2025-05-26,Suco de laranja natural,Bebidas,131,9.0,3.0,0
2025-05-26,Torta de limão (fatia),Doces,13,11.0,3.5,0
2025-05-27,Baguete,Pães,23,8.0,2.6,0
2025-05-27,Bolo de cenoura (fatia),Doces,64,7.0,2.0,0
2025-05-27,Brigadeiro,Doces,67,3.0,0.9,0
2025-05-27,Coxinha,Salgados,142,7.5,2.3,0
2025-05-27,Croissant,Pães,126,7.0,2.4,0
2025-05-27,Empada de frango,Salgados,98,7.0,2.2,0
2025-05-27,Esfiha de carne,Salgados,104,6.5,2.0,0
2025-05-27,Misto quente,Lanches,56,9.0,3.0,0
2025-05-27,Pudim (fatia),Doces,18,10.0,3.2,0
2025-05-27,Pão de batata,Salgados,74,6.0,1.8,0
2025-05-27,Pão de forma caseiro,Pães,21,12.0,4.5,0
2025-05-27,Pão de queijo,Pães,159,3.5,1.1,0
2025-05-27,Pão francês,Pães,597,0.9,0.3,0
2025-05-27,Pão na chapa,Lanches,148,6.0,1.5,0
2025-05-27,Sanduíche natural,Lanches,27,11.9,5.5,1
2025-05-27,Sonho,Doces,22,6.0,1.9,0
2025-05-27,Suco de laranja natural,Bebidas,63,9.0,3.0,0
2025-05-27,Torta de limão (fatia),Doces,32,11.0,3.5,0
2025-05-28,Baguete,Pães,26,8.0,2.6,0
2025-05-28,Bolo de cenoura (fatia),Doces,36,7.0,2.0,0
2025-05-28,Brigadeiro,Doces,89,3.0,0.9,0
2025-05-28,Coxinha,Salgados,111,7.5,2.3,0
2025-05-28,Croissant,Pães,77,7.0,2.4,0
2025-05-28,Empada de frango,Salgados,63,7.0,2.2,0
2025-05-28,Esfiha de carne,Salgados,64,6.5,2.0,0
2025-05-28,Misto quente,Lanches,113,9.0,3.0,0
2025-05-28,Pudim (fatia),Doces,19,10.0,3.2,0
2025-05-28,Pão de batata,Salgados,66,6.0,1.8,0
2025-05-28,Pão de forma caseiro,Pães,28,12.0,4.5,0
2025-05-28,Pão de queijo,Pães,195,3.5,1.1,0
2025-05-28,Pão francês,Pães,741,0.9,0.3,0
2025-05-28,Pão na chapa,Lanches,117,6.0,1.5,0
2025-05-28,Sanduíche natural,Lanches,53,14.0,5.5,0
2025-05-28,Sonho,Doces,91,6.0,1.9,0
2025-05-28,Suco de laranja natural,Bebidas,45,9.0,3.0,0
2025-05-28,Torta de limão (fatia),Doces,21,11.0,3.5,0
2025-05-29,Baguete,Pães,49,8.0,2.6,0
2025-05-29,Bolo de cenoura (fatia),Doces,59,7.0,2.0,0
2025-05-29,Brigadeiro,Doces,80,3.0,0.9,0
2025-05-29,Coxinha,Salgados,135,7.5,2.3,0
2025-05-29,Croissant,Pães,89,7.0,2.4,0
2025-05-29,Empada de frango,Salgados,57,7.0,2.2,0
2025-05-29,Esfiha de carne,Salgados,58,6.5,2.0,0
2025-05-29,Misto quente,Lanches,113,9.0,3.0,0
2025-05-29,Pudim (fatia),Doces,24,10.0,3.2,0
2025-05-29,Pão de batata,Salgados,70,6.0,1.8,0
2025-05-29,Pão de forma caseiro,Pães,14,12.0,4.5,0
2025-05-29,Pão de queijo,Pães,144,3.5,1.1,0
2025-05-29,Pão francês,Pães,1016,0.9,0.3,0
2025-05-29,Pão na chapa,Lanches,115,6.0,1.5,0
2025-05-29,Sanduíche natural,Lanches,38,14.0,5.5,0
2025-05-29,Sonho,Doces,79,6.0,1.9,0
2025-05-29,Suco de laranja natural,Bebidas,74,9.0,3.0,0
2025-05-29,Torta de limão (fatia),Doces,13,11.0,3.5,0
2025-05-30,Baguete,Pães,44,6.8,2.6,1
2025-05-30,Bolo de cenoura (fatia),Doces,112,7.0,2.0,0
2025-05-30,Brigadeiro,Doces,70,3.0,0.9,0
2025-05-30,Coxinha,Salgados,144,7.5,2.3,0
2025-05-30,Croissant,Pães,48,7.0,2.4,0
2025-05-30,Empada de frango,Salgados,89,5.95,2.2,1
2025-05-30,Esfiha de carne,Salgados,79,6.5,2.0,0
2025-05-30,Misto quente,Lanches,56,9.0,3.0,0
2025-05-30,Pudim (fatia),Doces,36,10.0,3.2,0
2025-05-30,Pão de batata,Salgados,74,6.0,1.8,0
2025-05-30,Pão de forma caseiro,Pães,23,12.0,4.5,0
2025-05-30,Pão de queijo,Pães,243,2.98,1.1,1
2025-05-30,Pão francês,Pães,898,0.9,0.3,0
2025-05-30,Pão na chapa,Lanches,103,6.0,1.5,0
2025-05-30,Sanduíche natural,Lanches,56,11.9,5.5,1
2025-05-30,Sonho,Doces,43,6.0,1.9,0
2025-05-30,Suco de laranja natural,Bebidas,108,9.0,3.0,0
2025-05-30,Torta de limão (fatia),Doces,20,11.0,3.5,0
2025-05-31,Baguete,Pães,72,6.8,2.6,1
2025-05-31,Bolo de cenoura (fatia),Doces,80,7.0,2.0,0
2025-05-31,Brigadeiro,Doces,112,3.0,0.9,0
2025-05-31,Coxinha,Salgados,114,7.5,2.3,0
2025-05-31,Croissant,Pães,73,7.0,2.4,0
2025-05-31,Empada de frango,Salgados,76,7.0,2.2,0
2025-05-31,Esfiha de carne,Salgados,71,6.5,2.0,0
2025-05-31,Misto quente,Lanches,71,9.0,3.0,0
2025-05-31,Pudim (fatia),Doces,36,10.0,3.2,0
2025-05-31,Pão de batata,Salgados,66,6.0,1.8,0
2025-05-31,Pão de forma caseiro,Pães,40,12.0,4.5,0
2025-05-31,Pão de queijo,Pães,176,3.5,1.1,0
2025-05-31,Pão francês,Pães,1284,0.9,0.3,0
2025-05-31,Pão na chapa,Lanches,143,6.0,1.5,0
2025-05-31,Sanduíche natural,Lanches,28,14.0,5.5,0
2025-05-31,Sonho,Doces,57,6.0,1.9,0
2025-05-31,Suco de laranja natural,Bebidas,112,9.0,3.0,0
2025-05-31,Torta de limão (fatia),Doces,29,11.0,3.5,0
2025-06-01,Baguete,Pães,60,8.0,2.6,0
2025-06-01,Bolo de cenoura (fatia),Doces,57,7.0,2.0,0
2025-06-01,Brigadeiro,Doces,134,3.0,0.9,0
2025-06-01,Coxinha,Salgados,96,7.5,2.3,0
2025-06-01,Croissant,Pães,109,7.0,2.4,0
2025-06-01,Empada de frango,Salgados,28,7.0,2.2,0
2025-06-01,Esfiha de carne,Salgados,73,5.52,2.0,1
2025-06-01,Misto quente,Lanches,45,9.0,3.0,0
2025-06-01,Pudim (fatia),Doces,38,10.0,3.2,0
2025-06-01,Pão de batata,Salgados,40,6.0,1.8,0
2025-06-01,Pão de forma caseiro,Pães,35,12.0,4.5,0
2025-06-01,Pão de queijo,Pães,280,2.98,1.1,1
2025-06-01,Pão francês,Pães,1632,0.9,0.3,0
2025-06-01,Pão na chapa,Lanches,262,6.0,1.5,0
2025-06-01,Sanduíche natural,Lanches,45,14.0,5.5,0
2025-06-01,Sonho,Doces,47,6.0,1.9,0
2025-06-01,Suco de laranja natural,Bebidas,85,9.0,3.0,0
2025-06-01,Torta de limão (fatia),Doces,62,11.0,3.5,0
2025-06-02,Baguete,Pães,34,8.0,2.6,0
2025-06-02,Bolo de cenoura (fatia),Doces,75,7.0,2.0,0
2025-06-02,Brigadeiro,Doces,61,3.0,0.9,0
2025-06-02,Coxinha,Salgados,129,7.5,2.3,0
2025-06-02,Croissant,Pães,70,7.0,2.4,0
2025-06-02,Empada de frango,Salgados,72,7.0,2.2,0
2025-06-02,Esfiha de carne,Salgados,97,6.5,2.0,0
2025-06-02,Misto quente,Lanches,83,9.0,3.0,0
2025-06-02,Pudim (fatia),Doces,24,10.0,3.2,0
2025-06-02,Pão de batata,Salgados,75,6.0,1.8,0
2025-06-02,Pão de forma caseiro,Pães,14,12.0,4.5,0
2025-06-02,Pão de queijo,Pães,133,3.5,1.1,0
2025-06-02,Pão francês,Pães,1125,0.76,0.3,1
2025-06-02,Pão na chapa,Lanches,105,6.0,1.5,0
2025-06-02,Sanduíche natural,Lanches,51,14.0,5.5,0
2025-06-02,Sonho,Doces,68,6.0,1.9,0
2025-06-02,Suco de laranja natural,Bebidas,67,9.0,3.0,0
2025-06-02,Torta de limão (fatia),Doces,27,11.0,3.5,0
2025-06-03,Baguete,Pães,31,8.0,2.6,0
2025-06-03,Bolo de cenoura (fatia),Doces,73,7.0,2.0,0
2025-06-03,Brigadeiro,Doces,82,3.0,0.9,0
2025-06-03,Coxinha,Salgados,134,7.5,2.3,0
2025-06-03,Croissant,Pães,59,7.0,2.4,0
2025-06-03,Empada de frango,Salgados,83,7.0,2.2,0
2025-06-03,Esfiha de carne,Salgados,62,6.5,2.0,0
2025-06-03,Misto quente,Lanches,85,9.0,3.0,0
2025-06-03,Pudim (fatia),Doces,37,10.0,3.2,0
2025-06-03,Pão de batata,Salgados,133,6.0,1.8,0
2025-06-03,Pão de forma caseiro,Pães,19,12.0,4.5,0
2025-06-03,Pão de queijo,Pães,152,3.5,1.1,0
2025-06-03,Pão francês,Pães,849,0.9,0.3,0
2025-06-03,Pão na chapa,Lanches,117,6.0,1.5,0
2025-06-03,Sanduíche natural,Lanches,33,14.0,5.5,0
2025-06-03,Sonho,Doces,33,6.0,1.9,0
2025-06-03,Suco de laranja natural,Bebidas,68,9.0,3.0,0
2025-06-03,Torta de limão (fatia),Doces,35,11.0,3.5,0
2025-06-04,Baguete,Pães,27,8.0,2.6,0
2025-06-04,Bolo de cenoura (fatia),Doces,35,7.0,2.0,0
2025-06-04,Brigadeiro,Doces,85,3.0,0.9,0
2025-06-04,Coxinha,Salgados,161,7.5,2.3,0
2025-06-04,Croissant,Pães,44,7.0,2.4,0
2025-06-04,Empada de frango,Salgados,60,7.0,2.2,0
2025-06-04,Esfiha de carne,Salgados,70,6.5,2.0,0
2025-06-04,Misto quente,Lanches,110,9.0,3.0,0
2025-06-04,Pudim (fatia),Doces,23,10.0,3.2,0
2025-06-04,Pão de batata,Salgados,57,6.0,1.8,0
2025-06-04,Pão de forma caseiro,Pães,16,12.0,4.5,0
2025-06-04,Pão de queijo,Pães,144,3.5,1.1,0
2025-06-04,Pão francês,Pães,756,0.9,0.3,0
2025-06-04,Pão na chapa,Lanches,108,6.0,1.5,0
2025-06-04,Sanduíche natural,Lanches,33,14.0,5.5,0
2025-06-04,Sonho,Doces,109,6.0,1.9,0
2025-06-04,Suco de laranja natural,Bebidas,40,9.0,3.0,0
2025-06-04,Torta de limão (fatia),Doces,22,11.0,3.5,0
2025-06-05,Baguete,Pães,36,8.0,2.6,0
2025-06-05,Bolo de cenoura (fatia),Doces,74,7.0,2.0,0
2025-06-05,Brigadeiro,Doces,25,3.0,0.9,0
2025-06-05,Coxinha,Salgados,150,7.5,2.3,0
2025-06-05,Croissant,Pães,53,7.0,2.4,0
2025-06-05,Empada de frango,Salgados,39,7.0,2.2,0
2025-06-05,Esfiha de carne,Salgados,113,6.5,2.0,0
2025-06-05,Misto quente,Lanches,113,9.0,3.0,0
2025-06-05,Pudim (fatia),Doces,14,10.0,3.2,0
2025-06-05,Pão de batata,Salgados,52,6.0,1.8,0
2025-06-05,Pão de forma caseiro,Pães,22,12.0,4.5,0
2025-06-05,Pão de queijo,Pães,160,3.5,1.1,0
2025-06-05,Pão francês,Pães,957,0.9,0.3,0
2025-06-05,Pão na chapa,Lanches,141,6.0,1.5,0
2025-06-05,Sanduíche natural,Lanches,39,14.0,5.5,0
2025-06-05,Sonho,Doces,100,6.0,1.9,0
2025-06-05,Suco de laranja natural,Bebidas,61,9.0,3.0,0
2025-06-05,Torta de limão (fatia),Doces,17,11.0,3.5,0
2025-06-06,Baguete,Pães,48,8.0,2.6,0
2025-06-06,Bolo de cenoura (fatia),Doces,67,5.95,2.0,1
2025-06-06,Brigadeiro,Doces,116,3.0,0.9,0
2025-06-06,Coxinha,Salgados,150,7.5,2.3,0
2025-06-06,Croissant,Pães,67,7.0,2.4,0
2025-06-06,Empada de frango,Salgados,68,5.95,2.2,1
2025-06-06,Esfiha de carne,Salgados,117,6.5,2.0,0
2025-06-06,Misto quente,Lanches,50,9.0,3.0,0
2025-06-06,Pudim (fatia),Doces,36,10.0,3.2,0
2025-06-06,Pão de batata,Salgados,102,6.0,1.8,0
2025-06-06,Pão de forma caseiro,Pães,46,12.0,4.5,0
2025-06-06,Pão de queijo,Pães,244,3.5,1.1,0
2025-06-06,Pão francês,Pães,777,0.9,0.3,0
2025-06-06,Pão na chapa,Lanches,127,6.0,1.5,0
2025-06-06,Sanduíche natural,Lanches,62,14.0,5.5,0
2025-06-06,Sonho,Doces,64,6.0,1.9,0
2025-06-06,Suco de laranja natural,Bebidas,79,9.0,3.0,0
2025-06-06,Torta de limão (fatia),Doces,33,11.0,3.5,0
2025-06-07,Baguete,Pães,43,8.0,2.6,0
2025-06-07,Bolo de cenoura (fatia),Doces,99,7.0,2.0,0
2025-06-07,Brigadeiro,Doces,111,3.0,0.9,0
2025-06-07,Coxinha,Salgados,127,7.5,2.3,0
2025-06-07,Croissant,Pães,68,7.0,2.4,0
2025-06-07,Empada de frango,Salgados,47,7.0,2.2,0
2025-06-07,Esfiha de carne,Salgados,57,6.5,2.0,0
2025-06-07,Misto quente,Lanches,60,9.0,3.0,0
2025-06-07,Pudim (fatia),Doces,27,10.0,3.2,0
2025-06-07,Pão de batata,Salgados,41,6.0,1.8,0
2025-06-07,Pão de forma caseiro,Pães,88,12.0,4.5,0
2025-06-07,Pão de queijo,Pães,225,3.5,1.1,0
2025-06-07,Pão francês,Pães,1241,0.9,0.3,0
2025-06-07,Pão na chapa,Lanches,150,6.0,1.5,0
2025-06-07,Sanduíche natural,Lanches,22,14.0,5.5,0
2025-06-07,Sonho,Doces,74,6.0,1.9,0
2025-06-07,Suco de laranja natural,Bebidas,71,9.0,3.0,0
2025-06-07,Torta de limão (fatia),Doces,34,11.0,3.5,0
2025-06-08,Baguete,Pães,24,8.0,2.6,0
2025-06-08,Bolo de cenoura (fatia),Doces,78,7.0,2.0,0
2025-06-08,Brigadeiro,Doces,137,3.0,0.9,0
2025-06-08,Coxinha,Salgados,112,7.5,2.3,0
2025-06-08,Croissant,Pães,70,7.0,2.4,0
2025-06-08,Empada de frango,Salgados,67,7.0,2.2,0
2025-06-08,Esfiha de carne,Salgados,101,6.5,2.0,0
2025-06-08,Misto quente,Lanches,74,9.0,3.0,0
2025-06-08,Pudim (fatia),Doces,17,10.0,3.2,0
2025-06-08,Pão de batata,Salgados,68,6.0,1.8,0
2025-06-08,Pão de forma caseiro,Pães,30,12.0,4.5,0
2025-06-08,Pão de queijo,Pães,267,3.5,1.1,0
2025-06-08,Pão francês,Pães,1356,0.9,0.3,0
2025-06-08,Pão na chapa,Lanches,183,6.0,1.5,0
2025-06-08,Sanduíche natural,Lanches,38,14.0,5.5,0
2025-06-08,Sonho,Doces,85,6.0,1.9,0
2025-06-08,Suco de laranja natural,Bebidas,136,7.65,3.0,1
2025-06-08,Torta de limão (fatia),Doces,42,11.0,3.5,0
2025-06-09,Baguete,Pães,21,8.0,2.6,0
2025-06-09,Bolo de cenoura (fatia),Doces,34,7.0,2.0,0
2025-06-09,Brigadeiro,Doces,61,3.0,0.9,0
2025-06-09,Coxinha,Salgados,113,7.5,2.3,0
2025-06-09,Croissant,Pães,70,7.0,2.4,0
2025-06-09,Empada de frango,Salgados,68,7.0,2.2,0
2025-06-09,Esfiha de carne,Salgados,92,6.5,2.0,0
2025-06-09,Misto quente,Lanches,83,9.0,3.0,0
2025-06-09,Pudim (fatia),Doces,20,10.0,3.2,0
2025-06-09,Pão de batata,Salgados,95,6.0,1.8,0
2025-06-09,Pão de forma caseiro,Pães,12,12.0,4.5,0
2025-06-09,Pão de queijo,Pães,195,3.5,1.1,0
2025-06-09,Pão francês,Pães,1196,0.9,0.3,0
2025-06-09,Pão na chapa,Lanches,121,6.0,1.5,0
2025-06-09,Sanduíche natural,Lanches,19,14.0,5.5,0
2025-06-09,Sonho,Doces,38,6.0,1.9,0
2025-06-09,Suco de laranja natural,Bebidas,25,9.0,3.0,0
2025-06-09,Torta de limão (fatia),Doces,23,11.0,3.5,0
2025-06-10,Baguete,Pães,28,8.0,2.6,0
2025-06-10,Bolo de cenoura (fatia),Doces,48,7.0,2.0,0
2025-06-10,Brigadeiro,Doces,83,2.55,0.9,1
2025-06-10,Coxinha,Salgados,142,7.5,2.3,0
2025-06-10,Croissant,Pães,47,7.0,2.4,0
2025-06-10,Empada de frango,Salgados,86,7.0,2.2,0
2025-06-10,Esfiha de carne,Salgados,79,6.5,2.0,0
2025-06-10,Misto quente,Lanches,83,9.0,3.0,0
2025-06-10,Pudim (fatia),Doces,23,8.5,3.2,1
2025-06-10,Pão de batata,Salgados,104,6.0,1.8,0
2025-06-10,Pão de forma caseiro,Pães,22,12.0,4.5,0
2025-06-10,Pão de queijo,Pães,224,3.5,1.1,0
2025-06-10,Pão francês,Pães,842,0.9,0.3,0
2025-06-10,Pão na chapa,Lanches,153,6.0,1.5,0
2025-06-10,Sanduíche natural,Lanches,27,14.0,5.5,0
2025-06-10,Sonho,Doces,55,6.0,1.9,0
2025-06-10,Suco de laranja natural,Bebidas,39,9.0,3.0,0
2025-06-10,Torta de limão (fatia),Doces,16,11.0,3.5,0
2025-06-11,Baguete,Pães,23,8.0,2.6,0
2025-06-11,Bolo de cenoura (fatia),Doces,53,7.0,2.0,0
2025-06-11,Brigadeiro,Doces,81,3.0,0.9,0
2025-06-11,Coxinha,Salgados,132,7.5,2.3,0
2025-06-11,Croissant,Pães,88,7.0,2.4,0
2025-06-11,Empada de frango,Salgados,70,7.0,2.2,0
2025-06-11,Esfiha de carne,Salgados,94,6.5,2.0,0
2025-06-11,Misto quente,Lanches,83,9.0,3.0,0
2025-06-11,Pudim (fatia),Doces,8,10.0,3.2,0
2025-06-11,Pão de batata,Salgados,93,6.0,1.8,0
2025-06-11,Pão de forma caseiro,Pães,33,12.0,4.5,0
2025-06-11,Pão de queijo,Pães,110,3.5,1.1,0
2025-06-11,Pão francês,Pães,950,0.9,0.3,0
2025-06-11,Pão na chapa,Lanches,90,6.0,1.5,0
2025-06-11,Sanduíche natural,Lanches,32,14.0,5.5,0
2025-06-11,Sonho,Doces,65,6.0,1.9,0
2025-06-11,Suco de laranja natural,Bebidas,51,9.0,3.0,0
2025-06-11,Torta de limão (fatia),Doces,25,11.0,3.5,0
2025-06-12,Baguete,Pães,21,8.0,2.6,0
2025-06-12,Bolo de cenoura (fatia),Doces,28,7.0,2.0,0
2025-06-12,Brigadeiro,Doces,100,3.0,0.9,0
2025-06-12,Coxinha,Salgados,223,7.5,2.3,0
2025-06-12,Croissant,Pães,27,7.0,2.4,0
2025-06-12,Empada de frango,Salgados,48,7.0,2.2,0
2025-06-12,Esfiha de carne,Salgados,64,6.5,2.0,0
2025-06-12,Misto quente,Lanches,95,9.0,3.0,0
2025-06-12,Pudim (fatia),Doces,32,10.0,3.2,0
2025-06-12,Pão de batata,Salgados,55,6.0,1.8,0
2025-06-12,Pão de forma caseiro,Pães,36,12.0,4.5,0
2025-06-12,Pão de queijo,Pães,106,3.5,1.1,0
2025-06-12,Pão francês,Pães,816,0.9,0.3,0
2025-06-12,Pão na chapa,Lanches,122,6.0,1.5,0
2025-06-12,Sanduíche natural,Lanches,43,14.0,5.5,0
2025-06-12,Sonho,Doces,72,6.0,1.9,0
2025-06-12,Suco de laranja natural,Bebidas,73,9.0,3.0,0
2025-06-12,Torta de limão (fatia),Doces,35,11.0,3.5,0
2025-06-13,Baguete,Pães,39,8.0,2.6,0
2025-06-13,Bolo de cenoura (fatia),Doces,53,7.0,2.0,0
2025-06-13,Brigadeiro,Doces,78,3.0,0.9,0
2025-06-13,Coxinha,Salgados,128,7.5,2.3,0
2025-06-13,Croissant,Pães,81,7.0,2.4,0
2025-06-13,Empada de frango,Salgados,78,7.0,2.2,0
2025-06-13,Esfiha de carne,Salgados,120,6.5,2.0,0
2025-06-13,Misto quente,Lanches,100,9.0,3.0,0
2025-06-13,Pudim (fatia),Doces,26,10.0,3.2,0
2025-06-13,Pão de batata,Salgados,42,6.0,1.8,0
2025-06-13,Pão de forma caseiro,Pães,20,12.0,4.5,0
2025-06-13,Pão de queijo,Pães,280,3.5,1.1,0
2025-06-13,Pão francês,Pães,944,0.9,0.3,0
2025-06-13,Pão na chapa,Lanches,132,6.0,1.5,0
2025-06-13,Sanduíche natural,Lanches,34,14.0,5.5,0
2025-06-13,Sonho,Doces,81,6.0,1.9,0
2025-06-13,Suco de laranja natural,Bebidas,40,9.0,3.0,0
2025-06-13,Torta de limão (fatia),Doces,23,11.0,3.5,0
2025-06-14,Baguete,Pães,70,8.0,2.6,0
2025-06-14,Bolo de cenoura (fatia),Doces,88,7.0,2.0,0
2025-06-14,Brigadeiro,Doces,96,3.0,0.9,0
2025-06-14,Coxinha,Salgados,110,7.5,2.3,0
2025-06-14,Croissant,Pães,103,7.0,2.4,0
2025-06-14,Empada de frango,Salgados,31,7.0,2.2,0
2025-06-14,Esfiha de carne,Salgados,81,6.5,2.0,0
2025-06-14,Misto quente,Lanches,104,9.0,3.0,0
2025-06-14,Pudim (fatia),Doces,44,10.0,3.2,0
2025-06-14,Pão de batata,Salgados,62,6.0,1.8,0
2025-06-14,Pão de forma caseiro,Pães,27,12.0,4.5,0
2025-06-14,Pão de queijo,Pães,243,3.5,1.1,0
2025-06-14,Pão francês,Pães,972,0.9,0.3,0
2025-06-14,Pão na chapa,Lanches,166,6.0,1.5,0
2025-06-14,Sanduíche natural,Lanches,36,14.0,5.5,0
2025-06-14,Sonho,Doces,186,6.0,1.9,0
2025-06-14,Suco de laranja natural,Bebidas,77,9.0,3.0,0
2025-06-14,Torta de limão (fatia),Doces,38,11.0,3.5,0
2025-06-15,Baguete,Pães,36,8.0,2.6,0
2025-06-15,Bolo de cenoura (fatia),Doces,125,5.95,2.0,1
2025-06-15,Brigadeiro,Doces,101,3.0,0.9,0
2025-06-15,Coxinha,Salgados,84,7.5,2.3,0
2025-06-15,Croissant,Pães,92,7.0,2.4,0
2025-06-15,Empada de frango,Salgados,47,7.0,2.2,0
2025-06-15,Esfiha de carne,Salgados,48,6.5,2.0,0
2025-06-15,Misto quente,Lanches,66,9.0,3.0,0
2025-06-15,Pudim (fatia),Doces,40,10.0,3.2,0
2025-06-15,Pão de batata,Salgados,48,5.1,1.8,1
2025-06-15,Pão de forma caseiro,Pães,34,12.0,4.5,0
2025-06-15,Pão de queijo,Pães,287,3.5,1.1,0
2025-06-15,Pão francês,Pães,1843,0.9,0.3,0
2025-06-15,Pão na chapa,Lanches,185,6.0,1.5,0
2025-06-15,Sanduíche natural,Lanches,37,14.0,5.5,0
2025-06-15,Sonho,Doces,148,6.0,1.9,0
2025-06-15,Suco de laranja natural,Bebidas,62,9.0,3.0,0
2025-06-15,Torta de limão (fatia),Doces,32,11.0,3.5,0
2025-06-16,Baguete,Pães,29,8.0,2.6,0
2025-06-16,Bolo de cenoura (fatia),Doces,56,5.95,2.0,1
2025-06-16,Brigadeiro,Doces,38,3.0,0.9,0
2025-06-16,Coxinha,Salgados,130,7.5,2.3,0
2025-06-16,Croissant,Pães,77,7.0,2.4,0
2025-06-16,Empada de frango,Salgados,70,7.0,2.2,0
2025-06-16,Esfiha de carne,Salgados,137,6.5,2.0,0
2025-06-16,Misto quente,Lanches,87,9.0,3.0,0
2025-06-16,Pudim (fatia),Doces,29,10.0,3.2,0
2025-06-16,Pão de batata,Salgados,56,6.0,1.8,0
2025-06-16,Pão de forma caseiro,Pães,19,12.0,4.5,0
2025-06-16,Pão de queijo,Pães,164,3.5,1.1,0
2025-06-16,Pão francês,Pães,951,0.9,0.3,0
2025-06-16,Pão na chapa,Lanches,87,6.0,1.5,0
2025-06-16,Sanduíche natural,Lanches,47,14.0,5.5,0
2025-06-16,Sonho,Doces,123,5.1,1.9,1
2025-06-16,Suco de laranja natural,Bebidas,83,9.0,3.0,0
2025-06-16,Torta de limão (fatia),Doces,43,11.0,3.5,0
2025-06-17,Baguete,Pães,36,8.0,2.6,0
2025-06-17,Bolo de cenoura (fatia),Doces,49,7.0,2.0,0
2025-06-17,Brigadeiro,Doces,84,3.0,0.9,0
2025-06-17,Coxinha,Salgados,160,7.5,2.3,0
2025-06-17,Croissant,Pães,78,7.0,2.4,0
2025-06-17,Empada de frango,Salgados,68,7.0,2.2,0
2025-06-17,Esfiha de carne,Salgados,52,6.5,2.0,0
2025-06-17,Misto quente,Lanches,94,9.0,3.0,0
2025-06-17,Pudim (fatia),Doces,23,10.0,3.2,0
2025-06-17,Pão de batata,Salgados,73,6.0,1.8,0
2025-06-17,Pão de forma caseiro,Pães,25,12.0,4.5,0
2025-06-17,Pão de queijo,Pães,193,3.5,1.1,0
2025-06-17,Pão francês,Pães,1077,0.9,0.3,0
2025-06-17,Pão na chapa,Lanches,137,6.0,1.5,0
2025-06-17,Sanduíche natural,Lanches,76,14.0,5.5,0
2025-06-17,Sonho,Doces,73,6.0,1.9,0
2025-06-17,Suco de laranja natural,Bebidas,69,9.0,3.0,0
2025-06-17,Torta de limão (fatia),Doces,16,11.0,3.5,0
2025-06-18,Baguete,Pães,32,6.8,2.6,1
2025-06-18,Bolo de cenoura (fatia),Doces,32,7.0,2.0,0
2025-06-18,Brigadeiro,Doces,130,3.0,0.9,0
2025-06-18,Coxinha,Salgados,139,7.5,2.3,0
2025-06-18,Croissant,Pães,83,7.0,2.4,0
2025-06-18,Empada de frango,Salgados,42,7.0,2.2,0
2025-06-18,Esfiha de carne,Salgados,73,6.5,2.0,0
2025-06-18,Misto quente,Lanches,89,9.0,3.0,0
2025-06-18,Pudim (fatia),Doces,17,10.0,3.2,0
2025-06-18,Pão de batata,Salgados,84,6.0,1.8,0
2025-06-18,Pão de forma caseiro,Pães,21,12.0,4.5,0
2025-06-18,Pão de queijo,Pães,262,3.5,1.1,0
2025-06-18,Pão francês,Pães,861,0.9,0.3,0
2025-06-18,Pão na chapa,Lanches,115,6.0,1.5,0
2025-06-18,Sanduíche natural,Lanches,50,14.0,5.5,0
2025-06-18,Sonho,Doces,29,6.0,1.9,0
2025-06-18,Suco de laranja natural,Bebidas,69,9.0,3.0,0
2025-06-18,Torta de limão (fatia),Doces,40,11.0,3.5,0
2025-06-19,Baguete,Pães,53,8.0,2.6,0
2025-06-19,Bolo de cenoura (fatia),Doces,91,5.95,2.0,1
2025-06-19,Brigadeiro,Doces,89,3.0,0.9,0
2025-06-19,Coxinha,Salgados,195,7.5,2.3,0
2025-06-19,Croissant,Pães,61,7.0,2.4,0
2025-06-19,Empada de frango,Salgados,40,7.0,2.2,0
2025-06-19,Esfiha de carne,Salgados,60,6.5,2.0,0
2025-06-19,Misto quente,Lanches,62,9.0,3.0,0
2025-06-19,Pudim (fatia),Doces,17,10.0,3.2,0
2025-06-19,Pão de batata,Salgados,68,6.0,1.8,0
2025-06-19,Pão de forma caseiro,Pães,25,12.0,4.5,0
2025-06-19,Pão de queijo,Pães,162,3.5,1.1,0
2025-06-19,Pão francês,Pães,789,0.9,0.3,0
2025-06-19,Pão na chapa,Lanches,117,6.0,1.5,0
2025-06-19,Sanduíche natural,Lanches,35,14.0,5.5,0
2025-06-19,Sonho,Doces,64,5.1,1.9,1
2025-06-19,Suco de laranja natural,Bebidas,37,9.0,3.0,0
2025-06-19,Torta de limão (fatia),Doces,31,11.0,3.5,0
2025-06-20,Baguete,Pães,71,8.0,2.6,0
2025-06-20,Bolo de cenoura (fatia),Doces,58,7.0,2.0,0
2025-06-20,Brigadeiro,Doces,80,3.0,0.9,0
2025-06-20,Coxinha,Salgados,203,7.5,2.3,0
2025-06-20,Croissant,Pães,62,7.0,2.4,0
2025-06-20,Empada de frango,Salgados,65,7.0,2.2,0
2025-06-20,Esfiha de carne,Salgados,99,6.5,2.0,0
2025-06-20,Misto quente,Lanches,132,9.0,3.0,0
2025-06-20,Pudim (fatia),Doces,55,10.0,3.2,0
2025-06-20,Pão de batata,Salgados,71,6.0,1.8,0
2025-06-20,Pão de forma caseiro,Pães,25,12.0,4.5,0
2025-06-20,Pão de queijo,Pães,341,3.5,1.1,0
2025-06-20,Pão francês,Pães,1253,0.9,0.3,0
2025-06-20,Pão na chapa,Lanches,144,6.0,1.5,0
2025-06-20,Sanduíche natural,Lanches,41,14.0,5.5,0
2025-06-20,Sonho,Doces,46,6.0,1.9,0
2025-06-20,Suco de laranja natural,Bebidas,52,9.0,3.0,0
2025-06-20,Torta de limão (fatia),Doces,28,11.0,3.5,0
2025-06-21,Baguete,Pães,58,8.0,2.6,0
2025-06-21,Bolo de cenoura (fatia),Doces,107,7.0,2.0,0
2025-06-21,Brigadeiro,Doces,117,3.0,0.9,0
2025-06-21,Coxinha,Salgados,163,7.5,2.3,0
2025-06-21,Croissant,Pães,85,7.0,2.4,0
2025-06-21,Empada de frango,Salgados,42,7.0,2.2,0
2025-06-21,Esfiha de carne,Salgados,134,6.5,2.0,0
2025-06-21,Misto quente,Lanches,107,9.0,3.0,0
2025-06-21,Pudim (fatia),Doces,24,10.0,3.2,0
2025-06-21,Pão de batata,Salgados,62,6.0,1.8,0
2025-06-21,Pão de forma caseiro,Pães,53,12.0,4.5,0
2025-06-21,Pão de queijo,Pães,267,3.5,1.1,0
2025-06-21,Pão francês,Pães,1103,0.9,0.3,0
2025-06-21,Pão na chapa,Lanches,171,6.0,1.5,0
2025-06-21,Sanduíche natural,Lanches,30,14.0,5.5,0
2025-06-21,Sonho,Doces,82,6.0,1.9,0
2025-06-21,Suco de laranja natural,Bebidas,54,9.0,3.0,0
2025-06-21,Torta de limão (fatia),Doces,35,11.0,3.5,0
2025-06-22,Baguete,Pães,64,8.0,2.6,0
2025-06-22,Bolo de cenoura (fatia),Doces,103,7.0,2.0,0
2025-06-22,Brigadeiro,Doces,105,3.0,0.9,0
2025-06-22,Coxinha,Salgados,64,7.5,2.3,0
2025-06-22,Croissant,Pães,64,7.0,2.4,0
2025-06-22,Empada de frango,Salgados,32,7.0,2.2,0
2025-06-22,Esfiha de carne,Salgados,73,6.5,2.0,0
2025-06-22,Misto quente,Lanches,38,9.0,3.0,0
2025-06-22,Pudim (fatia),Doces,54,10.0,3.2,0
2025-06-22,Pão de batata,Salgados,59,6.0,1.8,0
2025-06-22,Pão de forma caseiro,Pães,27,12.0,4.5,0
2025-06-22,Pão de queijo,Pães,301,3.5,1.1,0
2025-06-22,Pão francês,Pães,1417,0.9,0.3,0
2025-06-22,Pão na chapa,Lanches,158,6.0,1.5,0
2025-06-22,Sanduíche natural,Lanches,37,14.0,5.5,0
2025-06-22,Sonho,Doces,70,6.0,1.9,0
2025-06-22,Suco de laranja natural,Bebidas,29,9.0,3.0,0
2025-06-22,Torta de limão (fatia),Doces,25,11.0,3.5,0
2025-06-23,Baguete,Pães,36,8.0,2.6,0
2025-06-23,Bolo de cenoura (fatia),Doces,41,7.0,2.0,0
2025-06-23,Brigadeiro,Doces,106,3.0,0.9,0
2025-06-23,Coxinha,Salgados,113,7.5,2.3,0
2025-06-23,Croissant,Pães,54,7.0,2.4,0
2025-06-23,Empada de frango,Salgados,76,5.95,2.2,1
2025-06-23,Esfiha de carne,Salgados,87,6.5,2.0,0
2025-06-23,Misto quente,Lanches,83,9.0,3.0,0
2025-06-23,Pudim (fatia),Doces,20,10.0,3.2,0
2025-06-23,Pão de batata,Salgados,51,6.0,1.8,0
2025-06-23,Pão de forma caseiro,Pães,13,12.0,4.5,0
2025-06-23,Pão de queijo,Pães,117,3.5,1.1,0
2025-06-23,Pão francês,Pães,967,0.9,0.3,0
2025-06-23,Pão na chapa,Lanches,131,6.0,1.5,0
2025-06-23,Sanduíche natural,Lanches,52,14.0,5.5,0
2025-06-23,Sonho,Doces,101,6.0,1.9,0
2025-06-23,Suco de laranja natural,Bebidas,30,9.0,3.0,0
2025-06-23,Torta de limão (fatia),Doces,27,11.0,3.5,0
2025-06-24,Baguete,Pães,20,8.0,2.6,0
2025-06-24,Bolo de cenoura (fatia),Doces,43,7.0,2.0,0
2025-06-24,Brigadeiro,Doces,83,3.0,0.9,0
2025-06-24,Coxinha,Salgados,206,7.5,2.3,0
2025-06-24,Croissant,Pães,50,7.0,2.4,0
2025-06-24,Empada de frango,Salgados,66,7.0,2.2,0
2025-06-24,Esfiha de carne,Salgados,44,6.5,2.0,0
2025-06-24,Misto quente,Lanches,93,9.0,3.0,0
2025-06-24,Pudim (fatia),Doces,18,10.0,3.2,0
2025-06-24,Pão de batata,Salgados,58,6.0,1.8,0
2025-06-24,Pão de forma caseiro,Pães,29,12.0,4.5,0
2025-06-24,Pão de queijo,Pães,113,3.5,1.1,0
2025-06-24,Pão francês,Pães,959,0.9,0.3,0
2025-06-24,Pão na chapa,Lanches,93,6.0,1.5,0
2025-06-24,Sanduíche natural,Lanches,35,14.0,5.5,0
2025-06-24,Sonho,Doces,86,6.0,1.9,0
2025-06-24,Suco de laranja natural,Bebidas,41,9.0,3.0,0
2025-06-24,Torta de limão (fatia),Doces,16,11.0,3.5,0
2025-06-25,Baguete,Pães,25,8.0,2.6,0
2025-06-25,Bolo de cenoura (fatia),Doces,72,7.0,2.0,0
2025-06-25,Brigadeiro,Doces,87,3.0,0.9,0
2025-06-25,Coxinha,Salgados,179,7.5,2.3,0
2025-06-25,Croissant,Pães,56,5.95,2.4,1
2025-06-25,Empada de frango,Salgados,38,7.0,2.2,0
2025-06-25,Esfiha de carne,Salgados,108,5.52,2.0,1
2025-06-25,Misto quente,Lanches,82,9.0,3.0,0
2025-06-25,Pudim (fatia),Doces,17,10.0,3.2,0
2025-06-25,Pão de batata,Salgados,84,6.0,1.8,0
2025-06-25,Pão de forma caseiro,Pães,10,12.0,4.5,0
2025-06-25,Pão de queijo,Pães,164,3.5,1.1,0
2025-06-25,Pão francês,Pães,916,0.9,0.3,0
2025-06-25,Pão na chapa,Lanches,92,6.0,1.5,0
2025-06-25,Sanduíche natural,Lanches,42,14.0,5.5,0
2025-06-25,Sonho,Doces,45,6.0,1.9,0
2025-06-25,Suco de laranja natural,Bebidas,61,9.0,3.0,0
2025-06-25,Torta de limão (fatia),Doces,16,11.0,3.5,0
2025-06-26,Baguete,Pães,65,8.0,2.6,0
2025-06-26,Bolo de cenoura (fatia),Doces,80,5.95,2.0,1
2025-06-26,Brigadeiro,Doces,124,3.0,0.9,0
2025-06-26,Coxinha,Salgados,177,7.5,2.3,0
2025-06-26,Croissant,Pães,79,7.0,2.4,0
2025-06-26,Empada de frango,Salgados,125,7.0,2.2,0
2025-06-26,Esfiha de carne,Salgados,115,6.5,2.0,0
2025-06-26,Misto quente,Lanches,134,9.0,3.0,0
2025-06-26,Pudim (fatia),Doces,34,10.0,3.2,0
2025-06-26,Pão de batata,Salgados,120,6.0,1.8,0
2025-06-26,Pão de forma caseiro,Pães,60,10.2,4.5,1
2025-06-26,Pão de queijo,Pães,156,3.5,1.1,0
2025-06-26,Pão francês,Pães,839,0.9,0.3,0
2025-06-26,Pão na chapa,Lanches,94,6.0,1.5,0
2025-06-26,Sanduíche natural,Lanches,36,14.0,5.5,0
2025-06-26,Sonho,Doces,64,6.0,1.9,0
2025-06-26,Suco de laranja natural,Bebidas,114,9.0,3.0,0
2025-06-26,Torta de limão (fatia),Doces,40,11.0,3.5,0
2025-06-27,Baguete,Pães,34,8.0,2.6,0
2025-06-27,Bolo de cenoura (fatia),Doces,70,7.0,2.0,0
2025-06-27,Brigadeiro,Doces,87,3.0,0.9,0
2025-06-27,Coxinha,Salgados,162,7.5,2.3,0
2025-06-27,Croissant,Pães,71,7.0,2.4,0
2025-06-27,Empada de frango,Salgados,88,7.0,2.2,0
2025-06-27,Esfiha de carne,Salgados,143,6.5,2.0,0
2025-06-27,Misto quente,Lanches,111,9.0,3.0,0
2025-06-27,Pudim (fatia),Doces,16,10.0,3.2,0
2025-06-27,Pão de batata,Salgados,61,6.0,1.8,0
2025-06-27,Pão de forma caseiro,Pães,26,12.0,4.5,0
2025-06-27,Pão de queijo,Pães,169,3.5,1.1,0
2025-06-27,Pão francês,Pães,854,0.9,0.3,0
2025-06-27,Pão na chapa,Lanches,127,6.0,1.5,0
2025-06-27,Sanduíche natural,Lanches,31,14.0,5.5,0
2025-06-27,Sonho,Doces,84,5.1,1.9,1
2025-06-27,Suco de laranja natural,Bebidas,57,9.0,3.0,0
2025-06-27,Torta de limão (fatia),Doces,60,11.0,3.5,0
2025-06-28,Baguete,Pães,60,8.0,2.6,0
2025-06-28,Bolo de cenoura (fatia),Doces,78,7.0,2.0,0
2025-06-28,Brigadeiro,Doces,75,3.0,0.9,0
2025-06-28,Coxinha,Salgados,96,7.5,2.3,0
2025-06-28,Croissant,Pães,91,7.0,2.4,0
2025-06-28,Empada de frango,Salgados,52,7.0,2.2,0
2025-06-28,Esfiha de carne,Salgados,73,6.5,2.0,0
2025-06-28,Misto quente,Lanches,80,9.0,3.0,0
2025-06-28,Pudim (fatia),Doces,57,10.0,3.2,0
2025-06-28,Pão de batata,Salgados,41,6.0,1.8,0
2025-06-28,Pão de forma caseiro,Pães,33,12.0,4.5,0
2025-06-28,Pão de queijo,Pães,204,3.5,1.1,0
2025-06-28,Pão francês,Pães,1514,0.9,0.3,0
2025-06-28,Pão na chapa,Lanches,141,6.0,1.5,0
2025-06-28,Sanduíche natural,Lanches,28,14.0,5.5,0
2025-06-28,Sonho,Doces,60,6.0,1.9,0
2025-06-28,Suco de laranja natural,Bebidas,120,9.0,3.0,0
2025-06-28,Torta de limão (fatia),Doces,37,11.0,3.5,0
2025-06-29,Baguete,Pães,79,8.0,2.6,0
2025-06-29,Bolo de cenoura (fatia),Doces,67,7.0,2.0,0
2025-06-29,Brigadeiro,Doces,127,3.0,0.9,0
2025-06-29,Coxinha,Salgados,184,6.38,2.3,1
2025-06-29,Croissant,Pães,121,7.0,2.4,0
2025-06-29,Empada de frango,Salgados,38,7.0,2.2,0
2025-06-29,Esfiha de carne,Salgados,69,6.5,2.0,0
2025-06-29,Misto quente,Lanches,58,9.0,3.0,0
2025-06-29,Pudim (fatia),Doces,49,10.0,3.2,0
2025-06-29,Pão de batata,Salgados,81,6.0,1.8,0
2025-06-29,Pão de forma caseiro,Pães,47,12.0,4.5,0
2025-06-29,Pão de queijo,Pães,280,3.5,1.1,0
2025-06-29,Pão francês,Pães,1155,0.9,0.3,0
2025-06-29,Pão na chapa,Lanches,197,6.0,1.5,0
2025-06-29,Sanduíche natural,Lanches,29,14.0,5.5,0
2025-06-29,Sonho,Doces,65,6.0,1.9,0
2025-06-29,Suco de laranja natural,Bebidas,109,9.0,3.0,0
2025-06-29,Torta de limão (fatia),Doces,68,11.0,3.5,0
2025-06-30,Baguete,Pães,18,8.0,2.6,0
2025-06-30,Bolo de cenoura (fatia),Doces,33,7.0,2.0,0
2025-06-30,Brigadeiro,Doces,68,3.0,0.9,0
2025-06-30,Coxinha,Salgados,140,7.5,2.3,0
2025-06-30,Croissant,Pães,62,7.0,2.4,0
2025-06-30,Empada de frango,Salgados,89,7.0,2.2,0
2025-06-30,Esfiha de carne,Salgados,110,6.5,2.0,0
2025-06-30,Misto quente,Lanches,116,9.0,3.0,0
2025-06-30,Pudim (fatia),Doces,19,10.0,3.2,0
2025-06-30,Pão de batata,Salgados,88,6.0,1.8,0
2025-06-30,Pão de forma caseiro,Pães,11,12.0,4.5,0
2025-06-30,Pão de queijo,Pães,174,3.5,1.1,0
2025-06-30,Pão francês,Pães,1157,0.9,0.3,0
2025-06-30,Pão na chapa,Lanches,118,6.0,1.5,0
2025-06-30,Sanduíche natural,Lanches,56,14.0,5.5,0
2025-06-30,Sonho,Doces,51,6.0,1.9,0
2025-06-30,Suco de laranja natural,Bebidas,48,9.0,3.0,0
2025-06-30,Torta de limão (fatia),Doces,25,11.0,3.5,0
2025-07-01,Baguete,Pães,22,8.0,2.6,0
2025-07-01,Bolo de cenoura (fatia),Doces,50,7.0,2.0,0
2025-07-01,Brigadeiro,Doces,72,2.55,0.9,1
2025-07-01,Coxinha,Salgados,185,7.5,2.3,0
2025-07-01,Croissant,Pães,83,7.0,2.4,0
2025-07-01,Empada de frango,Salgados,70,7.0,2.2,0
2025-07-01,Esfiha de carne,Salgados,78,6.5,2.0,0
2025-07-01,Misto quente,Lanches,73,9.0,3.0,0
2025-07-01,Pudim (fatia),Doces,20,10.0,3.2,0
2025-07-01,Pão de batata,Salgados,142,5.1,1.8,1
2025-07-01,Pão de forma caseiro,Pães,35,12.0,4.5,0
2025-07-01,Pão de queijo,Pães,218,3.5,1.1,0
2025-07-01,Pão francês,Pães,696,0.9,0.3,0
2025-07-01,Pão na chapa,Lanches,131,6.0,1.5,0
2025-07-01,Sanduíche natural,Lanches,37,14.0,5.5,0
2025-07-01,Sonho,Doces,48,6.0,1.9,0
2025-07-01,Suco de laranja natural,Bebidas,82,9.0,3.0,0
2025-07-01,Torta de limão (fatia),Doces,27,11.0,3.5,0
2025-07-02,Baguete,Pães,37,8.0,2.6,0
2025-07-02,Bolo de cenoura (fatia),Doces,36,7.0,2.0,0
2025-07-02,Brigadeiro,Doces,87,3.0,0.9,0
2025-07-02,Coxinha,Salgados,170,7.5,2.3,0
2025-07-02,Croissant,Pães,48,7.0,2.4,0
2025-07-02,Empada de frango,Salgados,66,7.0,2.2,0
2025-07-02,Esfiha de carne,Salgados,104,6.5,2.0,0
2025-07-02,Misto quente,Lanches,109,9.0,3.0,0
2025-07-02,Pudim (fatia),Doces,25,8.5,3.2,1
2025-07-02,Pão de batata,Salgados,114,6.0,1.8,0
2025-07-02,Pão de forma caseiro,Pães,22,12.0,4.5,0
2025-07-02,Pão de queijo,Pães,99,3.5,1.1,0
2025-07-02,Pão francês,Pães,768,0.9,0.3,0
2025-07-02,Pão na chapa,Lanches,134,6.0,1.5,0
2025-07-02,Sanduíche natural,Lanches,60,14.0,5.5,0
2025-07-02,Sonho,Doces,43,6.0,1.9,0
2025-07-02,Suco de laranja natural,Bebidas,62,9.0,3.0,0
2025-07-02,Torta de limão (fatia),Doces,21,11.0,3.5,0
2025-07-03,Baguete,Pães,54,6.8,2.6,1
2025-07-03,Bolo de cenoura (fatia),Doces,58,7.0,2.0,0
2025-07-03,Brigadeiro,Doces,37,3.0,0.9,0
2025-07-03,Coxinha,Salgados,170,7.5,2.3,0
2025-07-03,Croissant,Pães,48,7.0,2.4,0
2025-07-03,Empada de frango,Salgados,93,7.0,2.2,0
2025-07-03,Esfiha de carne,Salgados,135,6.5,2.0,0
2025-07-03,Misto quente,Lanches,54,9.0,3.0,0
2025-07-03,Pudim (fatia),Doces,33,10.0,3.2,0
2025-07-03,Pão de batata,Salgados,131,6.0,1.8,0
2025-07-03,Pão de forma caseiro,Pães,20,12.0,4.5,0
2025-07-03,Pão de queijo,Pães,112,3.5,1.1,0
2025-07-03,Pão francês,Pães,1212,0.9,0.3,0
2025-07-03,Pão na chapa,Lanches,91,6.0,1.5,0
2025-07-03,Sanduíche natural,Lanches,34,14.0,5.5,0
2025-07-03,Sonho,Doces,59,6.0,1.9,0
2025-07-03,Suco de laranja natural,Bebidas,59,9.0,3.0,0
2025-07-03,Torta de limão (fatia),Doces,30,11.0,3.5,0
2025-07-04,Baguete,Pães,46,8.0,2.6,0
2025-07-04,Bolo de cenoura (fatia),Doces,67,7.0,2.0,0
2025-07-04,Brigadeiro,Doces,110,3.0,0.9,0
2025-07-04,Coxinha,Salgados,242,6.38,2.3,1
2025-07-04,Croissant,Pães,58,7.0,2.4,0
2025-07-04,Empada de frango,Salgados,39,7.0,2.2,0
2025-07-04,Esfiha de carne,Salgados,168,5.52,2.0,1
2025-07-04,Misto quente,Lanches,63,9.0,3.0,0
2025-07-04,Pudim (fatia),Doces,39,10.0,3.2,0
2025-07-04,Pão de batata,Salgados,93,6.0,1.8,0
2025-07-04,Pão de forma caseiro,Pães,31,12.0,4.5,0
2025-07-04,Pão de queijo,Pães,160,3.5,1.1,0
2025-07-04,Pão francês,Pães,829,0.9,0.3,0
2025-07-04,Pão na chapa,Lanches,142,6.0,1.5,0
2025-07-04,Sanduíche natural,Lanches,102,11.9,5.5,1
2025-07-04,Sonho,Doces,82,6.0,1.9,0
2025-07-04,Suco de laranja natural,Bebidas,44,9.0,3.0,0
2025-07-04,Torta de limão (fatia),Doces,31,11.0,3.5,0
2025-07-05,Baguete,Pães,53,8.0,2.6,0
2025-07-05,Bolo de cenoura (fatia),Doces,105,7.0,2.0,0
2025-07-05,Brigadeiro,Doces,130,3.0,0.9,0
2025-07-05,Coxinha,Salgados,97,7.5,2.3,0
2025-07-05,Croissant,Pães,57,7.0,2.4,0
2025-07-05,Empada de frango,Salgados,35,7.0,2.2,0
2025-07-05,Esfiha de carne,Salgados,179,5.52,2.0,1
2025-07-05,Misto quente,Lanches,116,9.0,3.0,0
2025-07-05,Pudim (fatia),Doces,33,10.0,3.2,0
2025-07-05,Pão de batata,Salgados,50,6.0,1.8,0
2025-07-05,Pão de forma caseiro,Pães,32,12.0,4.5,0
2025-07-05,Pão de queijo,Pães,277,3.5,1.1,0
2025-07-05,Pão francês,Pães,1319,0.9,0.3,0
2025-07-05,Pão na chapa,Lanches,166,6.0,1.5,0
2025-07-05,Sanduíche natural,Lanches,37,14.0,5.5,0
2025-07-05,Sonho,Doces,119,6.0,1.9,0
2025-07-05,Suco de laranja natural,Bebidas,122,9.0,3.0,0
2025-07-05,Torta de limão (fatia),Doces,67,11.0,3.5,0
2025-07-06,Baguete,Pães,66,8.0,2.6,0
2025-07-06,Bolo de cenoura (fatia),Doces,65,7.0,2.0,0
2025-07-06,Brigadeiro,Doces,142,3.0,0.9,0
2025-07-06,Coxinha,Salgados,75,6.38,2.3,1
2025-07-06,Croissant,Pães,119,7.0,2.4,0
2025-07-06,Empada de frango,Salgados,55,7.0,2.2,0
2025-07-06,Esfiha de carne,Salgados,64,6.5,2.0,0
2025-07-06,Misto quente,Lanches,68,9.0,3.0,0
2025-07-06,Pudim (fatia),Doces,46,10.0,3.2,0
2025-07-06,Pão de batata,Salgados,53,6.0,1.8,0
2025-07-06,Pão de forma caseiro,Pães,31,12.0,4.5,0
2025-07-06,Pão de queijo,Pães,341,3.5,1.1,0
2025-07-06,Pão francês,Pães,2089,0.9,0.3,0
2025-07-06,Pão na chapa,Lanches,273,6.0,1.5,0
2025-07-06,Sanduíche natural,Lanches,43,14.0,5.5,0
2025-07-06,Sonho,Doces,71,6.0,1.9,0
2025-07-06,Suco de laranja natural,Bebidas,109,9.0,3.0,0
2025-07-06,Torta de limão (fatia),Doces,64,11.0,3.5,0
2025-07-07,Baguete,Pães,23,8.0,2.6,0
2025-07-07,Bolo de cenoura (fatia),Doces,60,7.0,2.0,0
2025-07-07,Brigadeiro,Doces,51,3.0,0.9,0
2025-07-07,Coxinha,Salgados,153,7.5,2.3,0
2025-07-07,Croissant,Pães,45,7.0,2.4,0
2025-07-07,Empada de frango,Salgados,38,7.0,2.2,0
2025-07-07,Esfiha de carne,Salgados,107,6.5,2.0,0
2025-07-07,Misto quente,Lanches,82,7.65,3.0,1
2025-07-07,Pudim (fatia),Doces,17,10.0,3.2,0
2025-07-07,Pão de batata,Salgados,49,6.0,1.8,0
2025-07-07,Pão de forma caseiro,Pães,14,12.0,4.5,0
2025-07-07,Pão de queijo,Pães,210,3.5,1.1,0
2025-07-07,Pão francês,Pães,699,0.9,0.3,0
2025-07-07,Pão na chapa,Lanches,171,6.0,1.5,0
2025-07-07,Sanduíche natural,Lanches,47,14.0,5.5,0
2025-07-07,Sonho,Doces,81,6.0,1.9,0
2025-07-07,Suco de laranja natural,Bebidas,40,9.0,3.0,0
2025-07-07,Torta de limão (fatia),Doces,35,11.0,3.5,0
2025-07-08,Baguete,Pães,16,8.0,2.6,0
2025-07-08,Bolo de cenoura (fatia),Doces,50,7.0,2.0,0
2025-07-08,Brigadeiro,Doces,43,3.0,0.9,0
2025-07-08,Coxinha,Salgados,156,7.5,2.3,0
2025-07-08,Croissant,Pães,53,7.0,2.4,0
2025-07-08,Empada de frango,Salgados,47,7.0,2.2,0
2025-07-08,Esfiha de carne,Salgados,65,6.5,2.0,0
2025-07-08,Misto quente,Lanches,64,9.0,3.0,0
2025-07-08,Pudim (fatia),Doces,10,10.0,3.2,0
2025-07-08,Pão de batata,Salgados,68,6.0,1.8,0
2025-07-08,Pão de forma caseiro,Pães,19,12.0,4.5,0
2025-07-08,Pão de queijo,Pães,155,3.5,1.1,0
2025-07-08,Pão francês,Pães,866,0.9,0.3,0
2025-07-08,Pão na chapa,Lanches,122,6.0,1.5,0
2025-07-08,Sanduíche natural,Lanches,52,14.0,5.5,0
2025-07-08,Sonho,Doces,79,6.0,1.9,0
2025-07-08,Suco de laranja natural,Bebidas,33,9.0,3.0,0
2025-07-08,Torta de limão (fatia),Doces,21,11.0,3.5,0
2025-07-09,Baguete,Pães,106,8.0,2.6,0
2025-07-09,Bolo de cenoura (fatia),Doces,131,7.0,2.0,0
2025-07-09,Brigadeiro,Doces,127,3.0,0.9,0
2025-07-09,Coxinha,Salgados,86,7.5,2.3,0
2025-07-09,Croissant,Pães,88,7.0,2.4,0
2025-07-09,Empada de frango,Salgados,36,7.0,2.2,0
2025-07-09,Esfiha de carne,Salgados,56,6.5,2.0,0
2025-07-09,Misto quente,Lanches,63,9.0,3.0,0
2025-07-09,Pudim (fatia),Doces,36,10.0,3.2,0
2025-07-09,Pão de batata,Salgados,49,6.0,1.8,0
2025-07-09,Pão de forma caseiro,Pães,47,12.0,4.5,0
2025-07-09,Pão de queijo,Pães,205,3.5,1.1,0
2025-07-09,Pão francês,Pães,906,0.9,0.3,0
2025-07-09,Pão na chapa,Lanches,319,5.1,1.5,1
2025-07-09,Sanduíche natural,Lanches,26,14.0,5.5,0
2025-07-09,Sonho,Doces,130,6.0,1.9,0
2025-07-09,Suco de laranja natural,Bebidas,113,9.0,3.0,0
2025-07-09,Torta de limão (fatia),Doces,52,11.0,3.5,0
2025-07-10,Baguete,Pães,58,8.0,2.6,0
2025-07-10,Bolo de cenoura (fatia),Doces,81,7.0,2.0,0
2025-07-10,Brigadeiro,Doces,42,3.0,0.9,0
2025-07-10,Coxinha,Salgados,113,7.5,2.3,0
2025-07-10,Croissant,Pães,37,7.0,2.4,0
2025-07-10,Empada de frango,Salgados,66,7.0,2.2,0
2025-07-10,Esfiha de carne,Salgados,72,6.5,2.0,0
2025-07-10,Misto quente,Lanches,88,9.0,3.0,0
2025-07-10,Pudim (fatia),Doces,35,10.0,3.2,0
2025-07-10,Pão de batata,Salgados,63,6.0,1.8,0
2025-07-10,Pão de forma caseiro,Pães,36,12.0,4.5,0
2025-07-10,Pão de queijo,Pães,208,3.5,1.1,0
2025-07-10,Pão francês,Pães,1144,0.9,0.3,0
2025-07-10,Pão na chapa,Lanches,94,6.0,1.5,0
2025-07-10,Sanduíche natural,Lanches,43,14.0,5.5,0
2025-07-10,Sonho,Doces,61,6.0,1.9,0
2025-07-10,Suco de laranja natural,Bebidas,58,9.0,3.0,0
2025-07-10,Torta de limão (fatia),Doces,37,11.0,3.5,0
2025-07-11,Baguete,Pães,22,8.0,2.6,0
2025-07-11,Bolo de cenoura (fatia),Doces,70,7.0,2.0,0
2025-07-11,Brigadeiro,Doces,99,3.0,0.9,0
2025-07-11,Coxinha,Salgados,127,7.5,2.3,0
2025-07-11,Croissant,Pães,58,7.0,2.4,0
2025-07-11,Empada de frango,Salgados,83,7.0,2.2,0
2025-07-11,Esfiha de carne,Salgados,139,6.5,2.0,0
2025-07-11,Misto quente,Lanches,83,9.0,3.0,0
2025-07-11,Pudim (fatia),Doces,29,10.0,3.2,0
2025-07-11,Pão de batata,Salgados,57,6.0,1.8,0
2025-07-11,Pão de forma caseiro,Pães,25,12.0,4.5,0
2025-07-11,Pão de queijo,Pães,289,3.5,1.1,0
2025-07-11,Pão francês,Pães,1280,0.9,0.3,0
2025-07-11,Pão na chapa,Lanches,104,6.0,1.5,0
2025-07-11,Sanduíche natural,Lanches,68,14.0,5.5,0
2025-07-11,Sonho,Doces,52,6.0,1.9,0
2025-07-11,Suco de laranja natural,Bebidas,87,7.65,3.0,1
2025-07-11,Torta de limão (fatia),Doces,39,11.0,3.5,0
2025-07-12,Baguete,Pães,45,8.0,2.6,0
2025-07-12,Bolo de cenoura (fatia),Doces,55,7.0,2.0,0
2025-07-12,Brigadeiro,Doces,109,3.0,0.9,0
2025-07-12,Coxinha,Salgados,131,7.5,2.3,0
2025-07-12,Croissant,Pães,102,7.0,2.4,0
2025-07-12,Empada de frango,Salgados,63,7.0,2.2,0
2025-07-12,Esfiha de carne,Salgados,79,6.5,2.0,0
2025-07-12,Misto quente,Lanches,57,9.0,3.0,0
2025-07-12,Pudim (fatia),Doces,21,10.0,3.2,0
2025-07-12,Pão de batata,Salgados,51,6.0,1.8,0
2025-07-12,Pão de forma caseiro,Pães,46,12.0,4.5,0
2025-07-12,Pão de queijo,Pães,234,3.5,1.1,0
2025-07-12,Pão francês,Pães,1565,0.9,0.3,0
2025-07-12,Pão na chapa,Lanches,162,6.0,1.5,0
2025-07-12,Sanduíche natural,Lanches,54,14.0,5.5,0
2025-07-12,Sonho,Doces,43,6.0,1.9,0
2025-07-12,Suco de laranja natural,Bebidas,39,9.0,3.0,0
2025-07-12,Torta de limão (fatia),Doces,49,11.0,3.5,0
2025-07-13,Baguete,Pães,52,8.0,2.6,0
2025-07-13,Bolo de cenoura (fatia),Doces,39,7.0,2.0,0
2025-07-13,Brigadeiro,Doces,100,3.0,0.9,0
2025-07-13,Coxinha,Salgados,91,7.5,2.3,0
2025-07-13,Croissant,Pães,81,7.0,2.4,0
2025-07-13,Empada de frango,Salgados,29,7.0,2.2,0
2025-07-13,Esfiha de carne,Salgados,44,6.5,2.0,0
2025-07-13,Misto quente,Lanches,83,9.0,3.0,0
2025-07-13,Pudim (fatia),Doces,27,10.0,3.2,0
2025-07-13,Pão de batata,Salgados,27,6.0,1.8,0
2025-07-13,Pão de forma caseiro,Pães,43,12.0,4.5,0
2025-07-13,Pão de queijo,Pães,241,3.5,1.1,0
2025-07-13,Pão francês,Pães,1618,0.9,0.3,0
2025-07-13,Pão na chapa,Lanches,146,6.0,1.5,0
2025-07-13,Sanduíche natural,Lanches,24,14.0,5.5,0
2025-07-13,Sonho,Doces,124,6.0,1.9,0
2025-07-13,Suco de laranja natural,Bebidas,68,9.0,3.0,0
2025-07-13,Torta de limão (fatia),Doces,73,11.0,3.5,0
2025-07-14,Baguete,Pães,20,8.0,2.6,0
2025-07-14,Bolo de cenoura (fatia),Doces,43,7.0,2.0,0
2025-07-14,Brigadeiro,Doces,50,3.0,0.9,0
2025-07-14,Coxinha,Salgados,119,7.5,2.3,0
2025-07-14,Croissant,Pães,49,7.0,2.4,0
2025-07-14,Empada de frango,Salgados,57,7.0,2.2,0
2025-07-14,Esfiha de carne,Salgados,104,6.5,2.0,0
2025-07-14,Misto quente,Lanches,92,9.0,3.0,0
2025-07-14,Pudim (fatia),Doces,16,10.0,3.2,0
2025-07-14,Pão de batata,Salgados,74,6.0,1.8,0
2025-07-14,Pão de forma caseiro,Pães,24,10.2,4.5,1
2025-07-14,Pão de queijo,Pães,180,3.5,1.1,0
2025-07-14,Pão francês,Pães,766,0.9,0.3,0
2025-07-14,Pão na chapa,Lanches,132,6.0,1.5,0
2025-07-14,Sanduíche natural,Lanches,69,14.0,5.5,0
2025-07-14,Sonho,Doces,26,6.0,1.9,0
2025-07-14,Suco de laranja natural,Bebidas,93,9.0,3.0,0
2025-07-14,Torta de limão (fatia),Doces,37,11.0,3.5,0
2025-07-15,Baguete,Pães,26,8.0,2.6,0
2025-07-15,Bolo de cenoura (fatia),Doces,31,7.0,2.0,0
2025-07-15,Brigadeiro,Doces,91,3.0,0.9,0
2025-07-15,Coxinha,Salgados,136,7.5,2.3,0
2025-07-15,Croissant,Pães,80,7.0,2.4,0
2025-07-15,Empada de frango,Salgados,80,7.0,2.2,0
2025-07-15,Esfiha de carne,Salgados,77,6.5,2.0,0
2025-07-15,Misto quente,Lanches,41,9.0,3.0,0
2025-07-15,Pudim (fatia),Doces,38,10.0,3.2,0
2025-07-15,Pão de batata,Salgados,67,6.0,1.8,0
2025-07-15,Pão de forma caseiro,Pães,19,12.0,4.5,0
2025-07-15,Pão de queijo,Pães,243,3.5,1.1,0
2025-07-15,Pão francês,Pães,1361,0.76,0.3,1
2025-07-15,Pão na chapa,Lanches,122,5.1,1.5,1
2025-07-15,Sanduíche natural,Lanches,74,14.0,5.5,0
2025-07-15,Sonho,Doces,36,6.0,1.9,0
2025-07-15,Suco de laranja natural,Bebidas,74,9.0,3.0,0
2025-07-15,Torta de limão (fatia),Doces,36,9.35,3.5,1
2025-07-16,Baguete,Pães,35,8.0,2.6,0
2025-07-16,Bolo de cenoura (fatia),Doces,26,7.0,2.0,0
2025-07-16,Brigadeiro,Doces,73,2.55,0.9,1
2025-07-16,Coxinha,Salgados,236,7.5,2.3,0
2025-07-16,Croissant,Pães,57,7.0,2.4,0
2025-07-16,Empada de frango,Salgados,52,7.0,2.2,0
2025-07-16,Esfiha de carne,Salgados,55,6.5,2.0,0
2025-07-16,Misto quente,Lanches,74,9.0,3.0,0
2025-07-16,Pudim (fatia),Doces,16,10.0,3.2,0
2025-07-16,Pão de batata,Salgados,46,6.0,1.8,0
2025-07-16,Pão de forma caseiro,Pães,25,12.0,4.5,0
2025-07-16,Pão de queijo,Pães,119,3.5,1.1,0
2025-07-16,Pão francês,Pães,832,0.9,0.3,0
2025-07-16,Pão na chapa,Lanches,145,6.0,1.5,0
2025-07-16,Sanduíche natural,Lanches,58,14.0,5.5,0
2025-07-16,Sonho,Doces,131,6.0,1.9,0
2025-07-16,Suco de laranja natural,Bebidas,53,9.0,3.0,0
2025-07-16,Torta de limão (fatia),Doces,16,11.0,3.5,0
2025-07-17,Baguete,Pães,40,8.0,2.6,0
2025-07-17,Bolo de cenoura (fatia),Doces,65,7.0,2.0,0
2025-07-17,Brigadeiro,Doces,98,3.0,0.9,0
2025-07-17,Coxinha,Salgados,112,7.5,2.3,0
2025-07-17,Croissant,Pães,70,7.0,2.4,0
2025-07-17,Empada de frango,Salgados,48,7.0,2.2,0
2025-07-17,Esfiha de carne,Salgados,84,6.5,2.0,0
2025-07-17,Misto quente,Lanches,140,9.0,3.0,0
2025-07-17,Pudim (fatia),Doces,26,10.0,3.2,0
2025-07-17,Pão de batata,Salgados,77,6.0,1.8,0
2025-07-17,Pão de forma caseiro,Pães,26,12.0,4.5,0
2025-07-17,Pão de queijo,Pães,160,3.5,1.1,0
2025-07-17,Pão francês,Pães,1067,0.9,0.3,0
2025-07-17,Pão na chapa,Lanches,171,6.0,1.5,0
2025-07-17,Sanduíche natural,Lanches,40,14.0,5.5,0
2025-07-17,Sonho,Doces,84,6.0,1.9,0
2025-07-17,Suco de laranja natural,Bebidas,57,9.0,3.0,0
2025-07-17,Torta de limão (fatia),Doces,27,9.35,3.5,1
2025-07-18,Baguete,Pães,61,8.0,2.6,0
2025-07-18,Bolo de cenoura (fatia),Doces,54,7.0,2.0,0
2025-07-18,Brigadeiro,Doces,87,2.55,0.9,1
2025-07-18,Coxinha,Salgados,172,7.5,2.3,0
2025-07-18,Croissant,Pães,66,7.0,2.4,0
2025-07-18,Empada de frango,Salgados,73,7.0,2.2,0
2025-07-18,Esfiha de carne,Salgados,145,6.5,2.0,0
2025-07-18,Misto quente,Lanches,126,9.0,3.0,0
2025-07-18,Pudim (fatia),Doces,22,10.0,3.2,0
2025-07-18,Pão de batata,Salgados,104,6.0,1.8,0
2025-07-18,Pão de forma caseiro,Pães,27,12.0,4.5,0
2025-07-18,Pão de queijo,Pães,140,3.5,1.1,0
2025-07-18,Pão francês,Pães,998,0.9,0.3,0
2025-07-18,Pão na chapa,Lanches,172,6.0,1.5,0
2025-07-18,Sanduíche natural,Lanches,51,14.0,5.5,0
2025-07-18,Sonho,Doces,28,6.0,1.9,0
2025-07-18,Suco de laranja natural,Bebidas,39,9.0,3.0,0
2025-07-18,Torta de limão (fatia),Doces,23,11.0,3.5,0
2025-07-19,Baguete,Pães,53,8.0,2.6,0
2025-07-19,Bolo de cenoura (fatia),Doces,92,7.0,2.0,0
2025-07-19,Brigadeiro,Doces,81,3.0,0.9,0
2025-07-19,Coxinha,Salgados,136,7.5,2.3,0
2025-07-19,Croissant,Pães,55,7.0,2.4,0
2025-07-19,Empada de frango,Salgados,46,7.0,2.2,0
2025-07-19,Esfiha de carne,Salgados,67,6.5,2.0,0
2025-07-19,Misto quente,Lanches,113,7.65,3.0,1
2025-07-19,Pudim (fatia),Doces,24,10.0,3.2,0
2025-07-19,Pão de batata,Salgados,47,6.0,1.8,0
2025-07-19,Pão de forma caseiro,Pães,42,12.0,4.5,0
2025-07-19,Pão de queijo,Pães,216,3.5,1.1,0
2025-07-19,Pão francês,Pães,1234,0.9,0.3,0
2025-07-19,Pão na chapa,Lanches,244,6.0,1.5,0
2025-07-19,Sanduíche natural,Lanches,26,14.0,5.5,0
2025-07-19,Sonho,Doces,63,6.0,1.9,0
2025-07-19,Suco de laranja natural,Bebidas,39,9.0,3.0,0
2025-07-19,Torta de limão (fatia),Doces,72,11.0,3.5,0
2025-07-20,Baguete,Pães,37,8.0,2.6,0
2025-07-20,Bolo de cenoura (fatia),Doces,104,7.0,2.0,0
2025-07-20,Brigadeiro,Doces,95,3.0,0.9,0
2025-07-20,Coxinha,Salgados,124,7.5,2.3,0
2025-07-20,Croissant,Pães,63,7.0,2.4,0
2025-07-20,Empada de frango,Salgados,78,7.0,2.2,0
2025-07-20,Esfiha de carne,Salgados,61,6.5,2.0,0
2025-07-20,Misto quente,Lanches,104,9.0,3.0,0
2025-07-20,Pudim (fatia),Doces,43,10.0,3.2,0
2025-07-20,Pão de batata,Salgados,53,6.0,1.8,0
2025-07-20,Pão de forma caseiro,Pães,28,12.0,4.5,0
2025-07-20,Pão de queijo,Pães,219,3.5,1.1,0
2025-07-20,Pão francês,Pães,1243,0.9,0.3,0
2025-07-20,Pão na chapa,Lanches,230,5.1,1.5,1
2025-07-20,Sanduíche natural,Lanches,20,14.0,5.5,0
2025-07-20,Sonho,Doces,118,6.0,1.9,0
2025-07-20,Suco de laranja natural,Bebidas,64,9.0,3.0,0
2025-07-20,Torta de limão (fatia),Doces,64,11.0,3.5,0
2025-07-21,Baguete,Pães,41,8.0,2.6,0
2025-07-21,Bolo de cenoura (fatia),Doces,30,7.0,2.0,0
2025-07-21,Brigadeiro,Doces,48,3.0,0.9,0
2025-07-21,Coxinha,Salgados,241,7.5,2.3,0
2025-07-21,Croissant,Pães,74,7.0,2.4,0
2025-07-21,Empada de frango,Salgados,65,7.0,2.2,0
2025-07-21,Esfiha de carne,Salgados,26,6.5,2.0,0
2025-07-21,Misto quente,Lanches,76,9.0,3.0,0
2025-07-21,Pudim (fatia),Doces,24,10.0,3.2,0
2025-07-21,Pão de batata,Salgados,75,6.0,1.8,0
2025-07-21,Pão de forma caseiro,Pães,8,12.0,4.5,0
2025-07-21,Pão de queijo,Pães,214,3.5,1.1,0
2025-07-21,Pão francês,Pães,969,0.9,0.3,0
2025-07-21,Pão na chapa,Lanches,133,6.0,1.5,0
2025-07-21,Sanduíche natural,Lanches,59,14.0,5.5,0
2025-07-21,Sonho,Doces,22,6.0,1.9,0
2025-07-21,Suco de laranja natural,Bebidas,76,7.65,3.0,1
2025-07-21,Torta de limão (fatia),Doces,41,11.0,3.5,0
2025-07-22,Baguete,Pães,33,8.0,2.6,0
2025-07-22,Bolo de cenoura (fatia),Doces,46,7.0,2.0,0
2025-07-22,Brigadeiro,Doces,90,3.0,0.9,0
2025-07-22,Coxinha,Salgados,139,7.5,2.3,0
2025-07-22,Croissant,Pães,40,7.0,2.4,0
2025-07-22,Empada de frango,Salgados,61,7.0,2.2,0
2025-07-22,Esfiha de carne,Salgados,68,6.5,2.0,0
2025-07-22,Misto quente,Lanches,116,9.0,3.0,0
2025-07-22,Pudim (fatia),Doces,24,10.0,3.2,0
2025-07-22,Pão de batata,Salgados,69,6.0,1.8,0
2025-07-22,Pão de forma caseiro,Pães,21,12.0,4.5,0
2025-07-22,Pão de queijo,Pães,281,2.98,1.1,1
2025-07-22,Pão francês,Pães,1122,0.76,0.3,1
2025-07-22,Pão na chapa,Lanches,193,6.0,1.5,0
2025-07-22,Sanduíche natural,Lanches,56,14.0,5.5,0
2025-07-22,Sonho,Doces,64,6.0,1.9,0
2025-07-22,Suco de laranja natural,Bebidas,78,9.0,3.0,0
2025-07-22,Torta de limão (fatia),Doces,30,11.0,3.5,0
2025-07-23,Baguete,Pães,33,8.0,2.6,0
2025-07-23,Bolo de cenoura (fatia),Doces,43,7.0,2.0,0
2025-07-23,Brigadeiro,Doces,62,3.0,0.9,0
2025-07-23,Coxinha,Salgados,116,7.5,2.3,0
2025-07-23,Croissant,Pães,102,7.0,2.4,0
2025-07-23,Empada de frango,Salgados,40,7.0,2.2,0
2025-07-23,Esfiha de carne,Salgados,67,6.5,2.0,0
2025-07-23,Misto quente,Lanches,66,9.0,3.0,0
2025-07-23,Pudim (fatia),Doces,16,10.0,3.2,0
2025-07-23,Pão de batata,Salgados,69,6.0,1.8,0
2025-07-23,Pão de forma caseiro,Pães,38,12.0,4.5,0
2025-07-23,Pão de queijo,Pães,150,3.5,1.1,0
2025-07-23,Pão francês,Pães,942,0.9,0.3,0
2025-07-23,Pão na chapa,Lanches,140,6.0,1.5,0
2025-07-23,Sanduíche natural,Lanches,51,14.0,5.5,0
2025-07-23,Sonho,Doces,54,6.0,1.9,0
2025-07-23,Suco de laranja natural,Bebidas,26,9.0,3.0,0
2025-07-23,Torta de limão (fatia),Doces,19,11.0,3.5,0
2025-07-24,Baguete,Pães,39,8.0,2.6,0
2025-07-24,Bolo de cenoura (fatia),Doces,33,7.0,2.0,0
2025-07-24,Brigadeiro,Doces,114,3.0,0.9,0
2025-07-24,Coxinha,Salgados,210,7.5,2.3,0
2025-07-24,Croissant,Pães,82,7.0,2.4,0
2025-07-24,Empada de frango,Salgados,50,7.0,2.2,0
2025-07-24,Esfiha de carne,Salgados,73,6.5,2.0,0
2025-07-24,Misto quente,Lanches,184,7.65,3.0,1
2025-07-24,Pudim (fatia),Doces,11,10.0,3.2,0
2025-07-24,Pão de batata,Salgados,131,6.0,1.8,0
2025-07-24,Pão de forma caseiro,Pães,28,12.0,4.5,0
2025-07-24,Pão de queijo,Pães,222,3.5,1.1,0
2025-07-24,Pão francês,Pães,597,0.9,0.3,0
2025-07-24,Pão na chapa,Lanches,125,6.0,1.5,0
2025-07-24,Sanduíche natural,Lanches,51,14.0,5.5,0
2025-07-24,Sonho,Doces,53,6.0,1.9,0
2025-07-24,Suco de laranja natural,Bebidas,77,9.0,3.0,0
2025-07-24,Torta de limão (fatia),Doces,19,11.0,3.5,0
2025-07-25,Baguete,Pães,43,8.0,2.6,0
2025-07-25,Bolo de cenoura (fatia),Doces,76,7.0,2.0,0
2025-07-25,Brigadeiro,Doces,93,3.0,0.9,0
2025-07-25,Coxinha,Salgados,158,7.5,2.3,0
2025-07-25,Croissant,Pães,102,7.0,2.4,0
2025-07-25,Empada de frango,Salgados,64,7.0,2.2,0
2025-07-25,Esfiha de carne,Salgados,103,6.5,2.0,0
2025-07-25,Misto quente,Lanches,69,9.0,3.0,0
2025-07-25,Pudim (fatia),Doces,44,10.0,3.2,0
2025-07-25,Pão de batata,Salgados,69,6.0,1.8,0
2025-07-25,Pão de forma caseiro,Pães,35,12.0,4.5,0
2025-07-25,Pão de queijo,Pães,302,3.5,1.1,0
2025-07-25,Pão francês,Pães,1341,0.9,0.3,0
2025-07-25,Pão na chapa,Lanches,104,6.0,1.5,0
2025-07-25,Sanduíche natural,Lanches,49,14.0,5.5,0
2025-07-25,Sonho,Doces,71,6.0,1.9,0
2025-07-25,Suco de laranja natural,Bebidas,60,9.0,3.0,0
2025-07-25,Torta de limão (fatia),Doces,46,11.0,3.5,0
2025-07-26,Baguete,Pães,66,8.0,2.6,0
2025-07-26,Bolo de cenoura (fatia),Doces,79,7.0,2.0,0
2025-07-26,Brigadeiro,Doces,131,3.0,0.9,0
2025-07-26,Coxinha,Salgados,124,6.38,2.3,1
2025-07-26,Croissant,Pães,64,7.0,2.4,0
2025-07-26,Empada de frango,Salgados,47,7.0,2.2,0
2025-07-26,Esfiha de carne,Salgados,82,6.5,2.0,0
2025-07-26,Misto quente,Lanches,64,9.0,3.0,0
2025-07-26,Pudim (fatia),Doces,10,10.0,3.2,0
2025-07-26,Pão de batata,Salgados,84,6.0,1.8,0
2025-07-26,Pão de forma caseiro,Pães,15,12.0,4.5,0
2025-07-26,Pão de queijo,Pães,222,3.5,1.1,0
2025-07-26,Pão francês,Pães,1136,0.9,0.3,0
2025-07-26,Pão na chapa,Lanches,179,6.0,1.5,0
2025-07-26,Sanduíche natural,Lanches,33,14.0,5.5,0
2025-07-26,Sonho,Doces,49,6.0,1.9,0
2025-07-26,Suco de laranja natural,Bebidas,66,9.0,3.0,0
2025-07-26,Torta de limão (fatia),Doces,51,11.0,3.5,0
2025-07-27,Baguete,Pães,69,8.0,2.6,0
2025-07-27,Bolo de cenoura (fatia),Doces,64,7.0,2.0,0
2025-07-27,Brigadeiro,Doces,114,3.0,0.9,0
2025-07-27,Coxinha,Salgados,76,7.5,2.3,0
2025-07-27,Croissant,Pães,130,7.0,2.4,0
2025-07-27,Empada de frango,Salgados,35,7.0,2.2,0
2025-07-27,Esfiha de carne,Salgados,44,6.5,2.0,0
2025-07-27,Misto quente,Lanches,60,9.0,3.0,0
2025-07-27,Pudim (fatia),Doces,54,10.0,3.2,0
2025-07-27,Pão de batata,Salgados,30,6.0,1.8,0
2025-07-27,Pão de forma caseiro,Pães,72,12.0,4.5,0
2025-07-27,Pão de queijo,Pães,233,3.5,1.1,0
2025-07-27,Pão francês,Pães,706,0.9,0.3,0
2025-07-27,Pão na chapa,Lanches,196,6.0,1.5,0
2025-07-27,Sanduíche natural,Lanches,43,14.0,5.5,0
2025-07-27,Sonho,Doces,96,6.0,1.9,0
2025-07-27,Suco de laranja natural,Bebidas,53,9.0,3.0,0
2025-07-27,Torta de limão (fatia),Doces,29,11.0,3.5,0
2025-07-28,Baguete,Pães,41,8.0,2.6,0
2025-07-28,Bolo de cenoura (fatia),Doces,70,7.0,2.0,0
2025-07-28,Brigadeiro,Doces,105,3.0,0.9,0
2025-07-28,Coxinha,Salgados,162,7.5,2.3,0
2025-07-28,Croissant,Pães,89,7.0,2.4,0
2025-07-28,Empada de frango,Salgados,84,7.0,2.2,0
2025-07-28,Esfiha de carne,Salgados,84,6.5,2.0,0
2025-07-28,Misto quente,Lanches,128,9.0,3.0,0
2025-07-28,Pudim (fatia),Doces,25,10.0,3.2,0
2025-07-28,Pão de batata,Salgados,55,6.0,1.8,0
2025-07-28,Pão de forma caseiro,Pães,44,12.0,4.5,0
2025-07-28,Pão de queijo,Pães,144,3.5,1.1,0
2025-07-28,Pão francês,Pães,721,0.9,0.3,0
2025-07-28,Pão na chapa,Lanches,85,6.0,1.5,0
2025-07-28,Sanduíche natural,Lanches,25,14.0,5.5,0
2025-07-28,Sonho,Doces,56,6.0,1.9,0
2025-07-28,Suco de laranja natural,Bebidas,43,9.0,3.0,0
2025-07-28,Torta de limão (fatia),Doces,34,11.0,3.5,0
2025-07-29,Baguete,Pães,32,8.0,2.6,0
2025-07-29,Bolo de cenoura (fatia),Doces,39,7.0,2.0,0
2025-07-29,Brigadeiro,Doces,73,3.0,0.9,0
2025-07-29,Coxinha,Salgados,185,7.5,2.3,0
2025-07-29,Croissant,Pães,59,7.0,2.4,0
2025-07-29,Empada de frango,Salgados,79,7.0,2.2,0
2025-07-29,Esfiha de carne,Salgados,115,6.5,2.0,0
2025-07-29,Misto quente,Lanches,134,9.0,3.0,0
2025-07-29,Pudim (fatia),Doces,18,10.0,3.2,0
2025-07-29,Pão de batata,Salgados,91,6.0,1.8,0
2025-07-29,Pão de forma caseiro,Pães,8,12.0,4.5,0
2025-07-29,Pão de queijo,Pães,236,3.5,1.1,0
2025-07-29,Pão francês,Pães,844,0.9,0.3,0
2025-07-29,Pão na chapa,Lanches,141,6.0,1.5,0
2025-07-29,Sanduíche natural,Lanches,32,14.0,5.5,0
2025-07-29,Sonho,Doces,41,6.0,1.9,0
2025-07-29,Suco de laranja natural,Bebidas,73,9.0,3.0,0
2025-07-29,Torta de limão (fatia),Doces,42,11.0,3.5,0
2025-07-30,Baguete,Pães,25,8.0,2.6,0
2025-07-30,Bolo de cenoura (fatia),Doces,44,7.0,2.0,0
2025-07-30,Brigadeiro,Doces,44,3.0,0.9,0
2025-07-30,Coxinha,Salgados,82,7.5,2.3,0
2025-07-30,Croissant,Pães,51,7.0,2.4,0
2025-07-30,Empada de frango,Salgados,67,7.0,2.2,0
2025-07-30,Esfiha de carne,Salgados,101,6.5,2.0,0
2025-07-30,Misto quente,Lanches,96,9.0,3.0,0
2025-07-30,Pudim (fatia),Doces,21,10.0,3.2,0
2025-07-30,Pão de batata,Salgados,120,5.1,1.8,1
2025-07-30,Pão de forma caseiro,Pães,17,12.0,4.5,0
2025-07-30,Pão de queijo,Pães,191,3.5,1.1,0
2025-07-30,Pão francês,Pães,1100,0.9,0.3,0
2025-07-30,Pão na chapa,Lanches,135,6.0,1.5,0
2025-07-30,Sanduíche natural,Lanches,61,14.0,5.5,0
2025-07-30,Sonho,Doces,72,6.0,1.9,0
2025-07-30,Suco de laranja natural,Bebidas,66,9.0,3.0,0
2025-07-30,Torta de limão (fatia),Doces,28,11.0,3.5,0
2025-07-31,Baguete,Pães,34,8.0,2.6,0
2025-07-31,Bolo de cenoura (fatia),Doces,39,7.0,2.0,0
2025-07-31,Brigadeiro,Doces,77,3.0,0.9,0
2025-07-31,Coxinha,Salgados,169,7.5,2.3,0
2025-07-31,Croissant,Pães,45,7.0,2.4,0
2025-07-31,Empada de frango,Salgados,63,7.0,2.2,0
2025-07-31,Esfiha de carne,Salgados,89,6.5,2.0,0
2025-07-31,Misto quente,Lanches,70,9.0,3.0,0
2025-07-31,Pudim (fatia),Doces,28,10.0,3.2,0
2025-07-31,Pão de batata,Salgados,43,6.0,1.8,0
2025-07-31,Pão de forma caseiro,Pães,26,12.0,4.5,0
2025-07-31,Pão de queijo,Pães,243,3.5,1.1,0
2025-07-31,Pão francês,Pães,1068,0.9,0.3,0
2025-07-31,Pão na chapa,Lanches,132,6.0,1.5,0
2025-07-31,Sanduíche natural,Lanches,44,14.0,5.5,0
2025-07-31,Sonho,Doces,65,6.0,1.9,0
2025-07-31,Suco de laranja natural,Bebidas,42,9.0,3.0,0
2025-07-31,Torta de limão (fatia),Doces,42,11.0,3.5,0
2025-08-01,Baguete,Pães,60,8.0,2.6,0
2025-08-01,Bolo de cenoura (fatia),Doces,51,7.0,2.0,0
2025-08-01,Brigadeiro,Doces,67,3.0,0.9,0
2025-08-01,Coxinha,Salgados,205,7.5,2.3,0
2025-08-01,Croissant,Pães,41,7.0,2.4,0
2025-08-01,Empada de frango,Salgados,77,7.0,2.2,0
2025-08-01,Esfiha de carne,Salgados,107,6.5,2.0,0
2025-08-01,Misto quente,Lanches,102,9.0,3.0,0
2025-08-01,Pudim (fatia),Doces,22,10.0,3.2,0
2025-08-01,Pão de batata,Salgados,56,6.0,1.8,0
2025-08-01,Pão de forma caseiro,Pães,24,12.0,4.5,0
2025-08-01,Pão de queijo,Pães,259,3.5,1.1,0
2025-08-01,Pão francês,Pães,1018,0.9,0.3,0
2025-08-01,Pão na chapa,Lanches,140,6.0,1.5,0
2025-08-01,Sanduíche natural,Lanches,54,14.0,5.5,0
2025-08-01,Sonho,Doces,67,6.0,1.9,0
2025-08-01,Suco de laranja natural,Bebidas,98,9.0,3.0,0
2025-08-01,Torta de limão (fatia),Doces,38,11.0,3.5,0
2025-08-02,Baguete,Pães,48,8.0,2.6,0
2025-08-02,Bolo de cenoura (fatia),Doces,77,7.0,2.0,0
2025-08-02,Brigadeiro,Doces,114,3.0,0.9,0
2025-08-02,Coxinha,Salgados,155,7.5,2.3,0
2025-08-02,Croissant,Pães,83,7.0,2.4,0
2025-08-02,Empada de frango,Salgados,56,7.0,2.2,0
2025-08-02,Esfiha de carne,Salgados,75,6.5,2.0,0
2025-08-02,Misto quente,Lanches,68,9.0,3.0,0
2025-08-02,Pudim (fatia),Doces,43,10.0,3.2,0
2025-08-02,Pão de batata,Salgados,54,6.0,1.8,0
2025-08-02,Pão de forma caseiro,Pães,46,12.0,4.5,0
2025-08-02,Pão de queijo,Pães,235,2.98,1.1,1
2025-08-02,Pão francês,Pães,1346,0.9,0.3,0
2025-08-02,Pão na chapa,Lanches,132,6.0,1.5,0
2025-08-02,Sanduíche natural,Lanches,39,14.0,5.5,0
2025-08-02,Sonho,Doces,114,6.0,1.9,0
2025-08-02,Suco de laranja natural,Bebidas,73,9.0,3.0,0
2025-08-02,Torta de limão (fatia),Doces,32,11.0,3.5,0
2025-08-03,Baguete,Pães,21,8.0,2.6,0
2025-08-03,Bolo de cenoura (fatia),Doces,96,7.0,2.0,0
2025-08-03,Brigadeiro,Doces,84,3.0,0.9,0
2025-08-03,Coxinha,Salgados,79,7.5,2.3,0
2025-08-03,Croissant,Pães,151,7.0,2.4,0
2025-08-03,Empada de frango,Salgados,32,7.0,2.2,0
2025-08-03,Esfiha de carne,Salgados,70,6.5,2.0,0
2025-08-03,Misto quente,Lanches,59,9.0,3.0,0
2025-08-03,Pudim (fatia),Doces,21,10.0,3.2,0
2025-08-03,Pão de batata,Salgados,64,6.0,1.8,0
2025-08-03,Pão de forma caseiro,Pães,30,12.0,4.5,0
2025-08-03,Pão de queijo,Pães,482,3.5,1.1,0
2025-08-03,Pão francês,Pães,1382,0.9,0.3,0
2025-08-03,Pão na chapa,Lanches,175,6.0,1.5,0
2025-08-03,Sanduíche natural,Lanches,48,14.0,5.5,0
2025-08-03,Sonho,Doces,85,6.0,1.9,0
2025-08-03,Suco de laranja natural,Bebidas,47,9.0,3.0,0
2025-08-03,Torta de limão (fatia),Doces,48,11.0,3.5,0
2025-08-04,Baguete,Pães,30,8.0,2.6,0
2025-08-04,Bolo de cenoura (fatia),Doces,48,7.0,2.0,0
2025-08-04,Brigadeiro,Doces,58,3.0,0.9,0
2025-08-04,Coxinha,Salgados,160,7.5,2.3,0
2025-08-04,Croissant,Pães,79,7.0,2.4,0
2025-08-04,Empada de frango,Salgados,110,7.0,2.2,0
2025-08-04,Esfiha de carne,Salgados,51,6.5,2.0,0
2025-08-04,Misto quente,Lanches,96,9.0,3.0,0
2025-08-04,Pudim (fatia),Doces,29,10.0,3.2,0
2025-08-04,Pão de batata,Salgados,50,6.0,1.8,0
2025-08-04,Pão de forma caseiro,Pães,22,12.0,4.5,0
2025-08-04,Pão de queijo,Pães,228,3.5,1.1,0
2025-08-04,Pão francês,Pães,1354,0.9,0.3,0
2025-08-04,Pão na chapa,Lanches,136,6.0,1.5,0
2025-08-04,Sanduíche natural,Lanches,77,14.0,5.5,0
2025-08-04,Sonho,Doces,39,6.0,1.9,0
2025-08-04,Suco de laranja natural,Bebidas,64,9.0,3.0,0
2025-08-04,Torta de limão (fatia),Doces,31,11.0,3.5,0
2025-08-05,Baguete,Pães,41,8.0,2.6,0
2025-08-05,Bolo de cenoura (fatia),Doces,96,5.95,2.0,1
2025-08-05,Brigadeiro,Doces,105,3.0,0.9,0
2025-08-05,Coxinha,Salgados,123,7.5,2.3,0
2025-08-05,Croissant,Pães,66,7.0,2.4,0
2025-08-05,Empada de frango,Salgados,64,7.0,2.2,0
2025-08-05,Esfiha de carne,Salgados,79,6.5,2.0,0
2025-08-05,Misto quente,Lanches,117,9.0,3.0,0
2025-08-05,Pudim (fatia),Doces,17,10.0,3.2,0
2025-08-05,Pão de batata,Salgados,81,6.0,1.8,0
2025-08-05,Pão de forma caseiro,Pães,20,12.0,4.5,0
2025-08-05,Pão de queijo,Pães,164,3.5,1.1,0
2025-08-05,Pão francês,Pães,1001,0.9,0.3,0
2025-08-05,Pão na chapa,Lanches,143,6.0,1.5,0
2025-08-05,Sanduíche natural,Lanches,37,14.0,5.5,0
2025-08-05,Sonho,Doces,54,6.0,1.9,0
2025-08-05,Suco de laranja natural,Bebidas,25,9.0,3.0,0
2025-08-05,Torta de limão (fatia),Doces,25,11.0,3.5,0
2025-08-06,Baguete,Pães,46,8.0,2.6,0
2025-08-06,Bolo de cenoura (fatia),Doces,27,7.0,2.0,0
2025-08-06,Brigadeiro,Doces,110,3.0,0.9,0
2025-08-06,Coxinha,Salgados,150,7.5,2.3,0
2025-08-06,Croissant,Pães,126,7.0,2.4,0
2025-08-06,Empada de frango,Salgados,79,7.0,2.2,0
2025-08-06,Esfiha de carne,Salgados,118,6.5,2.0,0
2025-08-06,Misto quente,Lanches,75,9.0,3.0,0
2025-08-06,Pudim (fatia),Doces,26,10.0,3.2,0
2025-08-06,Pão de batata,Salgados,90,6.0,1.8,0
2025-08-06,Pão de forma caseiro,Pães,31,12.0,4.5,0
2025-08-06,Pão de queijo,Pães,249,3.5,1.1,0
2025-08-06,Pão francês,Pães,994,0.9,0.3,0
2025-08-06,Pão na chapa,Lanches,107,6.0,1.5,0
2025-08-06,Sanduíche natural,Lanches,85,14.0,5.5,0
2025-08-06,Sonho,Doces,84,6.0,1.9,0
2025-08-06,Suco de laranja natural,Bebidas,30,9.0,3.0,0
2025-08-06,Torta de limão (fatia),Doces,48,11.0,3.5,0
2025-08-07,Baguete,Pães,31,8.0,2.6,0
2025-08-07,Bolo de cenoura (fatia),Doces,78,7.0,2.0,0
2025-08-07,Brigadeiro,Doces,164,3.0,0.9,0
2025-08-07,Coxinha,Salgados,163,7.5,2.3,0
2025-08-07,Croissant,Pães,57,7.0,2.4,0
2025-08-07,Empada de frango,Salgados,55,7.0,2.2,0
2025-08-07,Esfiha de carne,Salgados,127,5.52,2.0,1
2025-08-07,Misto quente,Lanches,93,9.0,3.0,0
2025-08-07,Pudim (fatia),Doces,31,10.0,3.2,0
2025-08-07,Pão de batata,Salgados,128,6.0,1.8,0
2025-08-07,Pão de forma caseiro,Pães,24,12.0,4.5,0
2025-08-07,Pão de queijo,Pães,189,3.5,1.1,0
2025-08-07,Pão francês,Pães,821,0.9,0.3,0
2025-08-07,Pão na chapa,Lanches,131,6.0,1.5,0
2025-08-07,Sanduíche natural,Lanches,37,14.0,5.5,0
2025-08-07,Sonho,Doces,132,6.0,1.9,0
2025-08-07,Suco de laranja natural,Bebidas,48,9.0,3.0,0
2025-08-07,Torta de limão (fatia),Doces,27,11.0,3.5,0
2025-08-08,Baguete,Pães,52,8.0,2.6,0
2025-08-08,Bolo de cenoura (fatia),Doces,46,7.0,2.0,0
2025-08-08,Brigadeiro,Doces,137,3.0,0.9,0
2025-08-08,Coxinha,Salgados,150,7.5,2.3,0
2025-08-08,Croissant,Pães,67,7.0,2.4,0
2025-08-08,Empada de frango,Salgados,90,7.0,2.2,0
2025-08-08,Esfiha de carne,Salgados,163,5.52,2.0,1
2025-08-08,Misto quente,Lanches,119,9.0,3.0,0
2025-08-08,Pudim (fatia),Doces,33,10.0,3.2,0
2025-08-08,Pão de batata,Salgados,73,6.0,1.8,0
2025-08-08,Pão de forma caseiro,Pães,34,12.0,4.5,0
2025-08-08,Pão de queijo,Pães,130,3.5,1.1,0
2025-08-08,Pão francês,Pães,923,0.9,0.3,0
2025-08-08,Pão na chapa,Lanches,166,6.0,1.5,0
2025-08-08,Sanduíche natural,Lanches,41,14.0,5.5,0
2025-08-08,Sonho,Doces,73,6.0,1.9,0
2025-08-08,Suco de laranja natural,Bebidas,27,9.0,3.0,0
2025-08-08,Torta de limão (fatia),Doces,45,11.0,3.5,0
2025-08-09,Baguete,Pães,50,8.0,2.6,0
2025-08-09,Bolo de cenoura (fatia),Doces,35,7.0,2.0,0
2025-08-09,Brigadeiro,Doces,156,3.0,0.9,0
2025-08-09,Coxinha,Salgados,102,7.5,2.3,0
2025-08-09,Croissant,Pães,73,7.0,2.4,0
2025-08-09,Empada de frango,Salgados,35,7.0,2.2,0
2025-08-09,Esfiha de carne,Salgados,42,6.5,2.0,0
2025-08-09,Misto quente,Lanches,43,9.0,3.0,0
2025-08-09,Pudim (fatia),Doces,29,10.0,3.2,0
2025-08-09,Pão de batata,Salgados,37,6.0,1.8,0
2025-08-09,Pão de forma caseiro,Pães,29,12.0,4.5,0
2025-08-09,Pão de queijo,Pães,187,3.5,1.1,0
2025-08-09,Pão francês,Pães,1028,0.9,0.3,0
2025-08-09,Pão na chapa,Lanches,149,6.0,1.5,0
2025-08-09,Sanduíche natural,Lanches,29,14.0,5.5,0
2025-08-09,Sonho,Doces,118,6.0,1.9,0
2025-08-09,Suco de laranja natural,Bebidas,51,9.0,3.0,0
2025-08-09,Torta de limão (fatia),Doces,39,11.0,3.5,0
2025-08-10,Baguete,Pães,60,8.0,2.6,0
2025-08-10,Bolo de cenoura (fatia),Doces,114,7.0,2.0,0
2025-08-10,Brigadeiro,Doces,105,3.0,0.9,0
2025-08-10,Coxinha,Salgados,131,7.5,2.3,0
2025-08-10,Croissant,Pães,112,7.0,2.4,0
2025-08-10,Empada de frango,Salgados,54,7.0,2.2,0
2025-08-10,Esfiha de carne,Salgados,47,6.5,2.0,0
2025-08-10,Misto quente,Lanches,35,9.0,3.0,0
2025-08-10,Pudim (fatia),Doces,55,10.0,3.2,0
2025-08-10,Pão de batata,Salgados,48,6.0,1.8,0
2025-08-10,Pão de forma caseiro,Pães,24,12.0,4.5,0
2025-08-10,Pão de queijo,Pães,177,3.5,1.1,0
2025-08-10,Pão francês,Pães,1219,0.9,0.3,0
2025-08-10,Pão na chapa,Lanches,184,6.0,1.5,0
2025-08-10,Sanduíche natural,Lanches,48,14.0,5.5,0
2025-08-10,Sonho,Doces,114,6.0,1.9,0
2025-08-10,Suco de laranja natural,Bebidas,78,9.0,3.0,0
2025-08-10,Torta de limão (fatia),Doces,44,11.0,3.5,0
2025-08-11,Baguete,Pães,25,8.0,2.6,0
2025-08-11,Bolo de cenoura (fatia),Doces,64,7.0,2.0,0
2025-08-11,Brigadeiro,Doces,124,3.0,0.9,0
2025-08-11,Coxinha,Salgados,160,7.5,2.3,0
2025-08-11,Croissant,Pães,95,7.0,2.4,0
2025-08-11,Empada de frango,Salgados,52,7.0,2.2,0
2025-08-11,Esfiha de carne,Salgados,28,6.5,2.0,0
2025-08-11,Misto quente,Lanches,118,9.0,3.0,0
2025-08-11,Pudim (fatia),Doces,17,10.0,3.2,0
2025-08-11,Pão de batata,Salgados,52,6.0,1.8,0
2025-08-11,Pão de forma caseiro,Pães,11,12.0,4.5,0
2025-08-11,Pão de queijo,Pães,192,3.5,1.1,0
2025-08-11,Pão francês,Pães,1171,0.9,0.3,0
2025-08-11,Pão na chapa,Lanches,137,6.0,1.5,0
2025-08-11,Sanduíche natural,Lanches,36,14.0,5.5,0
2025-08-11,Sonho,Doces,41,6.0,1.9,0
2025-08-11,Suco de laranja natural,Bebidas,64,9.0,3.0,0
2025-08-11,Torta de limão (fatia),Doces,34,11.0,3.5,0
2025-08-12,Baguete,Pães,38,8.0,2.6,0
2025-08-12,Bolo de cenoura (fatia),Doces,48,7.0,2.0,0
2025-08-12,Brigadeiro,Doces,71,3.0,0.9,0
2025-08-12,Coxinha,Salgados,138,7.5,2.3,0
2025-08-12,Croissant,Pães,27,7.0,2.4,0
2025-08-12,Empada de frango,Salgados,60,7.0,2.2,0
2025-08-12,Esfiha de carne,Salgados,94,6.5,2.0,0
2025-08-12,Misto quente,Lanches,74,9.0,3.0,0
2025-08-12,Pudim (fatia),Doces,17,10.0,3.2,0
2025-08-12,Pão de batata,Salgados,96,6.0,1.8,0
2025-08-12,Pão de forma caseiro,Pães,12,12.0,4.5,0
2025-08-12,Pão de queijo,Pães,162,3.5,1.1,0
2025-08-12,Pão francês,Pães,840,0.9,0.3,0
2025-08-12,Pão na chapa,Lanches,109,6.0,1.5,0
2025-08-12,Sanduíche natural,Lanches,44,14.0,5.5,0
2025-08-12,Sonho,Doces,104,6.0,1.9,0
2025-08-12,Suco de laranja natural,Bebidas,54,9.0,3.0,0
2025-08-12,Torta de limão (fatia),Doces,43,11.0,3.5,0
2025-08-13,Baguete,Pães,46,8.0,2.6,0
2025-08-13,Bolo de cenoura (fatia),Doces,30,7.0,2.0,0
2025-08-13,Brigadeiro,Doces,76,3.0,0.9,0
2025-08-13,Coxinha,Salgados,158,7.5,2.3,0
2025-08-13,Croissant,Pães,42,7.0,2.4,0
2025-08-13,Empada de frango,Salgados,37,7.0,2.2,0
2025-08-13,Esfiha de carne,Salgados,97,6.5,2.0,0
2025-08-13,Misto quente,Lanches,69,9.0,3.0,0
2025-08-13,Pudim (fatia),Doces,24,10.0,3.2,0
2025-08-13,Pão de batata,Salgados,56,6.0,1.8,0
2025-08-13,Pão de forma caseiro,Pães,16,12.0,4.5,0
2025-08-13,Pão de queijo,Pães,152,3.5,1.1,0
2025-08-13,Pão francês,Pães,723,0.9,0.3,0
2025-08-13,Pão na chapa,Lanches,137,6.0,1.5,0
2025-08-13,Sanduíche natural,Lanches,59,14.0,5.5,0
2025-08-13,Sonho,Doces,96,5.1,1.9,1
2025-08-13,Suco de laranja natural,Bebidas,32,9.0,3.0,0
2025-08-13,Torta de limão (fatia),Doces,37,11.0,3.5,0
2025-08-14,Baguete,Pães,38,8.0,2.6,0
2025-08-14,Bolo de cenoura (fatia),Doces,77,5.95,2.0,1
2025-08-14,Brigadeiro,Doces,129,3.0,0.9,0
2025-08-14,Coxinha,Salgados,135,7.5,2.3,0
2025-08-14,Croissant,Pães,73,7.0,2.4,0
2025-08-14,Empada de frango,Salgados,99,7.0,2.2,0
2025-08-14,Esfiha de carne,Salgados,80,6.5,2.0,0
2025-08-14,Misto quente,Lanches,85,9.0,3.0,0
2025-08-14,Pudim (fatia),Doces,40,10.0,3.2,0
2025-08-14,Pão de batata,Salgados,95,6.0,1.8,0
2025-08-14,Pão de forma caseiro,Pães,20,12.0,4.5,0
2025-08-14,Pão de queijo,Pães,191,3.5,1.1,0
2025-08-14,Pão francês,Pães,919,0.9,0.3,0
2025-08-14,Pão na chapa,Lanches,171,6.0,1.5,0
2025-08-14,Sanduíche natural,Lanches,36,14.0,5.5,0
2025-08-14,Sonho,Doces,132,6.0,1.9,0
2025-08-14,Suco de laranja natural,Bebidas,73,9.0,3.0,0
2025-08-14,Torta de limão (fatia),Doces,39,11.0,3.5,0
2025-08-15,Baguete,Pães,21,8.0,2.6,0
2025-08-15,Bolo de cenoura (fatia),Doces,47,7.0,2.0,0
2025-08-15,Brigadeiro,Doces,143,3.0,0.9,0
2025-08-15,Coxinha,Salgados,189,7.5,2.3,0
2025-08-15,Croissant,Pães,54,7.0,2.4,0
2025-08-15,Empada de frango,Salgados,71,7.0,2.2,0
2025-08-15,Esfiha de carne,Salgados,58,6.5,2.0,0
2025-08-15,Misto quente,Lanches,123,9.0,3.0,0
2025-08-15,Pudim (fatia),Doces,42,10.0,3.2,0
2025-08-15,Pão de batata,Salgados,92,6.0,1.8,0
2025-08-15,Pão de forma caseiro,Pães,15,12.0,4.5,0
2025-08-15,Pão de queijo,Pães,137,3.5,1.1,0
2025-08-15,Pão francês,Pães,596,0.9,0.3,0
2025-08-15,Pão na chapa,Lanches,127,6.0,1.5,0
2025-08-15,Sanduíche natural,Lanches,38,14.0,5.5,0
2025-08-15,Sonho,Doces,73,6.0,1.9,0
2025-08-15,Suco de laranja natural,Bebidas,50,9.0,3.0,0
2025-08-15,Torta de limão (fatia),Doces,28,11.0,3.5,0
2025-08-16,Baguete,Pães,71,8.0,2.6,0
2025-08-16,Bolo de cenoura (fatia),Doces,73,7.0,2.0,0
2025-08-16,Brigadeiro,Doces,151,3.0,0.9,0
2025-08-16,Coxinha,Salgados,132,7.5,2.3,0
2025-08-16,Croissant,Pães,42,7.0,2.4,0
2025-08-16,Empada de frango,Salgados,56,7.0,2.2,0
2025-08-16,Esfiha de carne,Salgados,106,6.5,2.0,0
2025-08-16,Misto quente,Lanches,74,9.0,3.0,0
2025-08-16,Pudim (fatia),Doces,48,10.0,3.2,0
2025-08-16,Pão de batata,Salgados,53,6.0,1.8,0
2025-08-16,Pão de forma caseiro,Pães,56,12.0,4.5,0
2025-08-16,Pão de queijo,Pães,250,2.98,1.1,1
2025-08-16,Pão francês,Pães,1064,0.9,0.3,0
2025-08-16,Pão na chapa,Lanches,150,6.0,1.5,0
2025-08-16,Sanduíche natural,Lanches,36,14.0,5.5,0
2025-08-16,Sonho,Doces,35,6.0,1.9,0
2025-08-16,Suco de laranja natural,Bebidas,77,9.0,3.0,0
2025-08-16,Torta de limão (fatia),Doces,45,11.0,3.5,0
2025-08-17,Baguete,Pães,33,8.0,2.6,0
2025-08-17,Bolo de cenoura (fatia),Doces,79,7.0,2.0,0
2025-08-17,Brigadeiro,Doces,151,3.0,0.9,0
2025-08-17,Coxinha,Salgados,92,7.5,2.3,0
2025-08-17,Croissant,Pães,120,7.0,2.4,0
2025-08-17,Empada de frango,Salgados,32,7.0,2.2,0
2025-08-17,Esfiha de carne,Salgados,52,6.5,2.0,0
2025-08-17,Misto quente,Lanches,122,9.0,3.0,0
2025-08-17,Pudim (fatia),Doces,11,10.0,3.2,0
2025-08-17,Pão de batata,Salgados,42,6.0,1.8,0
2025-08-17,Pão de forma caseiro,Pães,30,12.0,4.5,0
2025-08-17,Pão de queijo,Pães,185,3.5,1.1,0
2025-08-17,Pão francês,Pães,834,0.9,0.3,0
2025-08-17,Pão na chapa,Lanches,304,5.1,1.5,1
2025-08-17,Sanduíche natural,Lanches,34,14.0,5.5,0
2025-08-17,Sonho,Doces,76,6.0,1.9,0
2025-08-17,Suco de laranja natural,Bebidas,76,9.0,3.0,0
2025-08-17,Torta de limão (fatia),Doces,54,11.0,3.5,0
2025-08-18,Baguete,Pães,41,8.0,2.6,0
2025-08-18,Bolo de cenoura (fatia),Doces,78,7.0,2.0,0
2025-08-18,Brigadeiro,Doces,95,3.0,0.9,0
2025-08-18,Coxinha,Salgados,143,7.5,2.3,0
2025-08-18,Croissant,Pães,63,7.0,2.4,0
2025-08-18,Empada de frango,Salgados,91,7.0,2.2,0
2025-08-18,Esfiha de carne,Salgados,92,6.5,2.0,0
2025-08-18,Misto quente,Lanches,81,9.0,3.0,0
2025-08-18,Pudim (fatia),Doces,18,10.0,3.2,0
2025-08-18,Pão de batata,Salgados,50,6.0,1.8,0
2025-08-18,Pão de forma caseiro,Pães,13,12.0,4.5,0
2025-08-18,Pão de queijo,Pães,185,3.5,1.1,0
2025-08-18,Pão francês,Pães,1058,0.9,0.3,0
2025-08-18,Pão na chapa,Lanches,113,6.0,1.5,0
2025-08-18,Sanduíche natural,Lanches,41,14.0,5.5,0
2025-08-18,Sonho,Doces,71,6.0,1.9,0
2025-08-18,Suco de laranja natural,Bebidas,57,9.0,3.0,0
2025-08-18,Torta de limão (fatia),Doces,19,11.0,3.5,0
2025-08-19,Baguete,Pães,30,8.0,2.6,0
2025-08-19,Bolo de cenoura (fatia),Doces,31,7.0,2.0,0
2025-08-19,Brigadeiro,Doces,50,3.0,0.9,0
2025-08-19,Coxinha,Salgados,78,7.5,2.3,0
2025-08-19,Croissant,Pães,62,7.0,2.4,0
2025-08-19,Empada de frango,Salgados,64,7.0,2.2,0
2025-08-19,Esfiha de carne,Salgados,50,6.5,2.0,0
2025-08-19,Misto quente,Lanches,86,9.0,3.0,0
2025-08-19,Pudim (fatia),Doces,19,10.0,3.2,0
2025-08-19,Pão de batata,Salgados,59,6.0,1.8,0
2025-08-19,Pão de forma caseiro,Pães,29,12.0,4.5,0
2025-08-19,Pão de queijo,Pães,176,3.5,1.1,0
2025-08-19,Pão francês,Pães,771,0.9,0.3,0
2025-08-19,Pão na chapa,Lanches,114,6.0,1.5,0
2025-08-19,Sanduíche natural,Lanches,50,14.0,5.5,0
2025-08-19,Sonho,Doces,55,6.0,1.9,0
2025-08-19,Suco de laranja natural,Bebidas,40,9.0,3.0,0
2025-08-19,Torta de limão (fatia),Doces,28,11.0,3.5,0
2025-08-20,Baguete,Pães,25,8.0,2.6,0
2025-08-20,Bolo de cenoura (fatia),Doces,51,7.0,2.0,0
2025-08-20,Brigadeiro,Doces,69,3.0,0.9,0
2025-08-20,Coxinha,Salgados,221,7.5,2.3,0
2025-08-20,Croissant,Pães,94,7.0,2.4,0
2025-08-20,Empada de frango,Salgados,128,5.95,2.2,1
2025-08-20,Esfiha de carne,Salgados,131,6.5,2.0,0
2025-08-20,Misto quente,Lanches,108,9.0,3.0,0
2025-08-20,Pudim (fatia),Doces,24,10.0,3.2,0
2025-08-20,Pão de batata,Salgados,61,6.0,1.8,0
2025-08-20,Pão de forma caseiro,Pães,28,12.0,4.5,0
2025-08-20,Pão de queijo,Pães,152,3.5,1.1,0
2025-08-20,Pão francês,Pães,1154,0.9,0.3,0
2025-08-20,Pão na chapa,Lanches,99,6.0,1.5,0
2025-08-20,Sanduíche natural,Lanches,96,14.0,5.5,0
2025-08-20,Sonho,Doces,67,6.0,1.9,0
2025-08-20,Suco de laranja natural,Bebidas,57,9.0,3.0,0
2025-08-20,Torta de limão (fatia),Doces,22,11.0,3.5,0
2025-08-21,Baguete,Pães,12,8.0,2.6,0
2025-08-21,Bolo de cenoura (fatia),Doces,39,7.0,2.0,0
2025-08-21,Brigadeiro,Doces,81,3.0,0.9,0
2025-08-21,Coxinha,Salgados,181,7.5,2.3,0
2025-08-21,Croissant,Pães,57,7.0,2.4,0
2025-08-21,Empada de frango,Salgados,67,7.0,2.2,0
2025-08-21,Esfiha de carne,Salgados,87,6.5,2.0,0
2025-08-21,Misto quente,Lanches,81,9.0,3.0,0
2025-08-21,Pudim (fatia),Doces,19,10.0,3.2,0
2025-08-21,Pão de batata,Salgados,75,6.0,1.8,0
2025-08-21,Pão de forma caseiro,Pães,28,12.0,4.5,0
2025-08-21,Pão de queijo,Pães,173,3.5,1.1,0
2025-08-21,Pão francês,Pães,794,0.9,0.3,0
2025-08-21,Pão na chapa,Lanches,132,6.0,1.5,0
2025-08-21,Sanduíche natural,Lanches,11,14.0,5.5,0
2025-08-21,Sonho,Doces,71,6.0,1.9,0
2025-08-21,Suco de laranja natural,Bebidas,42,9.0,3.0,0
2025-08-21,Torta de limão (fatia),Doces,23,11.0,3.5,0
2025-08-22,Baguete,Pães,52,6.8,2.6,1
2025-08-22,Bolo de cenoura (fatia),Doces,43,7.0,2.0,0
2025-08-22,Brigadeiro,Doces,123,3.0,0.9,0
2025-08-22,Coxinha,Salgados,221,7.5,2.3,0
2025-08-22,Croissant,Pães,65,7.0,2.4,0
2025-08-22,Empada de frango,Salgados,35,7.0,2.2,0
2025-08-22,Esfiha de carne,Salgados,76,6.5,2.0,0
2025-08-22,Misto quente,Lanches,97,9.0,3.0,0
2025-08-22,Pudim (fatia),Doces,37,10.0,3.2,0
2025-08-22,Pão de batata,Salgados,72,6.0,1.8,0
2025-08-22,Pão de forma caseiro,Pães,44,12.0,4.5,0
2025-08-22,Pão de queijo,Pães,229,3.5,1.1,0
2025-08-22,Pão francês,Pães,778,0.9,0.3,0
2025-08-22,Pão na chapa,Lanches,127,6.0,1.5,0
2025-08-22,Sanduíche natural,Lanches,82,14.0,5.5,0
2025-08-22,Sonho,Doces,38,6.0,1.9,0
2025-08-22,Suco de laranja natural,Bebidas,35,9.0,3.0,0
2025-08-22,Torta de limão (fatia),Doces,34,11.0,3.5,0
2025-08-23,Baguete,Pães,26,8.0,2.6,0
2025-08-23,Bolo de cenoura (fatia),Doces,50,7.0,2.0,0
2025-08-23,Brigadeiro,Doces,272,3.0,0.9,0
2025-08-23,Coxinha,Salgados,132,7.5,2.3,0
2025-08-23,Croissant,Pães,91,7.0,2.4,0
2025-08-23,Empada de frango,Salgados,72,7.0,2.2,0
2025-08-23,Esfiha de carne,Salgados,83,6.5,2.0,0
2025-08-23,Misto quente,Lanches,79,9.0,3.0,0
2025-08-23,Pudim (fatia),Doces,27,10.0,3.2,0
2025-08-23,Pão de batata,Salgados,65,6.0,1.8,0
2025-08-23,Pão de forma caseiro,Pães,37,12.0,4.5,0
2025-08-23,Pão de queijo,Pães,292,3.5,1.1,0
2025-08-23,Pão francês,Pães,1491,0.9,0.3,0
2025-08-23,Pão na chapa,Lanches,200,6.0,1.5,0
2025-08-23,Sanduíche natural,Lanches,18,14.0,5.5,0
2025-08-23,Sonho,Doces,92,6.0,1.9,0
2025-08-23,Suco de laranja natural,Bebidas,46,9.0,3.0,0
2025-08-23,Torta de limão (fatia),Doces,27,11.0,3.5,0
2025-08-24,Baguete,Pães,57,8.0,2.6,0
2025-08-24,Bolo de cenoura (fatia),Doces,85,7.0,2.0,0
2025-08-24,Brigadeiro,Doces,87,3.0,0.9,0
2025-08-24,Coxinha,Salgados,93,7.5,2.3,0
2025-08-24,Croissant,Pães,85,7.0,2.4,0
2025-08-24,Empada de frango,Salgados,42,7.0,2.2,0
2025-08-24,Esfiha de carne,Salgados,46,6.5,2.0,0
2025-08-24,Misto quente,Lanches,63,9.0,3.0,0
2025-08-24,Pudim (fatia),Doces,38,10.0,3.2,0
2025-08-24,Pão de batata,Salgados,55,6.0,1.8,0
2025-08-24,Pão de forma caseiro,Pães,72,12.0,4.5,0
2025-08-24,Pão de queijo,Pães,279,3.5,1.1,0
2025-08-24,Pão francês,Pães,872,0.9,0.3,0
2025-08-24,Pão na chapa,Lanches,201,6.0,1.5,0
2025-08-24,Sanduíche natural,Lanches,29,14.0,5.5,0
2025-08-24,Sonho,Doces,121,6.0,1.9,0
2025-08-24,Suco de laranja natural,Bebidas,151,9.0,3.0,0
2025-08-24,Torta de limão (fatia),Doces,36,11.0,3.5,0
2025-08-25,Baguete,Pães,43,8.0,2.6,0
2025-08-25,Bolo de cenoura (fatia),Doces,52,7.0,2.0,0
2025-08-25,Brigadeiro,Doces,89,3.0,0.9,0
2025-08-25,Coxinha,Salgados,116,7.5,2.3,0
2025-08-25,Croissant,Pães,52,7.0,2.4,0
2025-08-25,Empada de frango,Salgados,50,7.0,2.2,0
2025-08-25,Esfiha de carne,Salgados,73,6.5,2.0,0
2025-08-25,Misto quente,Lanches,92,9.0,3.0,0
2025-08-25,Pudim (fatia),Doces,16,10.0,3.2,0
2025-08-25,Pão de batata,Salgados,58,6.0,1.8,0
2025-08-25,Pão de forma caseiro,Pães,26,12.0,4.5,0
2025-08-25,Pão de queijo,Pães,166,3.5,1.1,0
2025-08-25,Pão francês,Pães,1045,0.9,0.3,0
2025-08-25,Pão na chapa,Lanches,115,6.0,1.5,0
2025-08-25,Sanduíche natural,Lanches,48,14.0,5.5,0
2025-08-25,Sonho,Doces,45,6.0,1.9,0
2025-08-25,Suco de laranja natural,Bebidas,77,9.0,3.0,0
2025-08-25,Torta de limão (fatia),Doces,43,9.35,3.5,1
2025-08-26,Baguete,Pães,42,8.0,2.6,0
2025-08-26,Bolo de cenoura (fatia),Doces,59,5.95,2.0,1
2025-08-26,Brigadeiro,Doces,74,3.0,0.9,0
2025-08-26,Coxinha,Salgados,153,7.5,2.3,0
2025-08-26,Croissant,Pães,39,7.0,2.4,0
2025-08-26,Empada de frango,Salgados,58,7.0,2.2,0
2025-08-26,Esfiha de carne,Salgados,72,6.5,2.0,0
2025-08-26,Misto quente,Lanches,83,9.0,3.0,0
2025-08-26,Pudim (fatia),Doces,23,10.0,3.2,0
2025-08-26,Pão de batata,Salgados,79,6.0,1.8,0
2025-08-26,Pão de forma caseiro,Pães,15,12.0,4.5,0
2025-08-26,Pão de queijo,Pães,150,3.5,1.1,0
2025-08-26,Pão francês,Pães,1170,0.9,0.3,0
2025-08-26,Pão na chapa,Lanches,139,6.0,1.5,0
2025-08-26,Sanduíche natural,Lanches,54,14.0,5.5,0
2025-08-26,Sonho,Doces,51,6.0,1.9,0
2025-08-26,Suco de laranja natural,Bebidas,42,9.0,3.0,0
2025-08-26,Torta de limão (fatia),Doces,20,11.0,3.5,0
2025-08-27,Baguete,Pães,58,8.0,2.6,0
2025-08-27,Bolo de cenoura (fatia),Doces,38,7.0,2.0,0
2025-08-27,Brigadeiro,Doces,54,3.0,0.9,0
2025-08-27,Coxinha,Salgados,140,7.5,2.3,0
2025-08-27,Croissant,Pães,56,7.0,2.4,0
2025-08-27,Empada de frango,Salgados,69,7.0,2.2,0
2025-08-27,Esfiha de carne,Salgados,121,6.5,2.0,0
2025-08-27,Misto quente,Lanches,123,9.0,3.0,0
2025-08-27,Pudim (fatia),Doces,28,8.5,3.2,1
2025-08-27,Pão de batata,Salgados,65,6.0,1.8,0
2025-08-27,Pão de forma caseiro,Pães,33,10.2,4.5,1
2025-08-27,Pão de queijo,Pães,111,3.5,1.1,0
2025-08-27,Pão francês,Pães,737,0.9,0.3,0
2025-08-27,Pão na chapa,Lanches,141,6.0,1.5,0
2025-08-27,Sanduíche natural,Lanches,36,14.0,5.5,0
2025-08-27,Sonho,Doces,44,6.0,1.9,0
2025-08-27,Suco de laranja natural,Bebidas,54,9.0,3.0,0
2025-08-27,Torta de limão (fatia),Doces,29,11.0,3.5,0
2025-08-28,Baguete,Pães,44,8.0,2.6,0
2025-08-28,Bolo de cenoura (fatia),Doces,13,7.0,2.0,0
2025-08-28,Brigadeiro,Doces,87,3.0,0.9,0
2025-08-28,Coxinha,Salgados,214,6.38,2.3,1
2025-08-28,Croissant,Pães,78,7.0,2.4,0
2025-08-28,Empada de frango,Salgados,78,7.0,2.2,0
2025-08-28,Esfiha de carne,Salgados,71,6.5,2.0,0
2025-08-28,Misto quente,Lanches,94,9.0,3.0,0
2025-08-28,Pudim (fatia),Doces,27,10.0,3.2,0
2025-08-28,Pão de batata,Salgados,75,6.0,1.8,0
2025-08-28,Pão de forma caseiro,Pães,18,12.0,4.5,0
2025-08-28,Pão de queijo,Pães,197,3.5,1.1,0
2025-08-28,Pão francês,Pães,639,0.9,0.3,0
2025-08-28,Pão na chapa,Lanches,143,6.0,1.5,0
2025-08-28,Sanduíche natural,Lanches,24,14.0,5.5,0
2025-08-28,Sonho,Doces,63,6.0,1.9,0
2025-08-28,Suco de laranja natural,Bebidas,31,9.0,3.0,0
2025-08-28,Torta de limão (fatia),Doces,16,11.0,3.5,0
2025-08-29,Baguete,Pães,60,8.0,2.6,0
2025-08-29,Bolo de cenoura (fatia),Doces,43,7.0,2.0,0
2025-08-29,Brigadeiro,Doces,94,3.0,0.9,0
2025-08-29,Coxinha,Salgados,155,7.5,2.3,0
2025-08-29,Croissant,Pães,94,7.0,2.4,0
2025-08-29,Empada de frango,Salgados,86,7.0,2.2,0
2025-08-29,Esfiha de carne,Salgados,99,6.5,2.0,0
2025-08-29,Misto quente,Lanches,124,9.0,3.0,0
2025-08-29,Pudim (fatia),Doces,34,10.0,3.2,0
2025-08-29,Pão de batata,Salgados,91,6.0,1.8,0
2025-08-29,Pão de forma caseiro,Pães,46,12.0,4.5,0
2025-08-29,Pão de queijo,Pães,276,3.5,1.1,0
2025-08-29,Pão francês,Pães,711,0.9,0.3,0
2025-08-29,Pão na chapa,Lanches,111,6.0,1.5,0
2025-08-29,Sanduíche natural,Lanches,70,14.0,5.5,0
2025-08-29,Sonho,Doces,49,6.0,1.9,0
2025-08-29,Suco de laranja natural,Bebidas,44,9.0,3.0,0
2025-08-29,Torta de limão (fatia),Doces,35,11.0,3.5,0
2025-08-30,Baguete,Pães,81,8.0,2.6,0
2025-08-30,Bolo de cenoura (fatia),Doces,56,7.0,2.0,0
2025-08-30,Brigadeiro,Doces,114,3.0,0.9,0
2025-08-30,Coxinha,Salgados,120,7.5,2.3,0
2025-08-30,Croissant,Pães,69,7.0,2.4,0
2025-08-30,Empada de frango,Salgados,74,7.0,2.2,0
2025-08-30,Esfiha de carne,Salgados,78,6.5,2.0,0
2025-08-30,Misto quente,Lanches,117,9.0,3.0,0
2025-08-30,Pudim (fatia),Doces,55,10.0,3.2,0
2025-08-30,Pão de batata,Salgados,70,6.0,1.8,0
2025-08-30,Pão de forma caseiro,Pães,42,12.0,4.5,0
2025-08-30,Pão de queijo,Pães,287,3.5,1.1,0
2025-08-30,Pão francês,Pães,1085,0.9,0.3,0
2025-08-30,Pão na chapa,Lanches,154,6.0,1.5,0
2025-08-30,Sanduíche natural,Lanches,43,14.0,5.5,0
2025-08-30,Sonho,Doces,95,6.0,1.9,0
2025-08-30,Suco de laranja natural,Bebidas,94,9.0,3.0,0
2025-08-30,Torta de limão (fatia),Doces,48,11.0,3.5,0
2025-08-31,Baguete,Pães,75,8.0,2.6,0
2025-08-31,Bolo de cenoura (fatia),Doces,73,7.0,2.0,0
2025-08-31,Brigadeiro,Doces,178,3.0,0.9,0
2025-08-31,Coxinha,Salgados,65,7.5,2.3,0
2025-08-31,Croissant,Pães,83,7.0,2.4,0
2025-08-31,Empada de frango,Salgados,31,7.0,2.2,0
2025-08-31,Esfiha de carne,Salgados,40,6.5,2.0,0
2025-08-31,Misto quente,Lanches,53,9.0,3.0,0
2025-08-31,Pudim (fatia),Doces,43,10.0,3.2,0
2025-08-31,Pão de batata,Salgados,36,6.0,1.8,0
2025-08-31,Pão de forma caseiro,Pães,35,12.0,4.5,0
2025-08-31,Pão de queijo,Pães,346,2.98,1.1,1
2025-08-31,Pão francês,Pães,1879,0.9,0.3,0
2025-08-31,Pão na chapa,Lanches,229,6.0,1.5,0
2025-08-31,Sanduíche natural,Lanches,23,14.0,5.5,0
2025-08-31,Sonho,Doces,88,6.0,1.9,0
2025-08-31,Suco de laranja natural,Bebidas,73,7.65,3.0,1
2025-08-31,Torta de limão (fatia),Doces,28,11.0,3.5,0
2025-09-01,Baguete,Pães,66,8.0,2.6,0
2025-09-01,Bolo de cenoura (fatia),Doces,42,7.0,2.0,0
2025-09-01,Brigadeiro,Doces,83,3.0,0.9,0
2025-09-01,Coxinha,Salgados,130,7.5,2.3,0
2025-09-01,Croissant,Pães,87,7.0,2.4,0
2025-09-01,Empada de frango,Salgados,52,7.0,2.2,0
2025-09-01,Esfiha de carne,Salgados,105,6.5,2.0,0
2025-09-01,Misto quente,Lanches,86,9.0,3.0,0
2025-09-01,Pudim (fatia),Doces,22,10.0,3.2,0
2025-09-01,Pão de batata,Salgados,40,6.0,1.8,0
2025-09-01,Pão de forma caseiro,Pães,11,12.0,4.5,0
2025-09-01,Pão de queijo,Pães,171,3.5,1.1,0
2025-09-01,Pão francês,Pães,1027,0.9,0.3,0
2025-09-01,Pão na chapa,Lanches,109,6.0,1.5,0
2025-09-01,Sanduíche natural,Lanches,70,14.0,5.5,0
2025-09-01,Sonho,Doces,54,6.0,1.9,0
2025-09-01,Suco de laranja natural,Bebidas,109,9.0,3.0,0
2025-09-01,Torta de limão (fatia),Doces,29,11.0,3.5,0
2025-09-02,Baguete,Pães,25,8.0,2.6,0
2025-09-02,Bolo de cenoura (fatia),Doces,21,7.0,2.0,0
2025-09-02,Brigadeiro,Doces,47,3.0,0.9,0
2025-09-02,Coxinha,Salgados,128,7.5,2.3,0
2025-09-02,Croissant,Pães,60,7.0,2.4,0
2025-09-02,Empada de frango,Salgados,88,7.0,2.2,0
2025-09-02,Esfiha de carne,Salgados,69,6.5,2.0,0
2025-09-02,Misto quente,Lanches,48,9.0,3.0,0
2025-09-02,Pudim (fatia),Doces,29,10.0,3.2,0
2025-09-02,Pão de batata,Salgados,74,6.0,1.8,0
2025-09-02,Pão de forma caseiro,Pães,9,12.0,4.5,0
2025-09-02,Pão de queijo,Pães,235,3.5,1.1,0
2025-09-02,Pão francês,Pães,1236,0.9,0.3,0
2025-09-02,Pão na chapa,Lanches,123,6.0,1.5,0
2025-09-02,Sanduíche natural,Lanches,22,14.0,5.5,0
2025-09-02,Sonho,Doces,52,6.0,1.9,0
2025-09-02,Suco de laranja natural,Bebidas,70,9.0,3.0,0
2025-09-02,Torta de limão (fatia),Doces,19,11.0,3.5,0
2025-09-03,Baguete,Pães,33,8.0,2.6,0
2025-09-03,Bolo de cenoura (fatia),Doces,34,7.0,2.0,0
2025-09-03,Brigadeiro,Doces,101,3.0,0.9,0
2025-09-03,Coxinha,Salgados,116,7.5,2.3,0
2025-09-03,Croissant,Pães,68,7.0,2.4,0
2025-09-03,Empada de frango,Salgados,48,7.0,2.2,0
2025-09-03,Esfiha de carne,Salgados,73,6.5,2.0,0
2025-09-03,Misto quente,Lanches,73,9.0,3.0,0
2025-09-03,Pudim (fatia),Doces,32,10.0,3.2,0
2025-09-03,Pão de batata,Salgados,46,6.0,1.8,0
2025-09-03,Pão de forma caseiro,Pães,29,12.0,4.5,0
2025-09-03,Pão de queijo,Pães,201,3.5,1.1,0
2025-09-03,Pão francês,Pães,955,0.9,0.3,0
2025-09-03,Pão na chapa,Lanches,112,6.0,1.5,0
2025-09-03,Sanduíche natural,Lanches,41,14.0,5.5,0
2025-09-03,Sonho,Doces,44,6.0,1.9,0
2025-09-03,Suco de laranja natural,Bebidas,64,9.0,3.0,0
2025-09-03,Torta de limão (fatia),Doces,28,11.0,3.5,0
2025-09-04,Baguete,Pães,35,6.8,2.6,1
2025-09-04,Bolo de cenoura (fatia),Doces,41,7.0,2.0,0
2025-09-04,Brigadeiro,Doces,103,3.0,0.9,0
2025-09-04,Coxinha,Salgados,98,7.5,2.3,0
2025-09-04,Croissant,Pães,70,7.0,2.4,0
2025-09-04,Empada de frango,Salgados,70,7.0,2.2,0
2025-09-04,Esfiha de carne,Salgados,99,6.5,2.0,0
2025-09-04,Misto quente,Lanches,75,9.0,3.0,0
2025-09-04,Pudim (fatia),Doces,51,10.0,3.2,0
2025-09-04,Pão de batata,Salgados,118,6.0,1.8,0
2025-09-04,Pão de forma caseiro,Pães,14,12.0,4.5,0
2025-09-04,Pão de queijo,Pães,243,3.5,1.1,0
2025-09-04,Pão francês,Pães,899,0.9,0.3,0
2025-09-04,Pão na chapa,Lanches,165,6.0,1.5,0
2025-09-04,Sanduíche natural,Lanches,58,14.0,5.5,0
2025-09-04,Sonho,Doces,55,6.0,1.9,0
2025-09-04,Suco de laranja natural,Bebidas,51,9.0,3.0,0
2025-09-04,Torta de limão (fatia),Doces,17,11.0,3.5,0
2025-09-05,Baguete,Pães,50,8.0,2.6,0
2025-09-05,Bolo de cenoura (fatia),Doces,64,7.0,2.0,0
2025-09-05,Brigadeiro,Doces,164,3.0,0.9,0
2025-09-05,Coxinha,Salgados,107,7.5,2.3,0
2025-09-05,Croissant,Pães,78,7.0,2.4,0
2025-09-05,Empada de frango,Salgados,51,7.0,2.2,0
2025-09-05,Esfiha de carne,Salgados,82,6.5,2.0,0
2025-09-05,Misto quente,Lanches,31,9.0,3.0,0
2025-09-05,Pudim (fatia),Doces,40,10.0,3.2,0
2025-09-05,Pão de batata,Salgados,82,6.0,1.8,0
2025-09-05,Pão de forma caseiro,Pães,22,12.0,4.5,0
2025-09-05,Pão de queijo,Pães,244,3.5,1.1,0
2025-09-05,Pão francês,Pães,833,0.9,0.3,0
2025-09-05,Pão na chapa,Lanches,113,6.0,1.5,0
2025-09-05,Sanduíche natural,Lanches,29,14.0,5.5,0
2025-09-05,Sonho,Doces,103,6.0,1.9,0
2025-09-05,Suco de laranja natural,Bebidas,77,9.0,3.0,0
2025-09-05,Torta de limão (fatia),Doces,25,11.0,3.5,0
2025-09-06,Baguete,Pães,49,8.0,2.6,0
2025-09-06,Bolo de cenoura (fatia),Doces,46,7.0,2.0,0
2025-09-06,Brigadeiro,Doces,142,3.0,0.9,0
2025-09-06,Coxinha,Salgados,98,7.5,2.3,0
2025-09-06,Croissant,Pães,87,7.0,2.4,0
2025-09-06,Empada de frango,Salgados,38,7.0,2.2,0
2025-09-06,Esfiha de carne,Salgados,97,6.5,2.0,0
2025-09-06,Misto quente,Lanches,54,9.0,3.0,0
2025-09-06,Pudim (fatia),Doces,20,10.0,3.2,0
2025-09-06,Pão de batata,Salgados,96,6.0,1.8,0
2025-09-06,Pão de forma caseiro,Pães,35,12.0,4.5,0
2025-09-06,Pão de queijo,Pães,216,3.5,1.1,0
2025-09-06,Pão francês,Pães,1345,0.9,0.3,0
2025-09-06,Pão na chapa,Lanches,142,6.0,1.5,0
2025-09-06,Sanduíche natural,Lanches,50,14.0,5.5,0
2025-09-06,Sonho,Doces,78,6.0,1.9,0
2025-09-06,Suco de laranja natural,Bebidas,125,9.0,3.0,0
2025-09-06,Torta de limão (fatia),Doces,59,11.0,3.5,0
2025-09-07,Baguete,Pães,74,8.0,2.6,0
2025-09-07,Bolo de cenoura (fatia),Doces,72,7.0,2.0,0
2025-09-07,Brigadeiro,Doces,208,3.0,0.9,0
2025-09-07,Coxinha,Salgados,105,7.5,2.3,0
2025-09-07,Croissant,Pães,129,7.0,2.4,0
2025-09-07,Empada de frango,Salgados,53,7.0,2.2,0
2025-09-07,Esfiha de carne,Salgados,66,6.5,2.0,0
2025-09-07,Misto quente,Lanches,51,9.0,3.0,0
2025-09-07,Pudim (fatia),Doces,25,10.0,3.2,0
2025-09-07,Pão de batata,Salgados,35,6.0,1.8,0
2025-09-07,Pão de forma caseiro,Pães,45,12.0,4.5,0
2025-09-07,Pão de queijo,Pães,287,3.5,1.1,0
2025-09-07,Pão francês,Pães,1187,0.9,0.3,0
2025-09-07,Pão na chapa,Lanches,233,6.0,1.5,0
2025-09-07,Sanduíche natural,Lanches,17,14.0,5.5,0
2025-09-07,Sonho,Doces,110,6.0,1.9,0
2025-09-07,Suco de laranja natural,Bebidas,129,9.0,3.0,0
2025-09-07,Torta de limão (fatia),Doces,41,11.0,3.5,0
2025-09-08,Baguete,Pães,26,8.0,2.6,0
2025-09-08,Bolo de cenoura (fatia),Doces,48,7.0,2.0,0
2025-09-08,Brigadeiro,Doces,73,3.0,0.9,0
2025-09-08,Coxinha,Salgados,124,7.5,2.3,0
2025-09-08,Croissant,Pães,44,7.0,2.4,0
2025-09-08,Empada de frango,Salgados,56,7.0,2.2,0
2025-09-08,Esfiha de carne,Salgados,89,6.5,2.0,0
2025-09-08,Misto quente,Lanches,89,9.0,3.0,0
2025-09-08,Pudim (fatia),Doces,29,10.0,3.2,0
2025-09-08,Pão de batata,Salgados,120,6.0,1.8,0
2025-09-08,Pão de forma caseiro,Pães,61,12.0,4.5,0
2025-09-08,Pão de queijo,Pães,200,3.5,1.1,0
2025-09-08,Pão francês,Pães,1392,0.9,0.3,0
2025-09-08,Pão na chapa,Lanches,137,6.0,1.5,0
2025-09-08,Sanduíche natural,Lanches,73,14.0,5.5,0
2025-09-08,Sonho,Doces,39,6.0,1.9,0
2025-09-08,Suco de laranja natural,Bebidas,99,9.0,3.0,0
2025-09-08,Torta de limão (fatia),Doces,46,11.0,3.5,0
2025-09-09,Baguete,Pães,35,8.0,2.6,0
2025-09-09,Bolo de cenoura (fatia),Doces,75,5.95,2.0,1
2025-09-09,Brigadeiro,Doces,71,3.0,0.9,0
2025-09-09,Coxinha,Salgados,131,7.5,2.3,0
2025-09-09,Croissant,Pães,56,7.0,2.4,0
2025-09-09,Empada de frango,Salgados,67,7.0,2.2,0
2025-09-09,Esfiha de carne,Salgados,42,6.5,2.0,0
2025-09-09,Misto quente,Lanches,47,9.0,3.0,0
2025-09-09,Pudim (fatia),Doces,26,10.0,3.2,0
2025-09-09,Pão de batata,Salgados,72,6.0,1.8,0
2025-09-09,Pão de forma caseiro,Pães,9,12.0,4.5,0
2025-09-09,Pão de queijo,Pães,166,3.5,1.1,0
2025-09-09,Pão francês,Pães,965,0.9,0.3,0
2025-09-09,Pão na chapa,Lanches,113,6.0,1.5,0
2025-09-09,Sanduíche natural,Lanches,61,14.0,5.5,0
2025-09-09,Sonho,Doces,41,6.0,1.9,0
2025-09-09,Suco de laranja natural,Bebidas,66,9.0,3.0,0
2025-09-09,Torta de limão (fatia),Doces,54,11.0,3.5,0
2025-09-10,Baguete,Pães,45,8.0,2.6,0
2025-09-10,Bolo de cenoura (fatia),Doces,61,7.0,2.0,0
2025-09-10,Brigadeiro,Doces,82,3.0,0.9,0
2025-09-10,Coxinha,Salgados,127,7.5,2.3,0
2025-09-10,Croissant,Pães,65,7.0,2.4,0
2025-09-10,Empada de frango,Salgados,48,7.0,2.2,0
2025-09-10,Esfiha de carne,Salgados,72,6.5,2.0,0
2025-09-10,Misto quente,Lanches,57,9.0,3.0,0
2025-09-10,Pudim (fatia),Doces,15,10.0,3.2,0
2025-09-10,Pão de batata,Salgados,40,6.0,1.8,0
2025-09-10,Pão de forma caseiro,Pães,34,12.0,4.5,0
2025-09-10,Pão de queijo,Pães,230,3.5,1.1,0
2025-09-10,Pão francês,Pães,957,0.9,0.3,0
2025-09-10,Pão na chapa,Lanches,140,6.0,1.5,0
2025-09-10,Sanduíche natural,Lanches,61,14.0,5.5,0
2025-09-10,Sonho,Doces,35,6.0,1.9,0
2025-09-10,Suco de laranja natural,Bebidas,85,7.65,3.0,1
2025-09-10,Torta de limão (fatia),Doces,53,11.0,3.5,0
2025-09-11,Baguete,Pães,33,8.0,2.6,0
2025-09-11,Bolo de cenoura (fatia),Doces,32,7.0,2.0,0
2025-09-11,Brigadeiro,Doces,52,3.0,0.9,0
2025-09-11,Coxinha,Salgados,188,7.5,2.3,0
2025-09-11,Croissant,Pães,48,7.0,2.4,0
2025-09-11,Empada de frango,Salgados,59,7.0,2.2,0
2025-09-11,Esfiha de carne,Salgados,91,6.5,2.0,0
2025-09-11,Misto quente,Lanches,89,9.0,3.0,0
2025-09-11,Pudim (fatia),Doces,22,10.0,3.2,0
2025-09-11,Pão de batata,Salgados,58,6.0,1.8,0
2025-09-11,Pão de forma caseiro,Pães,7,12.0,4.5,0
2025-09-11,Pão de queijo,Pães,120,3.5,1.1,0
2025-09-11,Pão francês,Pães,448,0.9,0.3,0
2025-09-11,Pão na chapa,Lanches,131,6.0,1.5,0
2025-09-11,Sanduíche natural,Lanches,29,14.0,5.5,0
2025-09-11,Sonho,Doces,34,6.0,1.9,0
2025-09-11,Suco de laranja natural,Bebidas,80,7.65,3.0,1
2025-09-11,Torta de limão (fatia),Doces,23,11.0,3.5,0
2025-09-12,Baguete,Pães,24,8.0,2.6,0
2025-09-12,Bolo de cenoura (fatia),Doces,43,7.0,2.0,0
2025-09-12,Brigadeiro,Doces,72,3.0,0.9,0
2025-09-12,Coxinha,Salgados,129,7.5,2.3,0
2025-09-12,Croissant,Pães,60,7.0,2.4,0
2025-09-12,Empada de frango,Salgados,63,7.0,2.2,0
2025-09-12,Esfiha de carne,Salgados,78,6.5,2.0,0
2025-09-12,Misto quente,Lanches,120,9.0,3.0,0
2025-09-12,Pudim (fatia),Doces,34,10.0,3.2,0
2025-09-12,Pão de batata,Salgados,73,6.0,1.8,0
2025-09-12,Pão de forma caseiro,Pães,6,12.0,4.5,0
2025-09-12,Pão de queijo,Pães,253,3.5,1.1,0
2025-09-12,Pão francês,Pães,1320,0.9,0.3,0
2025-09-12,Pão na chapa,Lanches,117,6.0,1.5,0
2025-09-12,Sanduíche natural,Lanches,51,14.0,5.5,0
2025-09-12,Sonho,Doces,57,6.0,1.9,0
2025-09-12,Suco de laranja natural,Bebidas,96,9.0,3.0,0
2025-09-12,Torta de limão (fatia),Doces,43,11.0,3.5,0
2025-09-13,Baguete,Pães,55,8.0,2.6,0
2025-09-13,Bolo de cenoura (fatia),Doces,68,7.0,2.0,0
2025-09-13,Brigadeiro,Doces,133,3.0,0.9,0
2025-09-13,Coxinha,Salgados,94,7.5,2.3,0
2025-09-13,Croissant,Pães,117,7.0,2.4,0
2025-09-13,Empada de frango,Salgados,52,7.0,2.2,0
2025-09-13,Esfiha de carne,Salgados,55,6.5,2.0,0
2025-09-13,Misto quente,Lanches,60,9.0,3.0,0
2025-09-13,Pudim (fatia),Doces,15,10.0,3.2,0
2025-09-13,Pão de batata,Salgados,77,6.0,1.8,0
2025-09-13,Pão de forma caseiro,Pães,26,12.0,4.5,0
2025-09-13,Pão de queijo,Pães,277,3.5,1.1,0
2025-09-13,Pão francês,Pães,1996,0.9,0.3,0
2025-09-13,Pão na chapa,Lanches,217,6.0,1.5,0
2025-09-13,Sanduíche natural,Lanches,24,14.0,5.5,0
2025-09-13,Sonho,Doces,64,6.0,1.9,0
2025-09-13,Suco de laranja natural,Bebidas,79,9.0,3.0,0
2025-09-13,Torta de limão (fatia),Doces,50,11.0,3.5,0
2025-09-14,Baguete,Pães,84,8.0,2.6,0
2025-09-14,Bolo de cenoura (fatia),Doces,101,7.0,2.0,0
2025-09-14,Brigadeiro,Doces,232,3.0,0.9,0
2025-09-14,Coxinha,Salgados,80,7.5,2.3,0
2025-09-14,Croissant,Pães,55,7.0,2.4,0
2025-09-14,Empada de frango,Salgados,45,7.0,2.2,0
2025-09-14,Esfiha de carne,Salgados,104,6.5,2.0,0
2025-09-14,Misto quente,Lanches,31,9.0,3.0,0
2025-09-14,Pudim (fatia),Doces,31,10.0,3.2,0
2025-09-14,Pão de batata,Salgados,49,6.0,1.8,0
2025-09-14,Pão de forma caseiro,Pães,43,12.0,4.5,0
2025-09-14,Pão de queijo,Pães,183,3.5,1.1,0
2025-09-14,Pão francês,Pães,998,0.9,0.3,0
2025-09-14,Pão na chapa,Lanches,177,6.0,1.5,0
2025-09-14,Sanduíche natural,Lanches,49,14.0,5.5,0
2025-09-14,Sonho,Doces,102,6.0,1.9,0
2025-09-14,Suco de laranja natural,Bebidas,118,9.0,3.0,0
2025-09-14,Torta de limão (fatia),Doces,33,11.0,3.5,0
2025-09-15,Baguete,Pães,36,8.0,2.6,0
2025-09-15,Bolo de cenoura (fatia),Doces,60,7.0,2.0,0
2025-09-15,Brigadeiro,Doces,70,3.0,0.9,0
2025-09-15,Coxinha,Salgados,153,7.5,2.3,0
2025-09-15,Croissant,Pães,66,7.0,2.4,0
2025-09-15,Empada de frango,Salgados,69,7.0,2.2,0
2025-09-15,Esfiha de carne,Salgados,65,6.5,2.0,0
2025-09-15,Misto quente,Lanches,62,9.0,3.0,0
2025-09-15,Pudim (fatia),Doces,28,10.0,3.2,0
2025-09-15,Pão de batata,Salgados,121,6.0,1.8,0
2025-09-15,Pão de forma caseiro,Pães,22,12.0,4.5,0
2025-09-15,Pão de queijo,Pães,224,3.5,1.1,0
2025-09-15,Pão francês,Pães,946,0.9,0.3,0
2025-09-15,Pão na chapa,Lanches,96,6.0,1.5,0
2025-09-15,Sanduíche natural,Lanches,88,14.0,5.5,0
2025-09-15,Sonho,Doces,22,6.0,1.9,0
2025-09-15,Suco de laranja natural,Bebidas,59,9.0,3.0,0
2025-09-15,Torta de limão (fatia),Doces,12,11.0,3.5,0
2025-09-16,Baguete,Pães,45,8.0,2.6,0
2025-09-16,Bolo de cenoura (fatia),Doces,35,7.0,2.0,0
2025-09-16,Brigadeiro,Doces,46,3.0,0.9,0
2025-09-16,Coxinha,Salgados,183,7.5,2.3,0
2025-09-16,Croissant,Pães,51,7.0,2.4,0
2025-09-16,Empada de frango,Salgados,48,7.0,2.2,0
2025-09-16,Esfiha de carne,Salgados,62,6.5,2.0,0
2025-09-16,Misto quente,Lanches,61,9.0,3.0,0
2025-09-16,Pudim (fatia),Doces,19,10.0,3.2,0
2025-09-16,Pão de batata,Salgados,78,6.0,1.8,0
2025-09-16,Pão de forma caseiro,Pães,20,12.0,4.5,0
2025-09-16,Pão de queijo,Pães,196,3.5,1.1,0
2025-09-16,Pão francês,Pães,836,0.9,0.3,0
2025-09-16,Pão na chapa,Lanches,101,6.0,1.5,0
2025-09-16,Sanduíche natural,Lanches,42,14.0,5.5,0
2025-09-16,Sonho,Doces,64,6.0,1.9,0
2025-09-16,Suco de laranja natural,Bebidas,93,9.0,3.0,0
2025-09-16,Torta de limão (fatia),Doces,15,11.0,3.5,0
2025-09-17,Baguete,Pães,37,8.0,2.6,0
2025-09-17,Bolo de cenoura (fatia),Doces,39,7.0,2.0,0
2025-09-17,Brigadeiro,Doces,87,3.0,0.9,0
2025-09-17,Coxinha,Salgados,146,7.5,2.3,0
2025-09-17,Croissant,Pães,68,7.0,2.4,0
2025-09-17,Empada de frango,Salgados,56,7.0,2.2,0
2025-09-17,Esfiha de carne,Salgados,59,6.5,2.0,0
2025-09-17,Misto quente,Lanches,59,9.0,3.0,0
2025-09-17,Pudim (fatia),Doces,27,10.0,3.2,0
2025-09-17,Pão de batata,Salgados,89,6.0,1.8,0
2025-09-17,Pão de forma caseiro,Pães,26,12.0,4.5,0
2025-09-17,Pão de queijo,Pães,208,3.5,1.1,0
2025-09-17,Pão francês,Pães,824,0.9,0.3,0
2025-09-17,Pão na chapa,Lanches,153,6.0,1.5,0
2025-09-17,Sanduíche natural,Lanches,40,14.0,5.5,0
2025-09-17,Sonho,Doces,41,6.0,1.9,0
2025-09-17,Suco de laranja natural,Bebidas,54,9.0,3.0,0
2025-09-17,Torta de limão (fatia),Doces,40,11.0,3.5,0
2025-09-18,Baguete,Pães,27,8.0,2.6,0
2025-09-18,Bolo de cenoura (fatia),Doces,69,7.0,2.0,0
2025-09-18,Brigadeiro,Doces,104,3.0,0.9,0
2025-09-18,Coxinha,Salgados,159,7.5,2.3,0
2025-09-18,Croissant,Pães,77,7.0,2.4,0
2025-09-18,Empada de frango,Salgados,53,7.0,2.2,0
2025-09-18,Esfiha de carne,Salgados,68,6.5,2.0,0
2025-09-18,Misto quente,Lanches,121,9.0,3.0,0
2025-09-18,Pudim (fatia),Doces,32,10.0,3.2,0
2025-09-18,Pão de batata,Salgados,71,6.0,1.8,0
2025-09-18,Pão de forma caseiro,Pães,37,12.0,4.5,0
2025-09-18,Pão de queijo,Pães,203,3.5,1.1,0
2025-09-18,Pão francês,Pães,1182,0.76,0.3,1
2025-09-18,Pão na chapa,Lanches,74,6.0,1.5,0
2025-09-18,Sanduíche natural,Lanches,45,14.0,5.5,0
2025-09-18,Sonho,Doces,61,6.0,1.9,0
2025-09-18,Suco de laranja natural,Bebidas,105,9.0,3.0,0
2025-09-18,Torta de limão (fatia),Doces,39,11.0,3.5,0
2025-09-19,Baguete,Pães,41,8.0,2.6,0
2025-09-19,Bolo de cenoura (fatia),Doces,37,7.0,2.0,0
2025-09-19,Brigadeiro,Doces,96,3.0,0.9,0
2025-09-19,Coxinha,Salgados,141,7.5,2.3,0
2025-09-19,Croissant,Pães,65,7.0,2.4,0
2025-09-19,Empada de frango,Salgados,59,7.0,2.2,0
2025-09-19,Esfiha de carne,Salgados,74,6.5,2.0,0
2025-09-19,Misto quente,Lanches,112,9.0,3.0,0
2025-09-19,Pudim (fatia),Doces,25,10.0,3.2,0
2025-09-19,Pão de batata,Salgados,60,6.0,1.8,0
2025-09-19,Pão de forma caseiro,Pães,18,12.0,4.5,0
2025-09-19,Pão de queijo,Pães,189,3.5,1.1,0
2025-09-19,Pão francês,Pães,946,0.9,0.3,0
2025-09-19,Pão na chapa,Lanches,112,6.0,1.5,0
2025-09-19,Sanduíche natural,Lanches,51,14.0,5.5,0
2025-09-19,Sonho,Doces,27,6.0,1.9,0
2025-09-19,Suco de laranja natural,Bebidas,26,9.0,3.0,0
2025-09-19,Torta de limão (fatia),Doces,19,11.0,3.5,0
2025-09-20,Baguete,Pães,45,8.0,2.6,0
2025-09-20,Bolo de cenoura (fatia),Doces,126,7.0,2.0,0
2025-09-20,Brigadeiro,Doces,104,3.0,0.9,0
2025-09-20,Coxinha,Salgados,89,7.5,2.3,0
2025-09-20,Croissant,Pães,90,7.0,2.4,0
2025-09-20,Empada de frango,Salgados,47,5.95,2.2,1
2025-09-20,Esfiha de carne,Salgados,113,6.5,2.0,0
2025-09-20,Misto quente,Lanches,77,9.0,3.0,0
2025-09-20,Pudim (fatia),Doces,33,8.5,3.2,1
2025-09-20,Pão de batata,Salgados,74,6.0,1.8,0
2025-09-20,Pão de forma caseiro,Pães,35,12.0,4.5,0
2025-09-20,Pão de queijo,Pães,270,3.5,1.1,0
2025-09-20,Pão francês,Pães,1243,0.9,0.3,0
2025-09-20,Pão na chapa,Lanches,148,6.0,1.5,0
2025-09-20,Sanduíche natural,Lanches,65,14.0,5.5,0
2025-09-20,Sonho,Doces,86,6.0,1.9,0
2025-09-20,Suco de laranja natural,Bebidas,84,9.0,3.0,0
2025-09-20,Torta de limão (fatia),Doces,50,11.0,3.5,0
2025-09-21,Baguete,Pães,72,8.0,2.6,0
2025-09-21,Bolo de cenoura (fatia),Doces,95,7.0,2.0,0
2025-09-21,Brigadeiro,Doces,207,3.0,0.9,0
2025-09-21,Coxinha,Salgados,88,7.5,2.3,0
2025-09-21,Croissant,Pães,85,7.0,2.4,0
2025-09-21,Empada de frango,Salgados,50,7.0,2.2,0
2025-09-21,Esfiha de carne,Salgados,50,6.5,2.0,0
2025-09-21,Misto quente,Lanches,52,9.0,3.0,0
2025-09-21,Pudim (fatia),Doces,46,10.0,3.2,0
2025-09-21,Pão de batata,Salgados,21,6.0,1.8,0
2025-09-21,Pão de forma caseiro,Pães,51,12.0,4.5,0
2025-09-21,Pão de queijo,Pães,368,3.5,1.1,0
2025-09-21,Pão francês,Pães,1005,0.9,0.3,0
2025-09-21,Pão na chapa,Lanches,113,6.0,1.5,0
2025-09-21,Sanduíche natural,Lanches,57,14.0,5.5,0
2025-09-21,Sonho,Doces,124,6.0,1.9,0
2025-09-21,Suco de laranja natural,Bebidas,88,9.0,3.0,0
2025-09-21,Torta de limão (fatia),Doces,25,11.0,3.5,0
2025-09-22,Baguete,Pães,66,8.0,2.6,0
2025-09-22,Bolo de cenoura (fatia),Doces,52,7.0,2.0,0
2025-09-22,Brigadeiro,Doces,72,3.0,0.9,0
2025-09-22,Coxinha,Salgados,86,7.5,2.3,0
2025-09-22,Croissant,Pães,83,7.0,2.4,0
2025-09-22,Empada de frango,Salgados,74,7.0,2.2,0
2025-09-22,Esfiha de carne,Salgados,93,6.5,2.0,0
2025-09-22,Misto quente,Lanches,67,9.0,3.0,0
2025-09-22,Pudim (fatia),Doces,20,10.0,3.2,0
2025-09-22,Pão de batata,Salgados,100,6.0,1.8,0
2025-09-22,Pão de forma caseiro,Pães,47,12.0,4.5,0
2025-09-22,Pão de queijo,Pães,236,3.5,1.1,0
2025-09-22,Pão francês,Pães,729,0.9,0.3,0
2025-09-22,Pão na chapa,Lanches,131,6.0,1.5,0
2025-09-22,Sanduíche natural,Lanches,52,14.0,5.5,0
2025-09-22,Sonho,Doces,45,6.0,1.9,0
2025-09-22,Suco de laranja natural,Bebidas,60,9.0,3.0,0
2025-09-22,Torta de limão (fatia),Doces,21,11.0,3.5,0
2025-09-23,Baguete,Pães,41,8.0,2.6,0
2025-09-23,Bolo de cenoura (fatia),Doces,47,7.0,2.0,0
2025-09-23,Brigadeiro,Doces,72,3.0,0.9,0
2025-09-23,Coxinha,Salgados,170,7.5,2.3,0
2025-09-23,Croissant,Pães,70,7.0,2.4,0
2025-09-23,Empada de frango,Salgados,33,7.0,2.2,0
2025-09-23,Esfiha de carne,Salgados,63,6.5,2.0,0
2025-09-23,Misto quente,Lanches,64,9.0,3.0,0
2025-09-23,Pudim (fatia),Doces,23,10.0,3.2,0
2025-09-23,Pão de batata,Salgados,75,6.0,1.8,0
2025-09-23,Pão de forma caseiro,Pães,7,12.0,4.5,0
2025-09-23,Pão de queijo,Pães,240,3.5,1.1,0
2025-09-23,Pão francês,Pães,1495,0.9,0.3,0
2025-09-23,Pão na chapa,Lanches,91,6.0,1.5,0
2025-09-23,Sanduíche natural,Lanches,54,14.0,5.5,0
2025-09-23,Sonho,Doces,38,6.0,1.9,0
2025-09-23,Suco de laranja natural,Bebidas,61,9.0,3.0,0
2025-09-23,Torta de limão (fatia),Doces,9,11.0,3.5,0
2025-09-24,Baguete,Pães,32,8.0,2.6,0
2025-09-24,Bolo de cenoura (fatia),Doces,35,7.0,2.0,0
2025-09-24,Brigadeiro,Doces,40,3.0,0.9,0
2025-09-24,Coxinha,Salgados,233,6.38,2.3,1
2025-09-24,Croissant,Pães,68,7.0,2.4,0
2025-09-24,Empada de frango,Salgados,60,7.0,2.2,0
2025-09-24,Esfiha de carne,Salgados,114,6.5,2.0,0
2025-09-24,Misto quente,Lanches,43,9.0,3.0,0
2025-09-24,Pudim (fatia),Doces,25,8.5,3.2,1
2025-09-24,Pão de batata,Salgados,99,6.0,1.8,0
2025-09-24,Pão de forma caseiro,Pães,13,12.0,4.5,0
2025-09-24,Pão de queijo,Pães,246,3.5,1.1,0
2025-09-24,Pão francês,Pães,1176,0.9,0.3,0
2025-09-24,Pão na chapa,Lanches,140,6.0,1.5,0
2025-09-24,Sanduíche natural,Lanches,59,14.0,5.5,0
2025-09-24,Sonho,Doces,58,6.0,1.9,0
2025-09-24,Suco de laranja natural,Bebidas,112,9.0,3.0,0
2025-09-24,Torta de limão (fatia),Doces,22,11.0,3.5,0
2025-09-25,Baguete,Pães,49,8.0,2.6,0
2025-09-25,Bolo de cenoura (fatia),Doces,42,7.0,2.0,0
2025-09-25,Brigadeiro,Doces,62,3.0,0.9,0
2025-09-25,Coxinha,Salgados,178,7.5,2.3,0
2025-09-25,Croissant,Pães,46,7.0,2.4,0
2025-09-25,Empada de frango,Salgados,53,7.0,2.2,0
2025-09-25,Esfiha de carne,Salgados,129,6.5,2.0,0
2025-09-25,Misto quente,Lanches,75,9.0,3.0,0
2025-09-25,Pudim (fatia),Doces,30,10.0,3.2,0
2025-09-25,Pão de batata,Salgados,71,6.0,1.8,0
2025-09-25,Pão de forma caseiro,Pães,26,12.0,4.5,0
2025-09-25,Pão de queijo,Pães,129,3.5,1.1,0
2025-09-25,Pão francês,Pães,538,0.9,0.3,0
2025-09-25,Pão na chapa,Lanches,156,6.0,1.5,0
2025-09-25,Sanduíche natural,Lanches,46,14.0,5.5,0
2025-09-25,Sonho,Doces,39,6.0,1.9,0
2025-09-25,Suco de laranja natural,Bebidas,55,9.0,3.0,0
2025-09-25,Torta de limão (fatia),Doces,27,11.0,3.5,0
2025-09-26,Baguete,Pães,33,8.0,2.6,0
2025-09-26,Bolo de cenoura (fatia),Doces,84,7.0,2.0,0
2025-09-26,Brigadeiro,Doces,124,3.0,0.9,0
2025-09-26,Coxinha,Salgados,220,7.5,2.3,0
2025-09-26,Croissant,Pães,64,7.0,2.4,0
2025-09-26,Empada de frango,Salgados,122,7.0,2.2,0
2025-09-26,Esfiha de carne,Salgados,114,6.5,2.0,0
2025-09-26,Misto quente,Lanches,104,9.0,3.0,0
2025-09-26,Pudim (fatia),Doces,40,10.0,3.2,0
2025-09-26,Pão de batata,Salgados,95,5.1,1.8,1
2025-09-26,Pão de forma caseiro,Pães,41,12.0,4.5,0
2025-09-26,Pão de queijo,Pães,211,3.5,1.1,0
2025-09-26,Pão francês,Pães,986,0.9,0.3,0
2025-09-26,Pão na chapa,Lanches,110,6.0,1.5,0
2025-09-26,Sanduíche natural,Lanches,92,14.0,5.5,0
2025-09-26,Sonho,Doces,93,6.0,1.9,0
2025-09-26,Suco de laranja natural,Bebidas,74,9.0,3.0,0
2025-09-26,Torta de limão (fatia),Doces,63,9.35,3.5,1
2025-09-27,Baguete,Pães,51,8.0,2.6,0
2025-09-27,Bolo de cenoura (fatia),Doces,75,7.0,2.0,0
2025-09-27,Brigadeiro,Doces,111,3.0,0.9,0
2025-09-27,Coxinha,Salgados,82,7.5,2.3,0
2025-09-27,Croissant,Pães,76,5.95,2.4,1
2025-09-27,Empada de frango,Salgados,54,7.0,2.2,0
2025-09-27,Esfiha de carne,Salgados,33,6.5,2.0,0
2025-09-27,Misto quente,Lanches,69,9.0,3.0,0
2025-09-27,Pudim (fatia),Doces,24,10.0,3.2,0
2025-09-27,Pão de batata,Salgados,50,6.0,1.8,0
2025-09-27,Pão de forma caseiro,Pães,50,12.0,4.5,0
2025-09-27,Pão de queijo,Pães,241,3.5,1.1,0
2025-09-27,Pão francês,Pães,1282,0.9,0.3,0
2025-09-27,Pão na chapa,Lanches,164,6.0,1.5,0
2025-09-27,Sanduíche natural,Lanches,45,14.0,5.5,0
2025-09-27,Sonho,Doces,49,6.0,1.9,0
2025-09-27,Suco de laranja natural,Bebidas,147,9.0,3.0,0
2025-09-27,Torta de limão (fatia),Doces,37,11.0,3.5,0
2025-09-28,Baguete,Pães,61,8.0,2.6,0
2025-09-28,Bolo de cenoura (fatia),Doces,71,7.0,2.0,0
2025-09-28,Brigadeiro,Doces,150,3.0,0.9,0
2025-09-28,Coxinha,Salgados,141,7.5,2.3,0
2025-09-28,Croissant,Pães,98,7.0,2.4,0
2025-09-28,Empada de frango,Salgados,40,7.0,2.2,0
2025-09-28,Esfiha de carne,Salgados,47,6.5,2.0,0
2025-09-28,Misto quente,Lanches,33,9.0,3.0,0
2025-09-28,Pudim (fatia),Doces,55,10.0,3.2,0
2025-09-28,Pão de batata,Salgados,73,6.0,1.8,0
2025-09-28,Pão de forma caseiro,Pães,37,12.0,4.5,0
2025-09-28,Pão de queijo,Pães,230,3.5,1.1,0
2025-09-28,Pão francês,Pães,1530,0.9,0.3,0
2025-09-28,Pão na chapa,Lanches,147,6.0,1.5,0
2025-09-28,Sanduíche natural,Lanches,24,14.0,5.5,0
2025-09-28,Sonho,Doces,71,6.0,1.9,0
2025-09-28,Suco de laranja natural,Bebidas,97,9.0,3.0,0
2025-09-28,Torta de limão (fatia),Doces,71,11.0,3.5,0
2025-09-29,Baguete,Pães,42,8.0,2.6,0
2025-09-29,Bolo de cenoura (fatia),Doces,35,7.0,2.0,0
2025-09-29,Brigadeiro,Doces,54,3.0,0.9,0
2025-09-29,Coxinha,Salgados,158,7.5,2.3,0
2025-09-29,Croissant,Pães,65,7.0,2.4,0
2025-09-29,Empada de frango,Salgados,67,7.0,2.2,0
2025-09-29,Esfiha de carne,Salgados,80,6.5,2.0,0
2025-09-29,Misto quente,Lanches,73,9.0,3.0,0
2025-09-29,Pudim (fatia),Doces,29,10.0,3.2,0
2025-09-29,Pão de batata,Salgados,70,6.0,1.8,0
2025-09-29,Pão de forma caseiro,Pães,23,12.0,4.5,0
2025-09-29,Pão de queijo,Pães,189,3.5,1.1,0
2025-09-29,Pão francês,Pães,1057,0.9,0.3,0
2025-09-29,Pão na chapa,Lanches,92,6.0,1.5,0
2025-09-29,Sanduíche natural,Lanches,53,14.0,5.5,0
2025-09-29,Sonho,Doces,89,6.0,1.9,0
2025-09-29,Suco de laranja natural,Bebidas,46,9.0,3.0,0
2025-09-29,Torta de limão (fatia),Doces,31,11.0,3.5,0
2025-09-30,Baguete,Pães,22,8.0,2.6,0
2025-09-30,Bolo de cenoura (fatia),Doces,43,7.0,2.0,0
2025-09-30,Brigadeiro,Doces,114,3.0,0.9,0
2025-09-30,Coxinha,Salgados,184,6.38,2.3,1
2025-09-30,Croissant,Pães,71,7.0,2.4,0
2025-09-30,Empada de frango,Salgados,38,7.0,2.2,0
2025-09-30,Esfiha de carne,Salgados,68,6.5,2.0,0
2025-09-30,Misto quente,Lanches,91,9.0,3.0,0
2025-09-30,Pudim (fatia),Doces,42,8.5,3.2,1
2025-09-30,Pão de batata,Salgados,51,6.0,1.8,0
2025-09-30,Pão de forma caseiro,Pães,21,12.0,4.5,0
2025-09-30,Pão de queijo,Pães,205,3.5,1.1,0
2025-09-30,Pão francês,Pães,725,0.9,0.3,0
2025-09-30,Pão na chapa,Lanches,76,6.0,1.5,0
2025-09-30,Sanduíche natural,Lanches,51,14.0,5.5,0
2025-09-30,Sonho,Doces,37,6.0,1.9,0
2025-09-30,Suco de laranja natural,Bebidas,65,9.0,3.0,0
2025-09-30,Torta de limão (fatia),Doces,34,11.0,3.5,0
2025-10-01,Baguete,Pães,25,6.8,2.6,1
2025-10-01,Bolo de cenoura (fatia),Doces,59,7.0,2.0,0
2025-10-01,Brigadeiro,Doces,60,3.0,0.9,0
2025-10-01,Coxinha,Salgados,138,7.5,2.3,0
2025-10-01,Croissant,Pães,42,7.0,2.4,0
2025-10-01,Empada de frango,Salgados,43,7.0,2.2,0
2025-10-01,Esfiha de carne,Salgados,121,6.5,2.0,0
2025-10-01,Misto quente,Lanches,53,9.0,3.0,0
2025-10-01,Pudim (fatia),Doces,20,10.0,3.2,0
2025-10-01,Pão de batata,Salgados,68,6.0,1.8,0
2025-10-01,Pão de forma caseiro,Pães,18,12.0,4.5,0
2025-10-01,Pão de queijo,Pães,138,3.5,1.1,0
2025-10-01,Pão francês,Pães,1020,0.9,0.3,0
2025-10-01,Pão na chapa,Lanches,142,6.0,1.5,0
2025-10-01,Sanduíche natural,Lanches,45,11.9,5.5,1
2025-10-01,Sonho,Doces,26,6.0,1.9,0
2025-10-01,Suco de laranja natural,Bebidas,88,9.0,3.0,0
2025-10-01,Torta de limão (fatia),Doces,14,11.0,3.5,0
2025-10-02,Baguete,Pães,28,8.0,2.6,0
2025-10-02,Bolo de cenoura (fatia),Doces,38,7.0,2.0,0
2025-10-02,Brigadeiro,Doces,129,3.0,0.9,0
2025-10-02,Coxinha,Salgados,104,7.5,2.3,0
2025-10-02,Croissant,Pães,113,7.0,2.4,0
2025-10-02,Empada de frango,Salgados,69,7.0,2.2,0
2025-10-02,Esfiha de carne,Salgados,111,6.5,2.0,0
2025-10-02,Misto quente,Lanches,60,9.0,3.0,0
2025-10-02,Pudim (fatia),Doces,33,10.0,3.2,0
2025-10-02,Pão de batata,Salgados,63,6.0,1.8,0
2025-10-02,Pão de forma caseiro,Pães,23,12.0,4.5,0
2025-10-02,Pão de queijo,Pães,219,3.5,1.1,0
2025-10-02,Pão francês,Pães,1048,0.9,0.3,0
2025-10-02,Pão na chapa,Lanches,139,6.0,1.5,0
2025-10-02,Sanduíche natural,Lanches,29,14.0,5.5,0
2025-10-02,Sonho,Doces,61,6.0,1.9,0
2025-10-02,Suco de laranja natural,Bebidas,43,9.0,3.0,0
2025-10-02,Torta de limão (fatia),Doces,20,11.0,3.5,0
2025-10-03,Baguete,Pães,64,8.0,2.6,0
2025-10-03,Bolo de cenoura (fatia),Doces,74,7.0,2.0,0
2025-10-03,Brigadeiro,Doces,117,3.0,0.9,0
2025-10-03,Coxinha,Salgados,127,7.5,2.3,0
2025-10-03,Croissant,Pães,38,7.0,2.4,0
2025-10-03,Empada de frango,Salgados,92,7.0,2.2,0
2025-10-03,Esfiha de carne,Salgados,111,6.5,2.0,0
2025-10-03,Misto quente,Lanches,57,9.0,3.0,0
2025-10-03,Pudim (fatia),Doces,28,10.0,3.2,0
2025-10-03,Pão de batata,Salgados,74,6.0,1.8,0
2025-10-03,Pão de forma caseiro,Pães,39,12.0,4.5,0
2025-10-03,Pão de queijo,Pães,180,3.5,1.1,0
2025-10-03,Pão francês,Pães,586,0.9,0.3,0
2025-10-03,Pão na chapa,Lanches,97,6.0,1.5,0
2025-10-03,Sanduíche natural,Lanches,56,14.0,5.5,0
2025-10-03,Sonho,Doces,70,6.0,1.9,0
2025-10-03,Suco de laranja natural,Bebidas,107,9.0,3.0,0
2025-10-03,Torta de limão (fatia),Doces,48,11.0,3.5,0
2025-10-04,Baguete,Pães,76,8.0,2.6,0
2025-10-04,Bolo de cenoura (fatia),Doces,51,7.0,2.0,0
2025-10-04,Brigadeiro,Doces,157,3.0,0.9,0
2025-10-04,Coxinha,Salgados,115,7.5,2.3,0
2025-10-04,Croissant,Pães,64,7.0,2.4,0
2025-10-04,Empada de frango,Salgados,53,7.0,2.2,0
2025-10-04,Esfiha de carne,Salgados,104,6.5,2.0,0
2025-10-04,Misto quente,Lanches,51,9.0,3.0,0
2025-10-04,Pudim (fatia),Doces,33,10.0,3.2,0
2025-10-04,Pão de batata,Salgados,88,6.0,1.8,0
2025-10-04,Pão de forma caseiro,Pães,29,12.0,4.5,0
2025-10-04,Pão de queijo,Pães,153,3.5,1.1,0
2025-10-04,Pão francês,Pães,860,0.9,0.3,0
2025-10-04,Pão na chapa,Lanches,140,6.0,1.5,0
2025-10-04,Sanduíche natural,Lanches,53,14.0,5.5,0
2025-10-04,Sonho,Doces,92,6.0,1.9,0
2025-10-04,Suco de laranja natural,Bebidas,74,9.0,3.0,0
2025-10-04,Torta de limão (fatia),Doces,41,11.0,3.5,0
2025-10-05,Baguete,Pães,83,8.0,2.6,0
2025-10-05,Bolo de cenoura (fatia),Doces,60,7.0,2.0,0
2025-10-05,Brigadeiro,Doces,223,3.0,0.9,0
2025-10-05,Coxinha,Salgados,112,7.5,2.3,0
2025-10-05,Croissant,Pães,105,7.0,2.4,0
2025-10-05,Empada de frango,Salgados,57,7.0,2.2,0
2025-10-05,Esfiha de carne,Salgados,56,6.5,2.0,0
2025-10-05,Misto quente,Lanches,71,9.0,3.0,0
2025-10-05,Pudim (fatia),Doces,67,10.0,3.2,0
2025-10-05,Pão de batata,Salgados,30,6.0,1.8,0
2025-10-05,Pão de forma caseiro,Pães,37,12.0,4.5,0
2025-10-05,Pão de queijo,Pães,272,3.5,1.1,0
2025-10-05,Pão francês,Pães,1448,0.9,0.3,0
2025-10-05,Pão na chapa,Lanches,181,6.0,1.5,0
2025-10-05,Sanduíche natural,Lanches,42,11.9,5.5,1
2025-10-05,Sonho,Doces,47,6.0,1.9,0
2025-10-05,Suco de laranja natural,Bebidas,99,9.0,3.0,0
2025-10-05,Torta de limão (fatia),Doces,66,11.0,3.5,0
2025-10-06,Baguete,Pães,32,8.0,2.6,0
2025-10-06,Bolo de cenoura (fatia),Doces,46,7.0,2.0,0
2025-10-06,Brigadeiro,Doces,77,3.0,0.9,0
2025-10-06,Coxinha,Salgados,213,7.5,2.3,0
2025-10-06,Croissant,Pães,122,7.0,2.4,0
2025-10-06,Empada de frango,Salgados,73,7.0,2.2,0
2025-10-06,Esfiha de carne,Salgados,141,5.52,2.0,1
2025-10-06,Misto quente,Lanches,102,9.0,3.0,0
2025-10-06,Pudim (fatia),Doces,32,10.0,3.2,0
2025-10-06,Pão de batata,Salgados,119,6.0,1.8,0
2025-10-06,Pão de forma caseiro,Pães,21,12.0,4.5,0
2025-10-06,Pão de queijo,Pães,247,3.5,1.1,0
2025-10-06,Pão francês,Pães,1075,0.9,0.3,0
2025-10-06,Pão na chapa,Lanches,94,6.0,1.5,0
2025-10-06,Sanduíche natural,Lanches,34,14.0,5.5,0
2025-10-06,Sonho,Doces,59,6.0,1.9,0
2025-10-06,Suco de laranja natural,Bebidas,47,9.0,3.0,0
2025-10-06,Torta de limão (fatia),Doces,32,11.0,3.5,0
2025-10-07,Baguete,Pães,31,8.0,2.6,0
2025-10-07,Bolo de cenoura (fatia),Doces,56,7.0,2.0,0
2025-10-07,Brigadeiro,Doces,49,3.0,0.9,0
2025-10-07,Coxinha,Salgados,142,7.5,2.3,0
2025-10-07,Croissant,Pães,85,7.0,2.4,0
2025-10-07,Empada de frango,Salgados,111,7.0,2.2,0
2025-10-07,Esfiha de carne,Salgados,71,6.5,2.0,0
2025-10-07,Misto quente,Lanches,128,9.0,3.0,0
2025-10-07,Pudim (fatia),Doces,17,10.0,3.2,0
2025-10-07,Pão de batata,Salgados,56,6.0,1.8,0
2025-10-07,Pão de forma caseiro,Pães,43,12.0,4.5,0
2025-10-07,Pão de queijo,Pães,208,3.5,1.1,0
2025-10-07,Pão francês,Pães,824,0.9,0.3,0
2025-10-07,Pão na chapa,Lanches,174,6.0,1.5,0
2025-10-07,Sanduíche natural,Lanches,45,14.0,5.5,0
2025-10-07,Sonho,Doces,25,6.0,1.9,0
2025-10-07,Suco de laranja natural,Bebidas,71,9.0,3.0,0
2025-10-07,Torta de limão (fatia),Doces,13,11.0,3.5,0
2025-10-08,Baguete,Pães,55,8.0,2.6,0
2025-10-08,Bolo de cenoura (fatia),Doces,40,7.0,2.0,0
2025-10-08,Brigadeiro,Doces,93,3.0,0.9,0
2025-10-08,Coxinha,Salgados,148,7.5,2.3,0
2025-10-08,Croissant,Pães,60,7.0,2.4,0
2025-10-08,Empada de frango,Salgados,70,7.0,2.2,0
2025-10-08,Esfiha de carne,Salgados,76,6.5,2.0,0
2025-10-08,Misto quente,Lanches,57,9.0,3.0,0
2025-10-08,Pudim (fatia),Doces,33,10.0,3.2,0
2025-10-08,Pão de batata,Salgados,66,6.0,1.8,0
2025-10-08,Pão de forma caseiro,Pães,22,12.0,4.5,0
2025-10-08,Pão de queijo,Pães,184,3.5,1.1,0
2025-10-08,Pão francês,Pães,979,0.9,0.3,0
2025-10-08,Pão na chapa,Lanches,108,6.0,1.5,0
2025-10-08,Sanduíche natural,Lanches,62,14.0,5.5,0
2025-10-08,Sonho,Doces,33,6.0,1.9,0
2025-10-08,Suco de laranja natural,Bebidas,68,9.0,3.0,0
2025-10-08,Torta de limão (fatia),Doces,35,11.0,3.5,0
2025-10-09,Baguete,Pães,34,8.0,2.6,0
2025-10-09,Bolo de cenoura (fatia),Doces,31,7.0,2.0,0
2025-10-09,Brigadeiro,Doces,65,3.0,0.9,0
2025-10-09,Coxinha,Salgados,155,7.5,2.3,0
2025-10-09,Croissant,Pães,41,7.0,2.4,0
2025-10-09,Empada de frango,Salgados,53,7.0,2.2,0
2025-10-09,Esfiha de carne,Salgados,56,6.5,2.0,0
2025-10-09,Misto quente,Lanches,98,9.0,3.0,0
2025-10-09,Pudim (fatia),Doces,25,10.0,3.2,0
2025-10-09,Pão de batata,Salgados,112,6.0,1.8,0
2025-10-09,Pão de forma caseiro,Pães,22,12.0,4.5,0
2025-10-09,Pão de queijo,Pães,105,3.5,1.1,0
2025-10-09,Pão francês,Pães,908,0.9,0.3,0
2025-10-09,Pão na chapa,Lanches,139,6.0,1.5,0
2025-10-09,Sanduíche natural,Lanches,39,14.0,5.5,0
2025-10-09,Sonho,Doces,68,6.0,1.9,0
2025-10-09,Suco de laranja natural,Bebidas,53,9.0,3.0,0
2025-10-09,Torta de limão (fatia),Doces,36,11.0,3.5,0
2025-10-10,Baguete,Pães,37,8.0,2.6,0
2025-10-10,Bolo de cenoura (fatia),Doces,37,7.0,2.0,0
2025-10-10,Brigadeiro,Doces,82,3.0,0.9,0
2025-10-10,Coxinha,Salgados,159,7.5,2.3,0
2025-10-10,Croissant,Pães,67,7.0,2.4,0
2025-10-10,Empada de frango,Salgados,62,7.0,2.2,0
2025-10-10,Esfiha de carne,Salgados,87,6.5,2.0,0
2025-10-10,Misto quente,Lanches,61,9.0,3.0,0
2025-10-10,Pudim (fatia),Doces,13,10.0,3.2,0
2025-10-10,Pão de batata,Salgados,125,6.0,1.8,0
2025-10-10,Pão de forma caseiro,Pães,28,12.0,4.5,0
2025-10-10,Pão de queijo,Pães,175,3.5,1.1,0
2025-10-10,Pão francês,Pães,790,0.9,0.3,0
2025-10-10,Pão na chapa,Lanches,152,6.0,1.5,0
2025-10-10,Sanduíche natural,Lanches,43,14.0,5.5,0
2025-10-10,Sonho,Doces,46,6.0,1.9,0
2025-10-10,Suco de laranja natural,Bebidas,75,9.0,3.0,0
2025-10-10,Torta de limão (fatia),Doces,16,11.0,3.5,0
2025-10-11,Baguete,Pães,36,8.0,2.6,0
2025-10-11,Bolo de cenoura (fatia),Doces,60,7.0,2.0,0
2025-10-11,Brigadeiro,Doces,116,3.0,0.9,0
2025-10-11,Coxinha,Salgados,104,7.5,2.3,0
2025-10-11,Croissant,Pães,40,7.0,2.4,0
2025-10-11,Empada de frango,Salgados,65,7.0,2.2,0
2025-10-11,Esfiha de carne,Salgados,80,6.5,2.0,0
2025-10-11,Misto quente,Lanches,69,9.0,3.0,0
2025-10-11,Pudim (fatia),Doces,42,10.0,3.2,0
2025-10-11,Pão de batata,Salgados,64,6.0,1.8,0
2025-10-11,Pão de forma caseiro,Pães,30,12.0,4.5,0
2025-10-11,Pão de queijo,Pães,206,3.5,1.1,0
2025-10-11,Pão francês,Pães,1935,0.76,0.3,1
2025-10-11,Pão na chapa,Lanches,126,6.0,1.5,0
2025-10-11,Sanduíche natural,Lanches,52,14.0,5.5,0
2025-10-11,Sonho,Doces,58,6.0,1.9,0
2025-10-11,Suco de laranja natural,Bebidas,148,9.0,3.0,0
2025-10-11,Torta de limão (fatia),Doces,23,11.0,3.5,0
2025-10-12,Baguete,Pães,57,8.0,2.6,0
2025-10-12,Bolo de cenoura (fatia),Doces,79,7.0,2.0,0
2025-10-12,Brigadeiro,Doces,158,3.0,0.9,0
2025-10-12,Coxinha,Salgados,65,7.5,2.3,0
2025-10-12,Croissant,Pães,137,7.0,2.4,0
2025-10-12,Empada de frango,Salgados,50,7.0,2.2,0
2025-10-12,Esfiha de carne,Salgados,23,6.5,2.0,0
2025-10-12,Misto quente,Lanches,64,9.0,3.0,0
2025-10-12,Pudim (fatia),Doces,13,10.0,3.2,0
2025-10-12,Pão de batata,Salgados,58,6.0,1.8,0
2025-10-12,Pão de forma caseiro,Pães,66,12.0,4.5,0
2025-10-12,Pão de queijo,Pães,234,3.5,1.1,0
2025-10-12,Pão francês,Pães,1425,0.9,0.3,0
2025-10-12,Pão na chapa,Lanches,203,6.0,1.5,0
2025-10-12,Sanduíche natural,Lanches,37,14.0,5.5,0
2025-10-12,Sonho,Doces,41,6.0,1.9,0
2025-10-12,Suco de laranja natural,Bebidas,161,9.0,3.0,0
2025-10-12,Torta de limão (fatia),Doces,60,11.0,3.5,0
2025-10-13,Baguete,Pães,49,8.0,2.6,0
2025-10-13,Bolo de cenoura (fatia),Doces,19,7.0,2.0,0
2025-10-13,Brigadeiro,Doces,141,2.55,0.9,1
2025-10-13,Coxinha,Salgados,113,7.5,2.3,0
2025-10-13,Croissant,Pães,53,7.0,2.4,0
2025-10-13,Empada de frango,Salgados,62,7.0,2.2,0
2025-10-13,Esfiha de carne,Salgados,59,6.5,2.0,0
2025-10-13,Misto quente,Lanches,65,9.0,3.0,0
2025-10-13,Pudim (fatia),Doces,19,10.0,3.2,0
2025-10-13,Pão de batata,Salgados,74,6.0,1.8,0
2025-10-13,Pão de forma caseiro,Pães,22,12.0,4.5,0
2025-10-13,Pão de queijo,Pães,147,3.5,1.1,0
2025-10-13,Pão francês,Pães,813,0.9,0.3,0
2025-10-13,Pão na chapa,Lanches,157,6.0,1.5,0
2025-10-13,Sanduíche natural,Lanches,58,14.0,5.5,0
2025-10-13,Sonho,Doces,53,6.0,1.9,0
2025-10-13,Suco de laranja natural,Bebidas,65,9.0,3.0,0
2025-10-13,Torta de limão (fatia),Doces,38,11.0,3.5,0
2025-10-14,Baguete,Pães,28,8.0,2.6,0
2025-10-14,Bolo de cenoura (fatia),Doces,30,7.0,2.0,0
2025-10-14,Brigadeiro,Doces,102,3.0,0.9,0
2025-10-14,Coxinha,Salgados,167,6.38,2.3,1
2025-10-14,Croissant,Pães,65,7.0,2.4,0
2025-10-14,Empada de frango,Salgados,85,7.0,2.2,0
2025-10-14,Esfiha de carne,Salgados,62,6.5,2.0,0
2025-10-14,Misto quente,Lanches,63,9.0,3.0,0
2025-10-14,Pudim (fatia),Doces,9,10.0,3.2,0
2025-10-14,Pão de batata,Salgados,78,6.0,1.8,0
2025-10-14,Pão de forma caseiro,Pães,10,12.0,4.5,0
2025-10-14,Pão de queijo,Pães,221,3.5,1.1,0
2025-10-14,Pão francês,Pães,604,0.9,0.3,0
2025-10-14,Pão na chapa,Lanches,109,6.0,1.5,0
2025-10-14,Sanduíche natural,Lanches,36,14.0,5.5,0
2025-10-14,Sonho,Doces,43,6.0,1.9,0
2025-10-14,Suco de laranja natural,Bebidas,76,9.0,3.0,0
2025-10-14,Torta de limão (fatia),Doces,20,11.0,3.5,0
2025-10-15,Baguete,Pães,49,8.0,2.6,0
2025-10-15,Bolo de cenoura (fatia),Doces,59,7.0,2.0,0
2025-10-15,Brigadeiro,Doces,77,3.0,0.9,0
2025-10-15,Coxinha,Salgados,166,7.5,2.3,0
2025-10-15,Croissant,Pães,107,7.0,2.4,0
2025-10-15,Empada de frango,Salgados,91,7.0,2.2,0
2025-10-15,Esfiha de carne,Salgados,51,6.5,2.0,0
2025-10-15,Misto quente,Lanches,81,9.0,3.0,0
2025-10-15,Pudim (fatia),Doces,21,10.0,3.2,0
2025-10-15,Pão de batata,Salgados,74,6.0,1.8,0
2025-10-15,Pão de forma caseiro,Pães,37,12.0,4.5,0
2025-10-15,Pão de queijo,Pães,143,3.5,1.1,0
2025-10-15,Pão francês,Pães,914,0.9,0.3,0
2025-10-15,Pão na chapa,Lanches,100,6.0,1.5,0
2025-10-15,Sanduíche natural,Lanches,57,14.0,5.5,0
2025-10-15,Sonho,Doces,44,6.0,1.9,0
2025-10-15,Suco de laranja natural,Bebidas,103,9.0,3.0,0
2025-10-15,Torta de limão (fatia),Doces,25,11.0,3.5,0
2025-10-16,Baguete,Pães,45,8.0,2.6,0
2025-10-16,Bolo de cenoura (fatia),Doces,26,7.0,2.0,0
2025-10-16,Brigadeiro,Doces,60,3.0,0.9,0
2025-10-16,Coxinha,Salgados,117,7.5,2.3,0
2025-10-16,Croissant,Pães,64,7.0,2.4,0
2025-10-16,Empada de frango,Salgados,52,7.0,2.2,0
2025-10-16,Esfiha de carne,Salgados,97,6.5,2.0,0
2025-10-16,Misto quente,Lanches,44,9.0,3.0,0
2025-10-16,Pudim (fatia),Doces,29,10.0,3.2,0
2025-10-16,Pão de batata,Salgados,50,6.0,1.8,0
2025-10-16,Pão de forma caseiro,Pães,26,12.0,4.5,0
2025-10-16,Pão de queijo,Pães,158,3.5,1.1,0
2025-10-16,Pão francês,Pães,1169,0.76,0.3,1
2025-10-16,Pão na chapa,Lanches,158,6.0,1.5,0
2025-10-16,Sanduíche natural,Lanches,70,14.0,5.5,0
2025-10-16,Sonho,Doces,49,6.0,1.9,0
2025-10-16,Suco de laranja natural,Bebidas,121,7.65,3.0,1
2025-10-16,Torta de limão (fatia),Doces,20,11.0,3.5,0
2025-10-17,Baguete,Pães,33,8.0,2.6,0
2025-10-17,Bolo de cenoura (fatia),Doces,67,7.0,2.0,0
2025-10-17,Brigadeiro,Doces,77,3.0,0.9,0
2025-10-17,Coxinha,Salgados,120,7.5,2.3,0
2025-10-17,Croissant,Pães,72,7.0,2.4,0
2025-10-17,Empada de frango,Salgados,66,7.0,2.2,0
2025-10-17,Esfiha de carne,Salgados,71,6.5,2.0,0
2025-10-17,Misto quente,Lanches,86,9.0,3.0,0
2025-10-17,Pudim (fatia),Doces,19,10.0,3.2,0
2025-10-17,Pão de batata,Salgados,94,6.0,1.8,0
2025-10-17,Pão de forma caseiro,Pães,22,12.0,4.5,0
2025-10-17,Pão de queijo,Pães,167,3.5,1.1,0
2025-10-17,Pão francês,Pães,1200,0.9,0.3,0
2025-10-17,Pão na chapa,Lanches,112,6.0,1.5,0
2025-10-17,Sanduíche natural,Lanches,55,14.0,5.5,0
2025-10-17,Sonho,Doces,105,6.0,1.9,0
2025-10-17,Suco de laranja natural,Bebidas,62,9.0,3.0,0
2025-10-17,Torta de limão (fatia),Doces,27,11.0,3.5,0
2025-10-18,Baguete,Pães,73,8.0,2.6,0
2025-10-18,Bolo de cenoura (fatia),Doces,72,7.0,2.0,0
2025-10-18,Brigadeiro,Doces,146,3.0,0.9,0
2025-10-18,Coxinha,Salgados,150,7.5,2.3,0
2025-10-18,Croissant,Pães,37,7.0,2.4,0
2025-10-18,Empada de frango,Salgados,44,7.0,2.2,0
2025-10-18,Esfiha de carne,Salgados,79,6.5,2.0,0
2025-10-18,Misto quente,Lanches,62,9.0,3.0,0
2025-10-18,Pudim (fatia),Doces,13,10.0,3.2,0
2025-10-18,Pão de batata,Salgados,48,6.0,1.8,0
2025-10-18,Pão de forma caseiro,Pães,32,12.0,4.5,0
2025-10-18,Pão de queijo,Pães,290,3.5,1.1,0
2025-10-18,Pão francês,Pães,1300,0.9,0.3,0
2025-10-18,Pão na chapa,Lanches,212,5.1,1.5,1
2025-10-18,Sanduíche natural,Lanches,39,14.0,5.5,0
2025-10-18,Sonho,Doces,109,6.0,1.9,0
2025-10-18,Suco de laranja natural,Bebidas,89,9.0,3.0,0
2025-10-18,Torta de limão (fatia),Doces,28,11.0,3.5,0
2025-10-19,Baguete,Pães,73,8.0,2.6,0
2025-10-19,Bolo de cenoura (fatia),Doces,68,7.0,2.0,0
2025-10-19,Brigadeiro,Doces,187,3.0,0.9,0
2025-10-19,Coxinha,Salgados,76,7.5,2.3,0
2025-10-19,Croissant,Pães,100,7.0,2.4,0
2025-10-19,Empada de frango,Salgados,64,7.0,2.2,0
2025-10-19,Esfiha de carne,Salgados,69,6.5,2.0,0
2025-10-19,Misto quente,Lanches,64,9.0,3.0,0
2025-10-19,Pudim (fatia),Doces,39,10.0,3.2,0
2025-10-19,Pão de batata,Salgados,58,6.0,1.8,0
2025-10-19,Pão de forma caseiro,Pães,46,12.0,4.5,0
2025-10-19,Pão de queijo,Pães,404,2.98,1.1,1
2025-10-19,Pão francês,Pães,1436,0.9,0.3,0
2025-10-19,Pão na chapa,Lanches,210,6.0,1.5,0
2025-10-19,Sanduíche natural,Lanches,44,14.0,5.5,0
2025-10-19,Sonho,Doces,83,6.0,1.9,0
2025-10-19,Suco de laranja natural,Bebidas,66,9.0,3.0,0
2025-10-19,Torta de limão (fatia),Doces,59,11.0,3.5,0
2025-10-20,Baguete,Pães,36,8.0,2.6,0
2025-10-20,Bolo de cenoura (fatia),Doces,54,7.0,2.0,0
2025-10-20,Brigadeiro,Doces,50,3.0,0.9,0
2025-10-20,Coxinha,Salgados,136,7.5,2.3,0
2025-10-20,Croissant,Pães,53,7.0,2.4,0
2025-10-20,Empada de frango,Salgados,93,5.95,2.2,1
2025-10-20,Esfiha de carne,Salgados,55,6.5,2.0,0
2025-10-20,Misto quente,Lanches,62,9.0,3.0,0
2025-10-20,Pudim (fatia),Doces,36,10.0,3.2,0
2025-10-20,Pão de batata,Salgados,61,6.0,1.8,0
2025-10-20,Pão de forma caseiro,Pães,40,12.0,4.5,0
2025-10-20,Pão de queijo,Pães,185,3.5,1.1,0
2025-10-20,Pão francês,Pães,983,0.9,0.3,0
2025-10-20,Pão na chapa,Lanches,120,6.0,1.5,0
2025-10-20,Sanduíche natural,Lanches,64,14.0,5.5,0
2025-10-20,Sonho,Doces,59,6.0,1.9,0
2025-10-20,Suco de laranja natural,Bebidas,76,9.0,3.0,0
2025-10-20,Torta de limão (fatia),Doces,26,11.0,3.5,0
2025-10-21,Baguete,Pães,36,8.0,2.6,0
2025-10-21,Bolo de cenoura (fatia),Doces,29,7.0,2.0,0
2025-10-21,Brigadeiro,Doces,74,3.0,0.9,0
2025-10-21,Coxinha,Salgados,126,7.5,2.3,0
2025-10-21,Croissant,Pães,36,7.0,2.4,0
2025-10-21,Empada de frango,Salgados,38,7.0,2.2,0
2025-10-21,Esfiha de carne,Salgados,81,5.52,2.0,1
2025-10-21,Misto quente,Lanches,86,9.0,3.0,0
2025-10-21,Pudim (fatia),Doces,37,10.0,3.2,0
2025-10-21,Pão de batata,Salgados,85,6.0,1.8,0
2025-10-21,Pão de forma caseiro,Pães,44,12.0,4.5,0
2025-10-21,Pão de queijo,Pães,193,3.5,1.1,0
2025-10-21,Pão francês,Pães,1125,0.9,0.3,0
2025-10-21,Pão na chapa,Lanches,144,6.0,1.5,0
2025-10-21,Sanduíche natural,Lanches,37,14.0,5.5,0
2025-10-21,Sonho,Doces,23,6.0,1.9,0
2025-10-21,Suco de laranja natural,Bebidas,58,9.0,3.0,0
2025-10-21,Torta de limão (fatia),Doces,28,11.0,3.5,0
2025-10-22,Baguete,Pães,67,8.0,2.6,0
2025-10-22,Bolo de cenoura (fatia),Doces,32,7.0,2.0,0
2025-10-22,Brigadeiro,Doces,131,3.0,0.9,0
2025-10-22,Coxinha,Salgados,88,7.5,2.3,0
2025-10-22,Croissant,Pães,66,7.0,2.4,0
2025-10-22,Empada de frango,Salgados,78,7.0,2.2,0
2025-10-22,Esfiha de carne,Salgados,73,6.5,2.0,0
2025-10-22,Misto quente,Lanches,56,9.0,3.0,0
2025-10-22,Pudim (fatia),Doces,15,10.0,3.2,0
2025-10-22,Pão de batata,Salgados,108,6.0,1.8,0
2025-10-22,Pão de forma caseiro,Pães,14,12.0,4.5,0
2025-10-22,Pão de queijo,Pães,239,3.5,1.1,0
2025-10-22,Pão francês,Pães,905,0.9,0.3,0
2025-10-22,Pão na chapa,Lanches,60,6.0,1.5,0
2025-10-22,Sanduíche natural,Lanches,42,14.0,5.5,0
2025-10-22,Sonho,Doces,84,6.0,1.9,0
2025-10-22,Suco de laranja natural,Bebidas,19,9.0,3.0,0
2025-10-22,Torta de limão (fatia),Doces,23,11.0,3.5,0
2025-10-23,Baguete,Pães,60,8.0,2.6,0
2025-10-23,Bolo de cenoura (fatia),Doces,26,7.0,2.0,0
2025-10-23,Brigadeiro,Doces,46,3.0,0.9,0
2025-10-23,Coxinha,Salgados,139,7.5,2.3,0
2025-10-23,Croissant,Pães,71,7.0,2.4,0
2025-10-23,Empada de frango,Salgados,109,7.0,2.2,0
2025-10-23,Esfiha de carne,Salgados,67,6.5,2.0,0
2025-10-23,Misto quente,Lanches,35,9.0,3.0,0
2025-10-23,Pudim (fatia),Doces,22,10.0,3.2,0
2025-10-23,Pão de batata,Salgados,74,6.0,1.8,0
2025-10-23,Pão de forma caseiro,Pães,29,12.0,4.5,0
2025-10-23,Pão de queijo,Pães,158,3.5,1.1,0
2025-10-23,Pão francês,Pães,924,0.9,0.3,0
2025-10-23,Pão na chapa,Lanches,124,6.0,1.5,0
2025-10-23,Sanduíche natural,Lanches,71,14.0,5.5,0
2025-10-23,Sonho,Doces,25,6.0,1.9,0
2025-10-23,Suco de laranja natural,Bebidas,32,9.0,3.0,0
2025-10-23,Torta de limão (fatia),Doces,19,11.0,3.5,0
2025-10-24,Baguete,Pães,45,8.0,2.6,0
2025-10-24,Bolo de cenoura (fatia),Doces,52,7.0,2.0,0
2025-10-24,Brigadeiro,Doces,97,3.0,0.9,0
2025-10-24,Coxinha,Salgados,185,7.5,2.3,0
2025-10-24,Croissant,Pães,118,7.0,2.4,0
2025-10-24,Empada de frango,Salgados,31,7.0,2.2,0
2025-10-24,Esfiha de carne,Salgados,81,6.5,2.0,0
2025-10-24,Misto quente,Lanches,58,9.0,3.0,0
2025-10-24,Pudim (fatia),Doces,16,10.0,3.2,0
2025-10-24,Pão de batata,Salgados,103,6.0,1.8,0
2025-10-24,Pão de forma caseiro,Pães,25,12.0,4.5,0
2025-10-24,Pão de queijo,Pães,175,3.5,1.1,0
2025-10-24,Pão francês,Pães,1130,0.9,0.3,0
2025-10-24,Pão na chapa,Lanches,129,6.0,1.5,0
2025-10-24,Sanduíche natural,Lanches,30,14.0,5.5,0
2025-10-24,Sonho,Doces,72,6.0,1.9,0
2025-10-24,Suco de laranja natural,Bebidas,105,9.0,3.0,0
2025-10-24,Torta de limão (fatia),Doces,16,11.0,3.5,0
2025-10-25,Baguete,Pães,54,8.0,2.6,0
2025-10-25,Bolo de cenoura (fatia),Doces,50,7.0,2.0,0
2025-10-25,Brigadeiro,Doces,104,3.0,0.9,0
2025-10-25,Coxinha,Salgados,81,7.5,2.3,0
2025-10-25,Croissant,Pães,61,7.0,2.4,0
2025-10-25,Empada de frango,Salgados,48,7.0,2.2,0
2025-10-25,Esfiha de carne,Salgados,95,6.5,2.0,0
2025-10-25,Misto quente,Lanches,115,7.65,3.0,1
2025-10-25,Pudim (fatia),Doces,48,10.0,3.2,0
2025-10-25,Pão de batata,Salgados,70,6.0,1.8,0
2025-10-25,Pão de forma caseiro,Pães,38,12.0,4.5,0
2025-10-25,Pão de queijo,Pães,257,3.5,1.1,0
2025-10-25,Pão francês,Pães,1102,0.9,0.3,0
2025-10-25,Pão na chapa,Lanches,118,6.0,1.5,0
2025-10-25,Sanduíche natural,Lanches,61,14.0,5.5,0
2025-10-25,Sonho,Doces,70,6.0,1.9,0
2025-10-25,Suco de laranja natural,Bebidas,111,9.0,3.0,0
2025-10-25,Torta de limão (fatia),Doces,45,11.0,3.5,0
2025-10-26,Baguete,Pães,21,8.0,2.6,0
2025-10-26,Bolo de cenoura (fatia),Doces,55,7.0,2.0,0
2025-10-26,Brigadeiro,Doces,100,3.0,0.9,0
2025-10-26,Coxinha,Salgados,106,7.5,2.3,0
2025-10-26,Croissant,Pães,111,7.0,2.4,0
2025-10-26,Empada de frango,Salgados,23,7.0,2.2,0
2025-10-26,Esfiha de carne,Salgados,36,6.5,2.0,0
2025-10-26,Misto quente,Lanches,52,9.0,3.0,0
2025-10-26,Pudim (fatia),Doces,35,10.0,3.2,0
2025-10-26,Pão de batata,Salgados,61,6.0,1.8,0
2025-10-26,Pão de forma caseiro,Pães,24,12.0,4.5,0
2025-10-26,Pão de queijo,Pães,230,3.5,1.1,0
2025-10-26,Pão francês,Pães,1518,0.9,0.3,0
2025-10-26,Pão na chapa,Lanches,173,6.0,1.5,0
2025-10-26,Sanduíche natural,Lanches,38,11.9,5.5,1
2025-10-26,Sonho,Doces,55,6.0,1.9,0
2025-10-26,Suco de laranja natural,Bebidas,74,9.0,3.0,0
2025-10-26,Torta de limão (fatia),Doces,34,11.0,3.5,0
2025-10-27,Baguete,Pães,46,8.0,2.6,0
2025-10-27,Bolo de cenoura (fatia),Doces,43,7.0,2.0,0
2025-10-27,Brigadeiro,Doces,90,2.55,0.9,1
2025-10-27,Coxinha,Salgados,112,7.5,2.3,0
2025-10-27,Croissant,Pães,47,7.0,2.4,0
2025-10-27,Empada de frango,Salgados,76,7.0,2.2,0
2025-10-27,Esfiha de carne,Salgados,88,6.5,2.0,0
2025-10-27,Misto quente,Lanches,66,9.0,3.0,0
2025-10-27,Pudim (fatia),Doces,19,10.0,3.2,0
2025-10-27,Pão de batata,Salgados,64,6.0,1.8,0
2025-10-27,Pão de forma caseiro,Pães,17,12.0,4.5,0
2025-10-27,Pão de queijo,Pães,111,3.5,1.1,0
2025-10-27,Pão francês,Pães,982,0.9,0.3,0
2025-10-27,Pão na chapa,Lanches,113,6.0,1.5,0
2025-10-27,Sanduíche natural,Lanches,54,14.0,5.5,0
2025-10-27,Sonho,Doces,41,6.0,1.9,0
2025-10-27,Suco de laranja natural,Bebidas,44,9.0,3.0,0
2025-10-27,Torta de limão (fatia),Doces,40,9.35,3.5,1
2025-10-28,Baguete,Pães,49,8.0,2.6,0
2025-10-28,Bolo de cenoura (fatia),Doces,39,7.0,2.0,0
2025-10-28,Brigadeiro,Doces,74,3.0,0.9,0
2025-10-28,Coxinha,Salgados,113,7.5,2.3,0
2025-10-28,Croissant,Pães,97,7.0,2.4,0
2025-10-28,Empada de frango,Salgados,51,7.0,2.2,0
2025-10-28,Esfiha de carne,Salgados,64,6.5,2.0,0
2025-10-28,Misto quente,Lanches,44,9.0,3.0,0
2025-10-28,Pudim (fatia),Doces,26,10.0,3.2,0
2025-10-28,Pão de batata,Salgados,107,6.0,1.8,0
2025-10-28,Pão de forma caseiro,Pães,7,12.0,4.5,0
2025-10-28,Pão de queijo,Pães,152,3.5,1.1,0
2025-10-28,Pão francês,Pães,1013,0.9,0.3,0
2025-10-28,Pão na chapa,Lanches,134,6.0,1.5,0
2025-10-28,Sanduíche natural,Lanches,48,14.0,5.5,0
2025-10-28,Sonho,Doces,53,6.0,1.9,0
2025-10-28,Suco de laranja natural,Bebidas,110,9.0,3.0,0
2025-10-28,Torta de limão (fatia),Doces,36,11.0,3.5,0
2025-10-29,Baguete,Pães,55,8.0,2.6,0
2025-10-29,Bolo de cenoura (fatia),Doces,27,7.0,2.0,0
2025-10-29,Brigadeiro,Doces,109,3.0,0.9,0
2025-10-29,Coxinha,Salgados,262,6.38,2.3,1
2025-10-29,Croissant,Pães,78,7.0,2.4,0
2025-10-29,Empada de frango,Salgados,120,7.0,2.2,0
2025-10-29,Esfiha de carne,Salgados,107,6.5,2.0,0
2025-10-29,Misto quente,Lanches,96,9.0,3.0,0
2025-10-29,Pudim (fatia),Doces,23,10.0,3.2,0
2025-10-29,Pão de batata,Salgados,112,6.0,1.8,0
2025-10-29,Pão de forma caseiro,Pães,15,12.0,4.5,0
2025-10-29,Pão de queijo,Pães,155,3.5,1.1,0
2025-10-29,Pão francês,Pães,827,0.9,0.3,0
2025-10-29,Pão na chapa,Lanches,131,6.0,1.5,0
2025-10-29,Sanduíche natural,Lanches,62,14.0,5.5,0
2025-10-29,Sonho,Doces,71,6.0,1.9,0
2025-10-29,Suco de laranja natural,Bebidas,137,9.0,3.0,0
2025-10-29,Torta de limão (fatia),Doces,14,11.0,3.5,0
2025-10-30,Baguete,Pães,59,8.0,2.6,0
2025-10-30,Bolo de cenoura (fatia),Doces,51,7.0,2.0,0
2025-10-30,Brigadeiro,Doces,66,3.0,0.9,0
2025-10-30,Coxinha,Salgados,165,7.5,2.3,0
2025-10-30,Croissant,Pães,43,7.0,2.4,0
2025-10-30,Empada de frango,Salgados,51,7.0,2.2,0
2025-10-30,Esfiha de carne,Salgados,56,6.5,2.0,0
2025-10-30,Misto quente,Lanches,69,9.0,3.0,0
2025-10-30,Pudim (fatia),Doces,23,10.0,3.2,0
2025-10-30,Pão de batata,Salgados,49,6.0,1.8,0
2025-10-30,Pão de forma caseiro,Pães,17,12.0,4.5,0
2025-10-30,Pão de queijo,Pães,193,3.5,1.1,0
2025-10-30,Pão francês,Pães,1141,0.9,0.3,0
2025-10-30,Pão na chapa,Lanches,102,6.0,1.5,0
2025-10-30,Sanduíche natural,Lanches,55,14.0,5.5,0
2025-10-30,Sonho,Doces,32,6.0,1.9,0
2025-10-30,Suco de laranja natural,Bebidas,48,9.0,3.0,0
2025-10-30,Torta de limão (fatia),Doces,15,11.0,3.5,0
2025-10-31,Baguete,Pães,35,8.0,2.6,0
2025-10-31,Bolo de cenoura (fatia),Doces,63,7.0,2.0,0
2025-10-31,Brigadeiro,Doces,155,2.55,0.9,1
2025-10-31,Coxinha,Salgados,121,7.5,2.3,0
2025-10-31,Croissant,Pães,62,7.0,2.4,0
2025-10-31,Empada de frango,Salgados,42,7.0,2.2,0
2025-10-31,Esfiha de carne,Salgados,149,6.5,2.0,0
2025-10-31,Misto quente,Lanches,87,9.0,3.0,0
2025-10-31,Pudim (fatia),Doces,31,10.0,3.2,0
2025-10-31,Pão de batata,Salgados,74,6.0,1.8,0
2025-10-31,Pão de forma caseiro,Pães,25,12.0,4.5,0
2025-10-31,Pão de queijo,Pães,212,3.5,1.1,0
2025-10-31,Pão francês,Pães,1093,0.9,0.3,0
2025-10-31,Pão na chapa,Lanches,175,6.0,1.5,0
2025-10-31,Sanduíche natural,Lanches,32,14.0,5.5,0
2025-10-31,Sonho,Doces,67,6.0,1.9,0
2025-10-31,Suco de laranja natural,Bebidas,123,9.0,3.0,0
2025-10-31,Torta de limão (fatia),Doces,54,11.0,3.5,0
2025-11-01,Baguete,Pães,59,8.0,2.6,0
2025-11-01,Bolo de cenoura (fatia),Doces,72,7.0,2.0,0
2025-11-01,Brigadeiro,Doces,186,3.0,0.9,0
2025-11-01,Coxinha,Salgados,125,7.5,2.3,0
2025-11-01,Croissant,Pães,100,7.0,2.4,0
2025-11-01,Empada de frango,Salgados,64,7.0,2.2,0
2025-11-01,Esfiha de carne,Salgados,47,6.5,2.0,0
2025-11-01,Misto quente,Lanches,101,9.0,3.0,0
2025-11-01,Pudim (fatia),Doces,29,10.0,3.2,0
2025-11-01,Pão de batata,Salgados,37,6.0,1.8,0
2025-11-01,Pão de forma caseiro,Pães,16,12.0,4.5,0
2025-11-01,Pão de queijo,Pães,197,3.5,1.1,0
2025-11-01,Pão francês,Pães,1248,0.9,0.3,0
2025-11-01,Pão na chapa,Lanches,247,5.1,1.5,1
2025-11-01,Sanduíche natural,Lanches,49,14.0,5.5,0
2025-11-01,Sonho,Doces,65,6.0,1.9,0
2025-11-01,Suco de laranja natural,Bebidas,101,9.0,3.0,0
2025-11-01,Torta de limão (fatia),Doces,34,11.0,3.5,0
2025-11-02,Baguete,Pães,41,8.0,2.6,0
2025-11-02,Bolo de cenoura (fatia),Doces,86,7.0,2.0,0
2025-11-02,Brigadeiro,Doces,96,3.0,0.9,0
2025-11-02,Coxinha,Salgados,63,7.5,2.3,0
2025-11-02,Croissant,Pães,48,7.0,2.4,0
2025-11-02,Empada de frango,Salgados,33,7.0,2.2,0
2025-11-02,Esfiha de carne,Salgados,87,6.5,2.0,0
2025-11-02,Misto quente,Lanches,72,9.0,3.0,0
2025-11-02,Pudim (fatia),Doces,25,10.0,3.2,0
2025-11-02,Pão de batata,Salgados,39,6.0,1.8,0
2025-11-02,Pão de forma caseiro,Pães,45,12.0,4.5,0
2025-11-02,Pão de queijo,Pães,303,3.5,1.1,0
2025-11-02,Pão francês,Pães,840,0.9,0.3,0
2025-11-02,Pão na chapa,Lanches,159,6.0,1.5,0
2025-11-02,Sanduíche natural,Lanches,25,14.0,5.5,0
2025-11-02,Sonho,Doces,99,6.0,1.9,0
2025-11-02,Suco de laranja natural,Bebidas,129,9.0,3.0,0
2025-11-02,Torta de limão (fatia),Doces,30,11.0,3.5,0
2025-11-03,Baguete,Pães,26,8.0,2.6,0
2025-11-03,Bolo de cenoura (fatia),Doces,50,7.0,2.0,0
2025-11-03,Brigadeiro,Doces,52,3.0,0.9,0
2025-11-03,Coxinha,Salgados,161,7.5,2.3,0
2025-11-03,Croissant,Pães,85,7.0,2.4,0
2025-11-03,Empada de frango,Salgados,128,7.0,2.2,0
2025-11-03,Esfiha de carne,Salgados,139,6.5,2.0,0
2025-11-03,Misto quente,Lanches,88,9.0,3.0,0
2025-11-03,Pudim (fatia),Doces,20,10.0,3.2,0
2025-11-03,Pão de batata,Salgados,87,6.0,1.8,0
2025-11-03,Pão de forma caseiro,Pães,19,12.0,4.5,0
2025-11-03,Pão de queijo,Pães,198,3.5,1.1,0
2025-11-03,Pão francês,Pães,792,0.9,0.3,0
2025-11-03,Pão na chapa,Lanches,98,6.0,1.5,0
2025-11-03,Sanduíche natural,Lanches,26,14.0,5.5,0
2025-11-03,Sonho,Doces,53,6.0,1.9,0
2025-11-03,Suco de laranja natural,Bebidas,82,9.0,3.0,0
2025-11-03,Torta de limão (fatia),Doces,24,11.0,3.5,0
2025-11-04,Baguete,Pães,50,8.0,2.6,0
2025-11-04,Bolo de cenoura (fatia),Doces,82,7.0,2.0,0
2025-11-04,Brigadeiro,Doces,90,3.0,0.9,0
2025-11-04,Coxinha,Salgados,118,7.5,2.3,0
2025-11-04,Croissant,Pães,51,7.0,2.4,0
2025-11-04,Empada de frango,Salgados,69,7.0,2.2,0
2025-11-04,Esfiha de carne,Salgados,76,6.5,2.0,0
2025-11-04,Misto quente,Lanches,74,9.0,3.0,0
2025-11-04,Pudim (fatia),Doces,32,10.0,3.2,0
2025-11-04,Pão de batata,Salgados,115,5.1,1.8,1
2025-11-04,Pão de forma caseiro,Pães,7,12.0,4.5,0
2025-11-04,Pão de queijo,Pães,256,3.5,1.1,0
2025-11-04,Pão francês,Pães,930,0.9,0.3,0
2025-11-04,Pão na chapa,Lanches,112,6.0,1.5,0
2025-11-04,Sanduíche natural,Lanches,57,14.0,5.5,0
2025-11-04,Sonho,Doces,55,6.0,1.9,0
2025-11-04,Suco de laranja natural,Bebidas,57,9.0,3.0,0
2025-11-04,Torta de limão (fatia),Doces,33,11.0,3.5,0
2025-11-05,Baguete,Pães,33,8.0,2.6,0
2025-11-05,Bolo de cenoura (fatia),Doces,86,7.0,2.0,0
2025-11-05,Brigadeiro,Doces,62,3.0,0.9,0
2025-11-05,Coxinha,Salgados,173,7.5,2.3,0
2025-11-05,Croissant,Pães,71,7.0,2.4,0
2025-11-05,Empada de frango,Salgados,68,7.0,2.2,0
2025-11-05,Esfiha de carne,Salgados,103,6.5,2.0,0
2025-11-05,Misto quente,Lanches,99,9.0,3.0,0
2025-11-05,Pudim (fatia),Doces,30,10.0,3.2,0
2025-11-05,Pão de batata,Salgados,94,5.1,1.8,1
2025-11-05,Pão de forma caseiro,Pães,24,12.0,4.5,0
2025-11-05,Pão de queijo,Pães,153,3.5,1.1,0
2025-11-05,Pão francês,Pães,1269,0.9,0.3,0
2025-11-05,Pão na chapa,Lanches,128,6.0,1.5,0
2025-11-05,Sanduíche natural,Lanches,59,14.0,5.5,0
2025-11-05,Sonho,Doces,47,6.0,1.9,0
2025-11-05,Suco de laranja natural,Bebidas,47,9.0,3.0,0
2025-11-05,Torta de limão (fatia),Doces,23,11.0,3.5,0
2025-11-06,Baguete,Pães,53,8.0,2.6,0
2025-11-06,Bolo de cenoura (fatia),Doces,18,7.0,2.0,0
2025-11-06,Brigadeiro,Doces,94,3.0,0.9,0
2025-11-06,Coxinha,Salgados,111,7.5,2.3,0
2025-11-06,Croissant,Pães,39,7.0,2.4,0
2025-11-06,Empada de frango,Salgados,66,7.0,2.2,0
2025-11-06,Esfiha de carne,Salgados,81,6.5,2.0,0
2025-11-06,Misto quente,Lanches,51,9.0,3.0,0
2025-11-06,Pudim (fatia),Doces,21,10.0,3.2,0
2025-11-06,Pão de batata,Salgados,64,6.0,1.8,0
2025-11-06,Pão de forma caseiro,Pães,35,12.0,4.5,0
2025-11-06,Pão de queijo,Pães,180,3.5,1.1,0
2025-11-06,Pão francês,Pães,741,0.9,0.3,0
2025-11-06,Pão na chapa,Lanches,141,6.0,1.5,0
2025-11-06,Sanduíche natural,Lanches,21,14.0,5.5,0
2025-11-06,Sonho,Doces,78,6.0,1.9,0
2025-11-06,Suco de laranja natural,Bebidas,73,9.0,3.0,0
2025-11-06,Torta de limão (fatia),Doces,27,11.0,3.5,0
2025-11-07,Baguete,Pães,58,8.0,2.6,0
2025-11-07,Bolo de cenoura (fatia),Doces,42,7.0,2.0,0
2025-11-07,Brigadeiro,Doces,53,3.0,0.9,0
2025-11-07,Coxinha,Salgados,182,7.5,2.3,0
2025-11-07,Croissant,Pães,70,7.0,2.4,0
2025-11-07,Empada de frango,Salgados,65,7.0,2.2,0
2025-11-07,Esfiha de carne,Salgados,81,5.52,2.0,1
2025-11-07,Misto quente,Lanches,79,9.0,3.0,0
2025-11-07,Pudim (fatia),Doces,28,10.0,3.2,0
2025-11-07,Pão de batata,Salgados,90,6.0,1.8,0
2025-11-07,Pão de forma caseiro,Pães,26,12.0,4.5,0
2025-11-07,Pão de queijo,Pães,152,3.5,1.1,0
2025-11-07,Pão francês,Pães,1082,0.9,0.3,0
2025-11-07,Pão na chapa,Lanches,126,6.0,1.5,0
2025-11-07,Sanduíche natural,Lanches,44,14.0,5.5,0
2025-11-07,Sonho,Doces,26,6.0,1.9,0
2025-11-07,Suco de laranja natural,Bebidas,47,9.0,3.0,0
2025-11-07,Torta de limão (fatia),Doces,41,11.0,3.5,0
2025-11-08,Baguete,Pães,36,8.0,2.6,0
2025-11-08,Bolo de cenoura (fatia),Doces,87,7.0,2.0,0
2025-11-08,Brigadeiro,Doces,95,3.0,0.9,0
2025-11-08,Coxinha,Salgados,127,7.5,2.3,0
2025-11-08,Croissant,Pães,75,7.0,2.4,0
2025-11-08,Empada de frango,Salgados,60,7.0,2.2,0
2025-11-08,Esfiha de carne,Salgados,104,6.5,2.0,0
2025-11-08,Misto quente,Lanches,51,9.0,3.0,0
2025-11-08,Pudim (fatia),Doces,37,10.0,3.2,0
2025-11-08,Pão de batata,Salgados,158,5.1,1.8,1
2025-11-08,Pão de forma caseiro,Pães,34,12.0,4.5,0
2025-11-08,Pão de queijo,Pães,285,3.5,1.1,0
2025-11-08,Pão francês,Pães,964,0.9,0.3,0
2025-11-08,Pão na chapa,Lanches,93,6.0,1.5,0
2025-11-08,Sanduíche natural,Lanches,31,14.0,5.5,0
2025-11-08,Sonho,Doces,73,6.0,1.9,0
2025-11-08,Suco de laranja natural,Bebidas,162,7.65,3.0,1
2025-11-08,Torta de limão (fatia),Doces,42,11.0,3.5,0
2025-11-09,Baguete,Pães,42,8.0,2.6,0
2025-11-09,Bolo de cenoura (fatia),Doces,86,7.0,2.0,0
2025-11-09,Brigadeiro,Doces,75,3.0,0.9,0
2025-11-09,Coxinha,Salgados,91,7.5,2.3,0
2025-11-09,Croissant,Pães,64,7.0,2.4,0
2025-11-09,Empada de frango,Salgados,39,7.0,2.2,0
2025-11-09,Esfiha de carne,Salgados,24,6.5,2.0,0
2025-11-09,Misto quente,Lanches,77,9.0,3.0,0
2025-11-09,Pudim (fatia),Doces,39,10.0,3.2,0
2025-11-09,Pão de batata,Salgados,48,6.0,1.8,0
2025-11-09,Pão de forma caseiro,Pães,60,12.0,4.5,0
2025-11-09,Pão de queijo,Pães,286,3.5,1.1,0
2025-11-09,Pão francês,Pães,1317,0.9,0.3,0
2025-11-09,Pão na chapa,Lanches,213,6.0,1.5,0
2025-11-09,Sanduíche natural,Lanches,21,14.0,5.5,0
2025-11-09,Sonho,Doces,86,6.0,1.9,0
2025-11-09,Suco de laranja natural,Bebidas,86,9.0,3.0,0
2025-11-09,Torta de limão (fatia),Doces,34,11.0,3.5,0
2025-11-10,Baguete,Pães,31,8.0,2.6,0
2025-11-10,Bolo de cenoura (fatia),Doces,59,7.0,2.0,0
2025-11-10,Brigadeiro,Doces,66,3.0,0.9,0
2025-11-10,Coxinha,Salgados,188,7.5,2.3,0
2025-11-10,Croissant,Pães,63,7.0,2.4,0
2025-11-10,Empada de frango,Salgados,84,7.0,2.2,0
2025-11-10,Esfiha de carne,Salgados,98,6.5,2.0,0
2025-11-10,Misto quente,Lanches,56,9.0,3.0,0
2025-11-10,Pudim (fatia),Doces,14,10.0,3.2,0
2025-11-10,Pão de batata,Salgados,85,6.0,1.8,0
2025-11-10,Pão de forma caseiro,Pães,28,12.0,4.5,0
2025-11-10,Pão de queijo,Pães,171,3.5,1.1,0
2025-11-10,Pão francês,Pães,646,0.9,0.3,0
2025-11-10,Pão na chapa,Lanches,155,6.0,1.5,0
2025-11-10,Sanduíche natural,Lanches,65,14.0,5.5,0
2025-11-10,Sonho,Doces,37,6.0,1.9,0
2025-11-10,Suco de laranja natural,Bebidas,81,9.0,3.0,0
2025-11-10,Torta de limão (fatia),Doces,27,11.0,3.5,0
2025-11-11,Baguete,Pães,51,8.0,2.6,0
2025-11-11,Bolo de cenoura (fatia),Doces,58,7.0,2.0,0
2025-11-11,Brigadeiro,Doces,105,3.0,0.9,0
2025-11-11,Coxinha,Salgados,103,7.5,2.3,0
2025-11-11,Croissant,Pães,70,7.0,2.4,0
2025-11-11,Empada de frango,Salgados,59,7.0,2.2,0
2025-11-11,Esfiha de carne,Salgados,94,6.5,2.0,0
2025-11-11,Misto quente,Lanches,42,9.0,3.0,0
2025-11-11,Pudim (fatia),Doces,40,10.0,3.2,0
2025-11-11,Pão de batata,Salgados,101,6.0,1.8,0
2025-11-11,Pão de forma caseiro,Pães,26,12.0,4.5,0
2025-11-11,Pão de queijo,Pães,187,3.5,1.1,0
2025-11-11,Pão francês,Pães,1068,0.9,0.3,0
2025-11-11,Pão na chapa,Lanches,94,6.0,1.5,0
2025-11-11,Sanduíche natural,Lanches,31,14.0,5.5,0
2025-11-11,Sonho,Doces,44,6.0,1.9,0
2025-11-11,Suco de laranja natural,Bebidas,66,9.0,3.0,0
2025-11-11,Torta de limão (fatia),Doces,23,11.0,3.5,0
2025-11-12,Baguete,Pães,40,8.0,2.6,0
2025-11-12,Bolo de cenoura (fatia),Doces,94,7.0,2.0,0
2025-11-12,Brigadeiro,Doces,52,3.0,0.9,0
2025-11-12,Coxinha,Salgados,78,7.5,2.3,0
2025-11-12,Croissant,Pães,71,7.0,2.4,0
2025-11-12,Empada de frango,Salgados,75,7.0,2.2,0
2025-11-12,Esfiha de carne,Salgados,81,6.5,2.0,0
2025-11-12,Misto quente,Lanches,85,9.0,3.0,0
2025-11-12,Pudim (fatia),Doces,23,10.0,3.2,0
2025-11-12,Pão de batata,Salgados,65,6.0,1.8,0
2025-11-12,Pão de forma caseiro,Pães,40,12.0,4.5,0
2025-11-12,Pão de queijo,Pães,172,3.5,1.1,0
2025-11-12,Pão francês,Pães,872,0.9,0.3,0
2025-11-12,Pão na chapa,Lanches,102,6.0,1.5,0
2025-11-12,Sanduíche natural,Lanches,48,14.0,5.5,0
2025-11-12,Sonho,Doces,48,6.0,1.9,0
2025-11-12,Suco de laranja natural,Bebidas,59,9.0,3.0,0
2025-11-12,Torta de limão (fatia),Doces,21,11.0,3.5,0
2025-11-13,Baguete,Pães,25,8.0,2.6,0
2025-11-13,Bolo de cenoura (fatia),Doces,40,7.0,2.0,0
2025-11-13,Brigadeiro,Doces,83,3.0,0.9,0
2025-11-13,Coxinha,Salgados,149,7.5,2.3,0
2025-11-13,Croissant,Pães,61,7.0,2.4,0
2025-11-13,Empada de frango,Salgados,55,7.0,2.2,0
2025-11-13,Esfiha de carne,Salgados,59,6.5,2.0,0
2025-11-13,Misto quente,Lanches,93,9.0,3.0,0
2025-11-13,Pudim (fatia),Doces,33,10.0,3.2,0
2025-11-13,Pão de batata,Salgados,116,5.1,1.8,1
2025-11-13,Pão de forma caseiro,Pães,16,12.0,4.5,0
2025-11-13,Pão de queijo,Pães,166,3.5,1.1,0
2025-11-13,Pão francês,Pães,1018,0.9,0.3,0
2025-11-13,Pão na chapa,Lanches,131,6.0,1.5,0
2025-11-13,Sanduíche natural,Lanches,50,14.0,5.5,0
2025-11-13,Sonho,Doces,66,6.0,1.9,0
2025-11-13,Suco de laranja natural,Bebidas,74,9.0,3.0,0
2025-11-13,Torta de limão (fatia),Doces,39,11.0,3.5,0
2025-11-14,Baguete,Pães,59,8.0,2.6,0
2025-11-14,Bolo de cenoura (fatia),Doces,54,7.0,2.0,0
2025-11-14,Brigadeiro,Doces,139,3.0,0.9,0
2025-11-14,Coxinha,Salgados,187,7.5,2.3,0
2025-11-14,Croissant,Pães,72,7.0,2.4,0
2025-11-14,Empada de frango,Salgados,56,7.0,2.2,0
2025-11-14,Esfiha de carne,Salgados,133,6.5,2.0,0
2025-11-14,Misto quente,Lanches,112,7.65,3.0,1
2025-11-14,Pudim (fatia),Doces,16,10.0,3.2,0
2025-11-14,Pão de batata,Salgados,95,6.0,1.8,0
2025-11-14,Pão de forma caseiro,Pães,28,12.0,4.5,0
2025-11-14,Pão de queijo,Pães,253,3.5,1.1,0
2025-11-14,Pão francês,Pães,998,0.9,0.3,0
2025-11-14,Pão na chapa,Lanches,157,5.1,1.5,1
2025-11-14,Sanduíche natural,Lanches,39,14.0,5.5,0
2025-11-14,Sonho,Doces,46,6.0,1.9,0
2025-11-14,Suco de laranja natural,Bebidas,82,9.0,3.0,0
2025-11-14,Torta de limão (fatia),Doces,64,11.0,3.5,0
2025-11-15,Baguete,Pães,63,8.0,2.6,0
2025-11-15,Bolo de cenoura (fatia),Doces,76,7.0,2.0,0
2025-11-15,Brigadeiro,Doces,171,3.0,0.9,0
2025-11-15,Coxinha,Salgados,94,7.5,2.3,0
2025-11-15,Croissant,Pães,71,7.0,2.4,0
2025-11-15,Empada de frango,Salgados,40,7.0,2.2,0
2025-11-15,Esfiha de carne,Salgados,81,6.5,2.0,0
2025-11-15,Misto quente,Lanches,65,9.0,3.0,0
2025-11-15,Pudim (fatia),Doces,53,10.0,3.2,0
2025-11-15,Pão de batata,Salgados,56,6.0,1.8,0
2025-11-15,Pão de forma caseiro,Pães,30,12.0,4.5,0
2025-11-15,Pão de queijo,Pães,242,3.5,1.1,0
2025-11-15,Pão francês,Pães,1078,0.9,0.3,0
2025-11-15,Pão na chapa,Lanches,209,6.0,1.5,0
2025-11-15,Sanduíche natural,Lanches,35,14.0,5.5,0
2025-11-15,Sonho,Doces,80,6.0,1.9,0
2025-11-15,Suco de laranja natural,Bebidas,99,9.0,3.0,0
2025-11-15,Torta de limão (fatia),Doces,28,11.0,3.5,0
2025-11-16,Baguete,Pães,68,8.0,2.6,0
2025-11-16,Bolo de cenoura (fatia),Doces,85,7.0,2.0,0
2025-11-16,Brigadeiro,Doces,121,3.0,0.9,0
2025-11-16,Coxinha,Salgados,73,7.5,2.3,0
2025-11-16,Croissant,Pães,115,7.0,2.4,0
2025-11-16,Empada de frango,Salgados,37,7.0,2.2,0
2025-11-16,Esfiha de carne,Salgados,34,6.5,2.0,0
2025-11-16,Misto quente,Lanches,62,9.0,3.0,0
2025-11-16,Pudim (fatia),Doces,47,10.0,3.2,0
2025-11-16,Pão de batata,Salgados,71,6.0,1.8,0
2025-11-16,Pão de forma caseiro,Pães,16,12.0,4.5,0
2025-11-16,Pão de queijo,Pães,209,3.5,1.1,0
2025-11-16,Pão francês,Pães,1640,0.9,0.3,0
2025-11-16,Pão na chapa,Lanches,201,6.0,1.5,0
2025-11-16,Sanduíche natural,Lanches,22,14.0,5.5,0
2025-11-16,Sonho,Doces,81,6.0,1.9,0
2025-11-16,Suco de laranja natural,Bebidas,77,9.0,3.0,0
2025-11-16,Torta de limão (fatia),Doces,24,11.0,3.5,0
2025-11-17,Baguete,Pães,35,8.0,2.6,0
2025-11-17,Bolo de cenoura (fatia),Doces,54,7.0,2.0,0
2025-11-17,Brigadeiro,Doces,81,3.0,0.9,0
2025-11-17,Coxinha,Salgados,144,7.5,2.3,0
2025-11-17,Croissant,Pães,62,7.0,2.4,0
2025-11-17,Empada de frango,Salgados,72,7.0,2.2,0
2025-11-17,Esfiha de carne,Salgados,111,6.5,2.0,0
2025-11-17,Misto quente,Lanches,39,9.0,3.0,0
2025-11-17,Pudim (fatia),Doces,27,10.0,3.2,0
2025-11-17,Pão de batata,Salgados,115,6.0,1.8,0
2025-11-17,Pão de forma caseiro,Pães,20,12.0,4.5,0
2025-11-17,Pão de queijo,Pães,328,3.5,1.1,0
2025-11-17,Pão francês,Pães,1141,0.9,0.3,0
2025-11-17,Pão na chapa,Lanches,123,6.0,1.5,0
2025-11-17,Sanduíche natural,Lanches,77,14.0,5.5,0
2025-11-17,Sonho,Doces,45,6.0,1.9,0
2025-11-17,Suco de laranja natural,Bebidas,52,9.0,3.0,0
2025-11-17,Torta de limão (fatia),Doces,29,11.0,3.5,0
2025-11-18,Baguete,Pães,48,8.0,2.6,0
2025-11-18,Bolo de cenoura (fatia),Doces,30,7.0,2.0,0
2025-11-18,Brigadeiro,Doces,95,3.0,0.9,0
2025-11-18,Coxinha,Salgados,129,7.5,2.3,0
2025-11-18,Croissant,Pães,66,7.0,2.4,0
2025-11-18,Empada de frango,Salgados,52,7.0,2.2,0
2025-11-18,Esfiha de carne,Salgados,86,6.5,2.0,0
2025-11-18,Misto quente,Lanches,89,9.0,3.0,0
2025-11-18,Pudim (fatia),Doces,16,10.0,3.2,0
2025-11-18,Pão de batata,Salgados,86,6.0,1.8,0
2025-11-18,Pão de forma caseiro,Pães,18,12.0,4.5,0
2025-11-18,Pão de queijo,Pães,264,3.5,1.1,0
2025-11-18,Pão francês,Pães,844,0.9,0.3,0
2025-11-18,Pão na chapa,Lanches,156,6.0,1.5,0
2025-11-18,Sanduíche natural,Lanches,51,14.0,5.5,0
2025-11-18,Sonho,Doces,67,6.0,1.9,0
2025-11-18,Suco de laranja natural,Bebidas,35,9.0,3.0,0
2025-11-18,Torta de limão (fatia),Doces,16,11.0,3.5,0
2025-11-19,Baguete,Pães,51,8.0,2.6,0
2025-11-19,Bolo de cenoura (fatia),Doces,22,7.0,2.0,0
2025-11-19,Brigadeiro,Doces,61,3.0,0.9,0
2025-11-19,Coxinha,Salgados,102,7.5,2.3,0
2025-11-19,Croissant,Pães,80,7.0,2.4,0
2025-11-19,Empada de frango,Salgados,46,7.0,2.2,0
2025-11-19,Esfiha de carne,Salgados,76,6.5,2.0,0
2025-11-19,Misto quente,Lanches,24,9.0,3.0,0
2025-11-19,Pudim (fatia),Doces,16,10.0,3.2,0
2025-11-19,Pão de batata,Salgados,77,6.0,1.8,0
2025-11-19,Pão de forma caseiro,Pães,29,12.0,4.5,0
2025-11-19,Pão de queijo,Pães,255,3.5,1.1,0
2025-11-19,Pão francês,Pães,1179,0.9,0.3,0
2025-11-19,Pão na chapa,Lanches,108,6.0,1.5,0
2025-11-19,Sanduíche natural,Lanches,63,14.0,5.5,0
2025-11-19,Sonho,Doces,72,6.0,1.9,0
2025-11-19,Suco de laranja natural,Bebidas,63,9.0,3.0,0
2025-11-19,Torta de limão (fatia),Doces,38,11.0,3.5,0
2025-11-20,Baguete,Pães,45,8.0,2.6,0
2025-11-20,Bolo de cenoura (fatia),Doces,95,7.0,2.0,0
2025-11-20,Brigadeiro,Doces,230,3.0,0.9,0
2025-11-20,Coxinha,Salgados,93,7.5,2.3,0
2025-11-20,Croissant,Pães,143,7.0,2.4,0
2025-11-20,Empada de frango,Salgados,40,7.0,2.2,0
2025-11-20,Esfiha de carne,Salgados,41,6.5,2.0,0
2025-11-20,Misto quente,Lanches,79,9.0,3.0,0
2025-11-20,Pudim (fatia),Doces,37,8.5,3.2,1
2025-11-20,Pão de batata,Salgados,57,6.0,1.8,0
2025-11-20,Pão de forma caseiro,Pães,45,10.2,4.5,1
2025-11-20,Pão de queijo,Pães,251,3.5,1.1,0
2025-11-20,Pão francês,Pães,1257,0.9,0.3,0
2025-11-20,Pão na chapa,Lanches,146,6.0,1.5,0
2025-11-20,Sanduíche natural,Lanches,20,14.0,5.5,0
2025-11-20,Sonho,Doces,71,6.0,1.9,0
2025-11-20,Suco de laranja natural,Bebidas,123,9.0,3.0,0
2025-11-20,Torta de limão (fatia),Doces,44,11.0,3.5,0
2025-11-21,Baguete,Pães,56,8.0,2.6,0
2025-11-21,Bolo de cenoura (fatia),Doces,72,7.0,2.0,0
2025-11-21,Brigadeiro,Doces,140,3.0,0.9,0
2025-11-21,Coxinha,Salgados,202,7.5,2.3,0
2025-11-21,Croissant,Pães,44,7.0,2.4,0
2025-11-21,Empada de frango,Salgados,59,7.0,2.2,0
2025-11-21,Esfiha de carne,Salgados,104,6.5,2.0,0
2025-11-21,Misto quente,Lanches,173,9.0,3.0,0
2025-11-21,Pudim (fatia),Doces,46,10.0,3.2,0
2025-11-21,Pão de batata,Salgados,91,6.0,1.8,0
2025-11-21,Pão de forma caseiro,Pães,27,12.0,4.5,0
2025-11-21,Pão de queijo,Pães,299,3.5,1.1,0
2025-11-21,Pão francês,Pães,798,0.9,0.3,0
2025-11-21,Pão na chapa,Lanches,128,6.0,1.5,0
2025-11-21,Sanduíche natural,Lanches,24,14.0,5.5,0
2025-11-21,Sonho,Doces,79,6.0,1.9,0
2025-11-21,Suco de laranja natural,Bebidas,144,9.0,3.0,0
2025-11-21,Torta de limão (fatia),Doces,34,11.0,3.5,0
2025-11-22,Baguete,Pães,36,8.0,2.6,0
2025-11-22,Bolo de cenoura (fatia),Doces,35,7.0,2.0,0
2025-11-22,Brigadeiro,Doces,82,3.0,0.9,0
2025-11-22,Coxinha,Salgados,108,7.5,2.3,0
2025-11-22,Croissant,Pães,61,7.0,2.4,0
2025-11-22,Empada de frango,Salgados,67,7.0,2.2,0
2025-11-22,Esfiha de carne,Salgados,72,6.5,2.0,0
2025-11-22,Misto quente,Lanches,72,9.0,3.0,0
2025-11-22,Pudim (fatia),Doces,27,10.0,3.2,0
2025-11-22,Pão de batata,Salgados,52,6.0,1.8,0
2025-11-22,Pão de forma caseiro,Pães,26,12.0,4.5,0
2025-11-22,Pão de queijo,Pães,324,3.5,1.1,0
2025-11-22,Pão francês,Pães,1644,0.9,0.3,0
2025-11-22,Pão na chapa,Lanches,133,6.0,1.5,0
2025-11-22,Sanduíche natural,Lanches,35,14.0,5.5,0
2025-11-22,Sonho,Doces,73,6.0,1.9,0
2025-11-22,Suco de laranja natural,Bebidas,137,9.0,3.0,0
2025-11-22,Torta de limão (fatia),Doces,45,11.0,3.5,0
2025-11-23,Baguete,Pães,74,8.0,2.6,0
2025-11-23,Bolo de cenoura (fatia),Doces,115,7.0,2.0,0
2025-11-23,Brigadeiro,Doces,177,3.0,0.9,0
2025-11-23,Coxinha,Salgados,108,7.5,2.3,0
2025-11-23,Croissant,Pães,97,7.0,2.4,0
2025-11-23,Empada de frango,Salgados,31,7.0,2.2,0
2025-11-23,Esfiha de carne,Salgados,85,6.5,2.0,0
2025-11-23,Misto quente,Lanches,41,9.0,3.0,0
2025-11-23,Pudim (fatia),Doces,50,10.0,3.2,0
2025-11-23,Pão de batata,Salgados,64,6.0,1.8,0
2025-11-23,Pão de forma caseiro,Pães,55,10.2,4.5,1
2025-11-23,Pão de queijo,Pães,378,3.5,1.1,0
2025-11-23,Pão francês,Pães,1433,0.9,0.3,0
2025-11-23,Pão na chapa,Lanches,154,6.0,1.5,0
2025-11-23,Sanduíche natural,Lanches,34,14.0,5.5,0
2025-11-23,Sonho,Doces,161,6.0,1.9,0
2025-11-23,Suco de laranja natural,Bebidas,116,9.0,3.0,0
2025-11-23,Torta de limão (fatia),Doces,43,11.0,3.5,0
2025-11-24,Baguete,Pães,41,8.0,2.6,0
2025-11-24,Bolo de cenoura (fatia),Doces,31,7.0,2.0,0
2025-11-24,Brigadeiro,Doces,107,3.0,0.9,0
2025-11-24,Coxinha,Salgados,108,7.5,2.3,0
2025-11-24,Croissant,Pães,67,7.0,2.4,0
2025-11-24,Empada de frango,Salgados,76,7.0,2.2,0
2025-11-24,Esfiha de carne,Salgados,83,6.5,2.0,0
2025-11-24,Misto quente,Lanches,72,9.0,3.0,0
2025-11-24,Pudim (fatia),Doces,24,10.0,3.2,0
2025-11-24,Pão de batata,Salgados,49,6.0,1.8,0
2025-11-24,Pão de forma caseiro,Pães,24,12.0,4.5,0
2025-11-24,Pão de queijo,Pães,239,3.5,1.1,0
2025-11-24,Pão francês,Pães,1181,0.9,0.3,0
2025-11-24,Pão na chapa,Lanches,107,6.0,1.5,0
2025-11-24,Sanduíche natural,Lanches,72,14.0,5.5,0
2025-11-24,Sonho,Doces,71,6.0,1.9,0
2025-11-24,Suco de laranja natural,Bebidas,80,9.0,3.0,0
2025-11-24,Torta de limão (fatia),Doces,34,11.0,3.5,0
2025-11-25,Baguete,Pães,34,8.0,2.6,0
2025-11-25,Bolo de cenoura (fatia),Doces,34,7.0,2.0,0
2025-11-25,Brigadeiro,Doces,70,3.0,0.9,0
2025-11-25,Coxinha,Salgados,126,7.5,2.3,0
2025-11-25,Croissant,Pães,60,7.0,2.4,0
2025-11-25,Empada de frango,Salgados,71,7.0,2.2,0
2025-11-25,Esfiha de carne,Salgados,57,6.5,2.0,0
2025-11-25,Misto quente,Lanches,66,9.0,3.0,0
2025-11-25,Pudim (fatia),Doces,14,10.0,3.2,0
2025-11-25,Pão de batata,Salgados,77,6.0,1.8,0
2025-11-25,Pão de forma caseiro,Pães,16,12.0,4.5,0
2025-11-25,Pão de queijo,Pães,247,2.98,1.1,1
2025-11-25,Pão francês,Pães,802,0.9,0.3,0
2025-11-25,Pão na chapa,Lanches,123,6.0,1.5,0
2025-11-25,Sanduíche natural,Lanches,73,14.0,5.5,0
2025-11-25,Sonho,Doces,58,6.0,1.9,0
2025-11-25,Suco de laranja natural,Bebidas,80,9.0,3.0,0
2025-11-25,Torta de limão (fatia),Doces,32,11.0,3.5,0
2025-11-26,Baguete,Pães,41,6.8,2.6,1
2025-11-26,Bolo de cenoura (fatia),Doces,43,7.0,2.0,0
2025-11-26,Brigadeiro,Doces,94,3.0,0.9,0
2025-11-26,Coxinha,Salgados,138,7.5,2.3,0
2025-11-26,Croissant,Pães,85,7.0,2.4,0
2025-11-26,Empada de frango,Salgados,38,7.0,2.2,0
2025-11-26,Esfiha de carne,Salgados,114,6.5,2.0,0
2025-11-26,Misto quente,Lanches,87,9.0,3.0,0
2025-11-26,Pudim (fatia),Doces,13,10.0,3.2,0
2025-11-26,Pão de batata,Salgados,46,6.0,1.8,0
2025-11-26,Pão de forma caseiro,Pães,12,12.0,4.5,0
2025-11-26,Pão de queijo,Pães,181,3.5,1.1,0
2025-11-26,Pão francês,Pães,689,0.9,0.3,0
2025-11-26,Pão na chapa,Lanches,155,6.0,1.5,0
2025-11-26,Sanduíche natural,Lanches,29,14.0,5.5,0
2025-11-26,Sonho,Doces,59,6.0,1.9,0
2025-11-26,Suco de laranja natural,Bebidas,98,9.0,3.0,0
2025-11-26,Torta de limão (fatia),Doces,31,11.0,3.5,0
2025-11-27,Baguete,Pães,31,8.0,2.6,0
2025-11-27,Bolo de cenoura (fatia),Doces,38,7.0,2.0,0
2025-11-27,Brigadeiro,Doces,95,3.0,0.9,0
2025-11-27,Coxinha,Salgados,128,7.5,2.3,0
2025-11-27,Croissant,Pães,63,7.0,2.4,0
2025-11-27,Empada de frango,Salgados,61,7.0,2.2,0
2025-11-27,Esfiha de carne,Salgados,84,6.5,2.0,0
2025-11-27,Misto quente,Lanches,95,9.0,3.0,0
2025-11-27,Pudim (fatia),Doces,29,10.0,3.2,0
2025-11-27,Pão de batata,Salgados,66,6.0,1.8,0
2025-11-27,Pão de forma caseiro,Pães,24,12.0,4.5,0
2025-11-27,Pão de queijo,Pães,261,3.5,1.1,0
2025-11-27,Pão francês,Pães,1099,0.9,0.3,0
2025-11-27,Pão na chapa,Lanches,91,6.0,1.5,0
2025-11-27,Sanduíche natural,Lanches,51,14.0,5.5,0
2025-11-27,Sonho,Doces,64,6.0,1.9,0
2025-11-27,Suco de laranja natural,Bebidas,63,9.0,3.0,0
2025-11-27,Torta de limão (fatia),Doces,27,11.0,3.5,0
2025-11-28,Baguete,Pães,36,8.0,2.6,0
2025-11-28,Bolo de cenoura (fatia),Doces,67,7.0,2.0,0
2025-11-28,Brigadeiro,Doces,170,3.0,0.9,0
2025-11-28,Coxinha,Salgados,136,7.5,2.3,0
2025-11-28,Croissant,Pães,53,7.0,2.4,0
2025-11-28,Empada de frango,Salgados,98,7.0,2.2,0
2025-11-28,Esfiha de carne,Salgados,102,5.52,2.0,1
2025-11-28,Misto quente,Lanches,105,9.0,3.0,0
2025-11-28,Pudim (fatia),Doces,28,10.0,3.2,0
2025-11-28,Pão de batata,Salgados,83,6.0,1.8,0
2025-11-28,Pão de forma caseiro,Pães,29,12.0,4.5,0
2025-11-28,Pão de queijo,Pães,180,3.5,1.1,0
2025-11-28,Pão francês,Pães,1712,0.76,0.3,1
2025-11-28,Pão na chapa,Lanches,145,6.0,1.5,0
2025-11-28,Sanduíche natural,Lanches,68,14.0,5.5,0
2025-11-28,Sonho,Doces,70,6.0,1.9,0
2025-11-28,Suco de laranja natural,Bebidas,183,7.65,3.0,1
2025-11-28,Torta de limão (fatia),Doces,55,9.35,3.5,1
2025-11-29,Baguete,Pães,82,8.0,2.6,0
2025-11-29,Bolo de cenoura (fatia),Doces,76,7.0,2.0,0
2025-11-29,Brigadeiro,Doces,83,3.0,0.9,0
2025-11-29,Coxinha,Salgados,148,7.5,2.3,0
2025-11-29,Croissant,Pães,34,7.0,2.4,0
2025-11-29,Empada de frango,Salgados,67,7.0,2.2,0
2025-11-29,Esfiha de carne,Salgados,62,6.5,2.0,0
2025-11-29,Misto quente,Lanches,70,9.0,3.0,0
2025-11-29,Pudim (fatia),Doces,21,10.0,3.2,0
2025-11-29,Pão de batata,Salgados,87,6.0,1.8,0
2025-11-29,Pão de forma caseiro,Pães,25,12.0,4.5,0
2025-11-29,Pão de queijo,Pães,283,3.5,1.1,0
2025-11-29,Pão francês,Pães,863,0.9,0.3,0
2025-11-29,Pão na chapa,Lanches,198,6.0,1.5,0
2025-11-29,Sanduíche natural,Lanches,18,14.0,5.5,0
2025-11-29,Sonho,Doces,96,6.0,1.9,0
2025-11-29,Suco de laranja natural,Bebidas,101,9.0,3.0,0
2025-11-29,Torta de limão (fatia),Doces,23,11.0,3.5,0
2025-11-30,Baguete,Pães,97,8.0,2.6,0
2025-11-30,Bolo de cenoura (fatia),Doces,89,7.0,2.0,0
2025-11-30,Brigadeiro,Doces,122,3.0,0.9,0
2025-11-30,Coxinha,Salgados,96,7.5,2.3,0
2025-11-30,Croissant,Pães,76,7.0,2.4,0
2025-11-30,Empada de frango,Salgados,58,7.0,2.2,0
2025-11-30,Esfiha de carne,Salgados,75,6.5,2.0,0
2025-11-30,Misto quente,Lanches,39,9.0,3.0,0
2025-11-30,Pudim (fatia),Doces,58,10.0,3.2,0
2025-11-30,Pão de batata,Salgados,63,6.0,1.8,0
2025-11-30,Pão de forma caseiro,Pães,32,12.0,4.5,0
2025-11-30,Pão de queijo,Pães,250,3.5,1.1,0
2025-11-30,Pão francês,Pães,1653,0.9,0.3,0
2025-11-30,Pão na chapa,Lanches,178,6.0,1.5,0
2025-11-30,Sanduíche natural,Lanches,25,14.0,5.5,0
2025-11-30,Sonho,Doces,103,6.0,1.9,0
2025-11-30,Suco de laranja natural,Bebidas,69,9.0,3.0,0
2025-11-30,Torta de limão (fatia),Doces,41,11.0,3.5,0
2025-12-01,Baguete,Pães,35,8.0,2.6,0
2025-12-01,Bolo de cenoura (fatia),Doces,52,7.0,2.0,0
2025-12-01,Brigadeiro,Doces,138,3.0,0.9,0
2025-12-01,Coxinha,Salgados,156,7.5,2.3,0
2025-12-01,Croissant,Pães,68,7.0,2.4,0
2025-12-01,Empada de frango,Salgados,64,7.0,2.2,0
2025-12-01,Esfiha de carne,Salgados,100,6.5,2.0,0
2025-12-01,Misto quente,Lanches,201,7.65,3.0,1
2025-12-01,Pudim (fatia),Doces,32,10.0,3.2,0
2025-12-01,Pão de batata,Salgados,76,6.0,1.8,0
2025-12-01,Pão de forma caseiro,Pães,34,12.0,4.5,0
2025-12-01,Pão de queijo,Pães,240,3.5,1.1,0
2025-12-01,Pão francês,Pães,962,0.9,0.3,0
2025-12-01,Pão na chapa,Lanches,105,6.0,1.5,0
2025-12-01,Sanduíche natural,Lanches,60,14.0,5.5,0
2025-12-01,Sonho,Doces,91,6.0,1.9,0
2025-12-01,Suco de laranja natural,Bebidas,170,9.0,3.0,0
2025-12-01,Torta de limão (fatia),Doces,35,11.0,3.5,0
2025-12-02,Baguete,Pães,24,8.0,2.6,0
2025-12-02,Bolo de cenoura (fatia),Doces,78,7.0,2.0,0
2025-12-02,Brigadeiro,Doces,60,3.0,0.9,0
2025-12-02,Coxinha,Salgados,134,7.5,2.3,0
2025-12-02,Croissant,Pães,61,5.95,2.4,1
2025-12-02,Empada de frango,Salgados,83,7.0,2.2,0
2025-12-02,Esfiha de carne,Salgados,87,6.5,2.0,0
2025-12-02,Misto quente,Lanches,85,9.0,3.0,0
2025-12-02,Pudim (fatia),Doces,28,10.0,3.2,0
2025-12-02,Pão de batata,Salgados,122,6.0,1.8,0
2025-12-02,Pão de forma caseiro,Pães,37,12.0,4.5,0
2025-12-02,Pão de queijo,Pães,170,3.5,1.1,0
2025-12-02,Pão francês,Pães,1448,0.9,0.3,0
2025-12-02,Pão na chapa,Lanches,160,6.0,1.5,0
2025-12-02,Sanduíche natural,Lanches,71,14.0,5.5,0
2025-12-02,Sonho,Doces,47,6.0,1.9,0
2025-12-02,Suco de laranja natural,Bebidas,117,9.0,3.0,0
2025-12-02,Torta de limão (fatia),Doces,42,11.0,3.5,0
2025-12-03,Baguete,Pães,23,8.0,2.6,0
2025-12-03,Bolo de cenoura (fatia),Doces,48,7.0,2.0,0
2025-12-03,Brigadeiro,Doces,66,3.0,0.9,0
2025-12-03,Coxinha,Salgados,96,7.5,2.3,0
2025-12-03,Croissant,Pães,94,7.0,2.4,0
2025-12-03,Empada de frango,Salgados,94,7.0,2.2,0
2025-12-03,Esfiha de carne,Salgados,85,6.5,2.0,0
2025-12-03,Misto quente,Lanches,136,9.0,3.0,0
2025-12-03,Pudim (fatia),Doces,12,10.0,3.2,0
2025-12-03,Pão de batata,Salgados,68,6.0,1.8,0
2025-12-03,Pão de forma caseiro,Pães,31,12.0,4.5,0
2025-12-03,Pão de queijo,Pães,183,3.5,1.1,0
2025-12-03,Pão francês,Pães,870,0.9,0.3,0
2025-12-03,Pão na chapa,Lanches,109,5.1,1.5,1
2025-12-03,Sanduíche natural,Lanches,51,14.0,5.5,0
2025-12-03,Sonho,Doces,72,6.0,1.9,0
2025-12-03,Suco de laranja natural,Bebidas,95,9.0,3.0,0
2025-12-03,Torta de limão (fatia),Doces,20,11.0,3.5,0
2025-12-04,Baguete,Pães,45,8.0,2.6,0
2025-12-04,Bolo de cenoura (fatia),Doces,58,7.0,2.0,0
2025-12-04,Brigadeiro,Doces,98,3.0,0.9,0
2025-12-04,Coxinha,Salgados,206,7.5,2.3,0
2025-12-04,Croissant,Pães,64,7.0,2.4,0
2025-12-04,Empada de frango,Salgados,69,7.0,2.2,0
2025-12-04,Esfiha de carne,Salgados,129,6.5,2.0,0
2025-12-04,Misto quente,Lanches,51,9.0,3.0,0
2025-12-04,Pudim (fatia),Doces,48,10.0,3.2,0
2025-12-04,Pão de batata,Salgados,61,6.0,1.8,0
2025-12-04,Pão de forma caseiro,Pães,24,12.0,4.5,0
2025-12-04,Pão de queijo,Pães,186,3.5,1.1,0
2025-12-04,Pão francês,Pães,1055,0.9,0.3,0
2025-12-04,Pão na chapa,Lanches,174,6.0,1.5,0
2025-12-04,Sanduíche natural,Lanches,88,14.0,5.5,0
2025-12-04,Sonho,Doces,72,6.0,1.9,0
2025-12-04,Suco de laranja natural,Bebidas,68,9.0,3.0,0
2025-12-04,Torta de limão (fatia),Doces,9,11.0,3.5,0
2025-12-05,Baguete,Pães,59,8.0,2.6,0
2025-12-05,Bolo de cenoura (fatia),Doces,79,7.0,2.0,0
2025-12-05,Brigadeiro,Doces,87,3.0,0.9,0
2025-12-05,Coxinha,Salgados,174,7.5,2.3,0
2025-12-05,Croissant,Pães,55,7.0,2.4,0
2025-12-05,Empada de frango,Salgados,98,7.0,2.2,0
2025-12-05,Esfiha de carne,Salgados,210,6.5,2.0,0
2025-12-05,Misto quente,Lanches,127,7.65,3.0,1
2025-12-05,Pudim (fatia),Doces,26,10.0,3.2,0
2025-12-05,Pão de batata,Salgados,70,6.0,1.8,0
2025-12-05,Pão de forma caseiro,Pães,49,12.0,4.5,0
2025-12-05,Pão de queijo,Pães,275,3.5,1.1,0
2025-12-05,Pão francês,Pães,1175,0.9,0.3,0
2025-12-05,Pão na chapa,Lanches,208,6.0,1.5,0
2025-12-05,Sanduíche natural,Lanches,53,14.0,5.5,0
2025-12-05,Sonho,Doces,76,6.0,1.9,0
2025-12-05,Suco de laranja natural,Bebidas,96,9.0,3.0,0
2025-12-05,Torta de limão (fatia),Doces,35,11.0,3.5,0
2025-12-06,Baguete,Pães,71,8.0,2.6,0
2025-12-06,Bolo de cenoura (fatia),Doces,128,7.0,2.0,0
2025-12-06,Brigadeiro,Doces,277,2.55,0.9,1
2025-12-06,Coxinha,Salgados,134,7.5,2.3,0
2025-12-06,Croissant,Pães,78,7.0,2.4,0
2025-12-06,Empada de frango,Salgados,63,7.0,2.2,0
2025-12-06,Esfiha de carne,Salgados,122,6.5,2.0,0
2025-12-06,Misto quente,Lanches,83,9.0,3.0,0
2025-12-06,Pudim (fatia),Doces,41,10.0,3.2,0
2025-12-06,Pão de batata,Salgados,70,6.0,1.8,0
2025-12-06,Pão de forma caseiro,Pães,41,12.0,4.5,0
2025-12-06,Pão de queijo,Pães,313,3.5,1.1,0
2025-12-06,Pão francês,Pães,1158,0.9,0.3,0
2025-12-06,Pão na chapa,Lanches,204,6.0,1.5,0
2025-12-06,Sanduíche natural,Lanches,34,14.0,5.5,0
2025-12-06,Sonho,Doces,85,6.0,1.9,0
2025-12-06,Suco de laranja natural,Bebidas,240,9.0,3.0,0
2025-12-06,Torta de limão (fatia),Doces,39,11.0,3.5,0
2025-12-07,Baguete,Pães,79,8.0,2.6,0
2025-12-07,Bolo de cenoura (fatia),Doces,86,7.0,2.0,0
2025-12-07,Brigadeiro,Doces,220,3.0,0.9,0
2025-12-07,Coxinha,Salgados,109,7.5,2.3,0
2025-12-07,Croissant,Pães,128,7.0,2.4,0
2025-12-07,Empada de frango,Salgados,42,7.0,2.2,0
2025-12-07,Esfiha de carne,Salgados,109,5.52,2.0,1
2025-12-07,Misto quente,Lanches,103,9.0,3.0,0
2025-12-07,Pudim (fatia),Doces,49,10.0,3.2,0
2025-12-07,Pão de batata,Salgados,51,6.0,1.8,0
2025-12-07,Pão de forma caseiro,Pães,38,12.0,4.5,0
2025-12-07,Pão de queijo,Pães,343,2.98,1.1,1
2025-12-07,Pão francês,Pães,1254,0.9,0.3,0
2025-12-07,Pão na chapa,Lanches,145,6.0,1.5,0
2025-12-07,Sanduíche natural,Lanches,65,14.0,5.5,0
2025-12-07,Sonho,Doces,60,6.0,1.9,0
2025-12-07,Suco de laranja natural,Bebidas,165,9.0,3.0,0
2025-12-07,Torta de limão (fatia),Doces,44,11.0,3.5,0
2025-12-08,Baguete,Pães,54,8.0,2.6,0
2025-12-08,Bolo de cenoura (fatia),Doces,64,7.0,2.0,0
2025-12-08,Brigadeiro,Doces,82,3.0,0.9,0
2025-12-08,Coxinha,Salgados,182,7.5,2.3,0
2025-12-08,Croissant,Pães,79,7.0,2.4,0
2025-12-08,Empada de frango,Salgados,96,7.0,2.2,0
2025-12-08,Esfiha de carne,Salgados,109,6.5,2.0,0
2025-12-08,Misto quente,Lanches,130,9.0,3.0,0
2025-12-08,Pudim (fatia),Doces,31,10.0,3.2,0
2025-12-08,Pão de batata,Salgados,56,6.0,1.8,0
2025-12-08,Pão de forma caseiro,Pães,31,12.0,4.5,0
2025-12-08,Pão de queijo,Pães,164,3.5,1.1,0
2025-12-08,Pão francês,Pães,1002,0.9,0.3,0
2025-12-08,Pão na chapa,Lanches,137,6.0,1.5,0
2025-12-08,Sanduíche natural,Lanches,53,14.0,5.5,0
2025-12-08,Sonho,Doces,67,6.0,1.9,0
2025-12-08,Suco de laranja natural,Bebidas,62,9.0,3.0,0
2025-12-08,Torta de limão (fatia),Doces,22,11.0,3.5,0
2025-12-09,Baguete,Pães,44,8.0,2.6,0
2025-12-09,Bolo de cenoura (fatia),Doces,43,7.0,2.0,0
2025-12-09,Brigadeiro,Doces,113,3.0,0.9,0
2025-12-09,Coxinha,Salgados,240,7.5,2.3,0
2025-12-09,Croissant,Pães,46,7.0,2.4,0
2025-12-09,Empada de frango,Salgados,56,7.0,2.2,0
2025-12-09,Esfiha de carne,Salgados,75,6.5,2.0,0
2025-12-09,Misto quente,Lanches,90,9.0,3.0,0
2025-12-09,Pudim (fatia),Doces,21,10.0,3.2,0
2025-12-09,Pão de batata,Salgados,86,6.0,1.8,0
2025-12-09,Pão de forma caseiro,Pães,29,12.0,4.5,0
2025-12-09,Pão de queijo,Pães,142,3.5,1.1,0
2025-12-09,Pão francês,Pães,867,0.9,0.3,0
2025-12-09,Pão na chapa,Lanches,123,6.0,1.5,0
2025-12-09,Sanduíche natural,Lanches,41,14.0,5.5,0
2025-12-09,Sonho,Doces,45,6.0,1.9,0
2025-12-09,Suco de laranja natural,Bebidas,75,9.0,3.0,0
2025-12-09,Torta de limão (fatia),Doces,33,11.0,3.5,0
2025-12-10,Baguete,Pães,57,6.8,2.6,1
2025-12-10,Bolo de cenoura (fatia),Doces,46,7.0,2.0,0
2025-12-10,Brigadeiro,Doces,82,3.0,0.9,0
2025-12-10,Coxinha,Salgados,172,7.5,2.3,0
2025-12-10,Croissant,Pães,57,7.0,2.4,0
2025-12-10,Empada de frango,Salgados,35,7.0,2.2,0
2025-12-10,Esfiha de carne,Salgados,63,6.5,2.0,0
2025-12-10,Misto quente,Lanches,63,9.0,3.0,0
2025-12-10,Pudim (fatia),Doces,26,10.0,3.2,0
2025-12-10,Pão de batata,Salgados,63,6.0,1.8,0
2025-12-10,Pão de forma caseiro,Pães,40,12.0,4.5,0
2025-12-10,Pão de queijo,Pães,222,3.5,1.1,0
2025-12-10,Pão francês,Pães,702,0.9,0.3,0
2025-12-10,Pão na chapa,Lanches,91,6.0,1.5,0
2025-12-10,Sanduíche natural,Lanches,51,14.0,5.5,0
2025-12-10,Sonho,Doces,71,6.0,1.9,0
2025-12-10,Suco de laranja natural,Bebidas,115,9.0,3.0,0
2025-12-10,Torta de limão (fatia),Doces,38,11.0,3.5,0
2025-12-11,Baguete,Pães,39,8.0,2.6,0
2025-12-11,Bolo de cenoura (fatia),Doces,83,7.0,2.0,0
2025-12-11,Brigadeiro,Doces,133,3.0,0.9,0
2025-12-11,Coxinha,Salgados,129,7.5,2.3,0
2025-12-11,Croissant,Pães,82,7.0,2.4,0
2025-12-11,Empada de frango,Salgados,114,7.0,2.2,0
2025-12-11,Esfiha de carne,Salgados,133,6.5,2.0,0
2025-12-11,Misto quente,Lanches,149,9.0,3.0,0
2025-12-11,Pudim (fatia),Doces,36,10.0,3.2,0
2025-12-11,Pão de batata,Salgados,89,6.0,1.8,0
2025-12-11,Pão de forma caseiro,Pães,37,12.0,4.5,0
2025-12-11,Pão de queijo,Pães,191,3.5,1.1,0
2025-12-11,Pão francês,Pães,984,0.9,0.3,0
2025-12-11,Pão na chapa,Lanches,159,6.0,1.5,0
2025-12-11,Sanduíche natural,Lanches,37,14.0,5.5,0
2025-12-11,Sonho,Doces,78,6.0,1.9,0
2025-12-11,Suco de laranja natural,Bebidas,136,9.0,3.0,0
2025-12-11,Torta de limão (fatia),Doces,35,11.0,3.5,0
2025-12-12,Baguete,Pães,33,8.0,2.6,0
2025-12-12,Bolo de cenoura (fatia),Doces,104,7.0,2.0,0
2025-12-12,Brigadeiro,Doces,95,3.0,0.9,0
2025-12-12,Coxinha,Salgados,111,7.5,2.3,0
2025-12-12,Croissant,Pães,82,7.0,2.4,0
2025-12-12,Empada de frango,Salgados,116,7.0,2.2,0
2025-12-12,Esfiha de carne,Salgados,149,6.5,2.0,0
2025-12-12,Misto quente,Lanches,110,9.0,3.0,0
2025-12-12,Pudim (fatia),Doces,53,10.0,3.2,0
2025-12-12,Pão de batata,Salgados,86,6.0,1.8,0
2025-12-12,Pão de forma caseiro,Pães,22,12.0,4.5,0
2025-12-12,Pão de queijo,Pães,210,3.5,1.1,0
2025-12-12,Pão francês,Pães,1310,0.9,0.3,0
2025-12-12,Pão na chapa,Lanches,148,6.0,1.5,0
2025-12-12,Sanduíche natural,Lanches,52,14.0,5.5,0
2025-12-12,Sonho,Doces,68,6.0,1.9,0
2025-12-12,Suco de laranja natural,Bebidas,81,9.0,3.0,0
2025-12-12,Torta de limão (fatia),Doces,57,11.0,3.5,0
2025-12-13,Baguete,Pães,18,8.0,2.6,0
2025-12-13,Bolo de cenoura (fatia),Doces,73,7.0,2.0,0
2025-12-13,Brigadeiro,Doces,124,3.0,0.9,0
2025-12-13,Coxinha,Salgados,108,7.5,2.3,0
2025-12-13,Croissant,Pães,93,7.0,2.4,0
2025-12-13,Empada de frango,Salgados,43,7.0,2.2,0
2025-12-13,Esfiha de carne,Salgados,64,6.5,2.0,0
2025-12-13,Misto quente,Lanches,59,9.0,3.0,0
2025-12-13,Pudim (fatia),Doces,38,10.0,3.2,0
2025-12-13,Pão de batata,Salgados,80,6.0,1.8,0
2025-12-13,Pão de forma caseiro,Pães,31,12.0,4.5,0
2025-12-13,Pão de queijo,Pães,217,3.5,1.1,0
2025-12-13,Pão francês,Pães,1731,0.9,0.3,0
2025-12-13,Pão na chapa,Lanches,211,6.0,1.5,0
2025-12-13,Sanduíche natural,Lanches,67,14.0,5.5,0
2025-12-13,Sonho,Doces,56,6.0,1.9,0
2025-12-13,Suco de laranja natural,Bebidas,129,9.0,3.0,0
2025-12-13,Torta de limão (fatia),Doces,45,11.0,3.5,0
2025-12-14,Baguete,Pães,32,8.0,2.6,0
2025-12-14,Bolo de cenoura (fatia),Doces,95,7.0,2.0,0
2025-12-14,Brigadeiro,Doces,91,3.0,0.9,0
2025-12-14,Coxinha,Salgados,98,7.5,2.3,0
2025-12-14,Croissant,Pães,94,7.0,2.4,0
2025-12-14,Empada de frango,Salgados,62,7.0,2.2,0
2025-12-14,Esfiha de carne,Salgados,52,6.5,2.0,0
2025-12-14,Misto quente,Lanches,40,9.0,3.0,0
2025-12-14,Pudim (fatia),Doces,67,10.0,3.2,0
2025-12-14,Pão de batata,Salgados,93,6.0,1.8,0
2025-12-14,Pão de forma caseiro,Pães,49,12.0,4.5,0
2025-12-14,Pão de queijo,Pães,318,3.5,1.1,0
2025-12-14,Pão francês,Pães,1637,0.9,0.3,0
2025-12-14,Pão na chapa,Lanches,189,6.0,1.5,0
2025-12-14,Sanduíche natural,Lanches,51,14.0,5.5,0
2025-12-14,Sonho,Doces,87,6.0,1.9,0
2025-12-14,Suco de laranja natural,Bebidas,154,9.0,3.0,0
2025-12-14,Torta de limão (fatia),Doces,37,11.0,3.5,0
2025-12-15,Baguete,Pães,37,8.0,2.6,0
2025-12-15,Bolo de cenoura (fatia),Doces,43,7.0,2.0,0
2025-12-15,Brigadeiro,Doces,73,3.0,0.9,0
2025-12-15,Coxinha,Salgados,129,7.5,2.3,0
2025-12-15,Croissant,Pães,68,7.0,2.4,0
2025-12-15,Empada de frango,Salgados,81,7.0,2.2,0
2025-12-15,Esfiha de carne,Salgados,108,6.5,2.0,0
2025-12-15,Misto quente,Lanches,62,9.0,3.0,0
2025-12-15,Pudim (fatia),Doces,27,10.0,3.2,0
2025-12-15,Pão de batata,Salgados,94,6.0,1.8,0
2025-12-15,Pão de forma caseiro,Pães,25,12.0,4.5,0
2025-12-15,Pão de queijo,Pães,268,3.5,1.1,0
2025-12-15,Pão francês,Pães,903,0.9,0.3,0
2025-12-15,Pão na chapa,Lanches,147,6.0,1.5,0
2025-12-15,Sanduíche natural,Lanches,77,14.0,5.5,0
2025-12-15,Sonho,Doces,47,6.0,1.9,0
2025-12-15,Suco de laranja natural,Bebidas,154,9.0,3.0,0
2025-12-15,Torta de limão (fatia),Doces,32,11.0,3.5,0
2025-12-16,Baguete,Pães,48,8.0,2.6,0
2025-12-16,Bolo de cenoura (fatia),Doces,60,7.0,2.0,0
2025-12-16,Brigadeiro,Doces,57,3.0,0.9,0
2025-12-16,Coxinha,Salgados,122,7.5,2.3,0
2025-12-16,Croissant,Pães,58,7.0,2.4,0
2025-12-16,Empada de frango,Salgados,92,7.0,2.2,0
2025-12-16,Esfiha de carne,Salgados,76,6.5,2.0,0
2025-12-16,Misto quente,Lanches,60,9.0,3.0,0
2025-12-16,Pudim (fatia),Doces,22,10.0,3.2,0
2025-12-16,Pão de batata,Salgados,62,6.0,1.8,0
2025-12-16,Pão de forma caseiro,Pães,11,12.0,4.5,0
2025-12-16,Pão de queijo,Pães,238,3.5,1.1,0
2025-12-16,Pão francês,Pães,958,0.9,0.3,0
2025-12-16,Pão na chapa,Lanches,132,6.0,1.5,0
2025-12-16,Sanduíche natural,Lanches,37,14.0,5.5,0
2025-12-16,Sonho,Doces,64,6.0,1.9,0
2025-12-16,Suco de laranja natural,Bebidas,104,9.0,3.0,0
2025-12-16,Torta de limão (fatia),Doces,40,11.0,3.5,0
2025-12-17,Baguete,Pães,22,8.0,2.6,0
2025-12-17,Bolo de cenoura (fatia),Doces,71,5.95,2.0,1
2025-12-17,Brigadeiro,Doces,77,3.0,0.9,0
2025-12-17,Coxinha,Salgados,140,7.5,2.3,0
2025-12-17,Croissant,Pães,73,7.0,2.4,0
2025-12-17,Empada de frango,Salgados,37,7.0,2.2,0
2025-12-17,Esfiha de carne,Salgados,50,6.5,2.0,0
2025-12-17,Misto quente,Lanches,149,9.0,3.0,0
2025-12-17,Pudim (fatia),Doces,14,10.0,3.2,0
2025-12-17,Pão de batata,Salgados,124,6.0,1.8,0
2025-12-17,Pão de forma caseiro,Pães,31,12.0,4.5,0
2025-12-17,Pão de queijo,Pães,204,3.5,1.1,0
2025-12-17,Pão francês,Pães,723,0.9,0.3,0
2025-12-17,Pão na chapa,Lanches,169,6.0,1.5,0
2025-12-17,Sanduíche natural,Lanches,55,14.0,5.5,0
2025-12-17,Sonho,Doces,75,6.0,1.9,0
2025-12-17,Suco de laranja natural,Bebidas,94,9.0,3.0,0
2025-12-17,Torta de limão (fatia),Doces,24,11.0,3.5,0
2025-12-18,Baguete,Pães,41,8.0,2.6,0
2025-12-18,Bolo de cenoura (fatia),Doces,29,7.0,2.0,0
2025-12-18,Brigadeiro,Doces,191,3.0,0.9,0
2025-12-18,Coxinha,Salgados,192,7.5,2.3,0
2025-12-18,Croissant,Pães,83,7.0,2.4,0
2025-12-18,Empada de frango,Salgados,139,7.0,2.2,0
2025-12-18,Esfiha de carne,Salgados,109,6.5,2.0,0
2025-12-18,Misto quente,Lanches,135,9.0,3.0,0
2025-12-18,Pudim (fatia),Doces,33,10.0,3.2,0
2025-12-18,Pão de batata,Salgados,147,6.0,1.8,0
2025-12-18,Pão de forma caseiro,Pães,34,12.0,4.5,0
2025-12-18,Pão de queijo,Pães,238,3.5,1.1,0
2025-12-18,Pão francês,Pães,1087,0.9,0.3,0
2025-12-18,Pão na chapa,Lanches,143,6.0,1.5,0
2025-12-18,Sanduíche natural,Lanches,71,14.0,5.5,0
2025-12-18,Sonho,Doces,42,6.0,1.9,0
2025-12-18,Suco de laranja natural,Bebidas,103,9.0,3.0,0
2025-12-18,Torta de limão (fatia),Doces,43,11.0,3.5,0
2025-12-19,Baguete,Pães,38,8.0,2.6,0
2025-12-19,Bolo de cenoura (fatia),Doces,67,7.0,2.0,0
2025-12-19,Brigadeiro,Doces,125,3.0,0.9,0
2025-12-19,Coxinha,Salgados,203,7.5,2.3,0
2025-12-19,Croissant,Pães,114,7.0,2.4,0
2025-12-19,Empada de frango,Salgados,84,7.0,2.2,0
2025-12-19,Esfiha de carne,Salgados,91,6.5,2.0,0
2025-12-19,Misto quente,Lanches,131,9.0,3.0,0
2025-12-19,Pudim (fatia),Doces,17,10.0,3.2,0
2025-12-19,Pão de batata,Salgados,106,6.0,1.8,0
2025-12-19,Pão de forma caseiro,Pães,37,12.0,4.5,0
2025-12-19,Pão de queijo,Pães,238,3.5,1.1,0
2025-12-19,Pão francês,Pães,928,0.9,0.3,0
2025-12-19,Pão na chapa,Lanches,169,6.0,1.5,0
2025-12-19,Sanduíche natural,Lanches,90,14.0,5.5,0
2025-12-19,Sonho,Doces,62,6.0,1.9,0
2025-12-19,Suco de laranja natural,Bebidas,89,9.0,3.0,0
2025-12-19,Torta de limão (fatia),Doces,44,11.0,3.5,0
2025-12-20,Baguete,Pães,113,8.0,2.6,0
2025-12-20,Bolo de cenoura (fatia),Doces,142,7.0,2.0,0
2025-12-20,Brigadeiro,Doces,324,3.0,0.9,0
2025-12-20,Coxinha,Salgados,113,7.5,2.3,0
2025-12-20,Croissant,Pães,208,7.0,2.4,0
2025-12-20,Empada de frango,Salgados,76,7.0,2.2,0
2025-12-20,Esfiha de carne,Salgados,81,6.5,2.0,0
2025-12-20,Misto quente,Lanches,39,9.0,3.0,0
2025-12-20,Pudim (fatia),Doces,67,10.0,3.2,0
2025-12-20,Pão de batata,Salgados,64,6.0,1.8,0
2025-12-20,Pão de forma caseiro,Pães,64,12.0,4.5,0
2025-12-20,Pão de queijo,Pães,337,3.5,1.1,0
2025-12-20,Pão francês,Pães,1604,0.9,0.3,0
2025-12-20,Pão na chapa,Lanches,233,6.0,1.5,0
2025-12-20,Sanduíche natural,Lanches,81,14.0,5.5,0
2025-12-20,Sonho,Doces,135,6.0,1.9,0
2025-12-20,Suco de laranja natural,Bebidas,101,9.0,3.0,0
2025-12-20,Torta de limão (fatia),Doces,60,11.0,3.5,0
2025-12-21,Baguete,Pães,63,8.0,2.6,0
2025-12-21,Bolo de cenoura (fatia),Doces,116,7.0,2.0,0
2025-12-21,Brigadeiro,Doces,159,3.0,0.9,0
2025-12-21,Coxinha,Salgados,89,7.5,2.3,0
2025-12-21,Croissant,Pães,93,7.0,2.4,0
2025-12-21,Empada de frango,Salgados,40,7.0,2.2,0
2025-12-21,Esfiha de carne,Salgados,89,6.5,2.0,0
2025-12-21,Misto quente,Lanches,76,9.0,3.0,0
2025-12-21,Pudim (fatia),Doces,120,10.0,3.2,0
2025-12-21,Pão de batata,Salgados,34,6.0,1.8,0
2025-12-21,Pão de forma caseiro,Pães,43,12.0,4.5,0
2025-12-21,Pão de queijo,Pães,324,3.5,1.1,0
2025-12-21,Pão francês,Pães,1994,0.9,0.3,0
2025-12-21,Pão na chapa,Lanches,258,6.0,1.5,0
2025-12-21,Sanduíche natural,Lanches,67,14.0,5.5,0
2025-12-21,Sonho,Doces,110,6.0,1.9,0
2025-12-21,Suco de laranja natural,Bebidas,166,9.0,3.0,0
2025-12-21,Torta de limão (fatia),Doces,69,11.0,3.5,0
2025-12-22,Baguete,Pães,56,8.0,2.6,0
2025-12-22,Bolo de cenoura (fatia),Doces,67,7.0,2.0,0
2025-12-22,Brigadeiro,Doces,151,3.0,0.9,0
2025-12-22,Coxinha,Salgados,172,7.5,2.3,0
2025-12-22,Croissant,Pães,95,7.0,2.4,0
2025-12-22,Empada de frango,Salgados,72,7.0,2.2,0
2025-12-22,Esfiha de carne,Salgados,44,6.5,2.0,0
2025-12-22,Misto quente,Lanches,94,9.0,3.0,0
2025-12-22,Pudim (fatia),Doces,40,10.0,3.2,0
2025-12-22,Pão de batata,Salgados,101,6.0,1.8,0
2025-12-22,Pão de forma caseiro,Pães,15,12.0,4.5,0
2025-12-22,Pão de queijo,Pães,161,3.5,1.1,0
2025-12-22,Pão francês,Pães,1289,0.9,0.3,0
2025-12-22,Pão na chapa,Lanches,193,6.0,1.5,0
2025-12-22,Sanduíche natural,Lanches,53,14.0,5.5,0
2025-12-22,Sonho,Doces,82,6.0,1.9,0
2025-12-22,Suco de laranja natural,Bebidas,70,9.0,3.0,0
2025-12-22,Torta de limão (fatia),Doces,46,11.0,3.5,0
2025-12-23,Baguete,Pães,54,8.0,2.6,0
2025-12-23,Bolo de cenoura (fatia),Doces,56,7.0,2.0,0
2025-12-23,Brigadeiro,Doces,98,3.0,0.9,0
2025-12-23,Coxinha,Salgados,214,7.5,2.3,0
2025-12-23,Croissant,Pães,143,7.0,2.4,0
2025-12-23,Empada de frango,Salgados,65,5.95,2.2,1
2025-12-23,Esfiha de carne,Salgados,70,6.5,2.0,0
2025-12-23,Misto quente,Lanches,77,9.0,3.0,0
2025-12-23,Pudim (fatia),Doces,38,10.0,3.2,0
2025-12-23,Pão de batata,Salgados,74,6.0,1.8,0
2025-12-23,Pão de forma caseiro,Pães,16,12.0,4.5,0
2025-12-23,Pão de queijo,Pães,202,3.5,1.1,0
2025-12-23,Pão francês,Pães,804,0.9,0.3,0
2025-12-23,Pão na chapa,Lanches,132,6.0,1.5,0
2025-12-23,Sanduíche natural,Lanches,74,14.0,5.5,0
2025-12-23,Sonho,Doces,108,6.0,1.9,0
2025-12-23,Suco de laranja natural,Bebidas,92,9.0,3.0,0
2025-12-23,Torta de limão (fatia),Doces,48,11.0,3.5,0
2025-12-24,Baguete,Pães,73,6.8,2.6,1
2025-12-24,Bolo de cenoura (fatia),Doces,74,7.0,2.0,0
2025-12-24,Brigadeiro,Doces,176,3.0,0.9,0
2025-12-24,Coxinha,Salgados,198,7.5,2.3,0
2025-12-24,Croissant,Pães,138,7.0,2.4,0
2025-12-24,Empada de frango,Salgados,82,7.0,2.2,0
2025-12-24,Esfiha de carne,Salgados,131,6.5,2.0,0
2025-12-24,Misto quente,Lanches,65,9.0,3.0,0
2025-12-24,Pudim (fatia),Doces,77,8.5,3.2,1
2025-12-24,Pão de batata,Salgados,80,6.0,1.8,0
2025-12-24,Pão de forma caseiro,Pães,46,12.0,4.5,0
2025-12-24,Pão de queijo,Pães,314,3.5,1.1,0
2025-12-24,Pão francês,Pães,1146,0.9,0.3,0
2025-12-24,Pão na chapa,Lanches,189,6.0,1.5,0
2025-12-24,Sanduíche natural,Lanches,87,11.9,5.5,1
2025-12-24,Sonho,Doces,146,6.0,1.9,0
2025-12-24,Suco de laranja natural,Bebidas,100,9.0,3.0,0
2025-12-24,Torta de limão (fatia),Doces,47,11.0,3.5,0
2025-12-25,Baguete,Pães,57,8.0,2.6,0
2025-12-25,Bolo de cenoura (fatia),Doces,121,7.0,2.0,0
2025-12-25,Brigadeiro,Doces,378,2.55,0.9,1
2025-12-25,Coxinha,Salgados,116,7.5,2.3,0
2025-12-25,Croissant,Pães,62,7.0,2.4,0
2025-12-25,Empada de frango,Salgados,45,7.0,2.2,0
2025-12-25,Esfiha de carne,Salgados,76,6.5,2.0,0
2025-12-25,Misto quente,Lanches,60,9.0,3.0,0
2025-12-25,Pudim (fatia),Doces,83,10.0,3.2,0
2025-12-25,Pão de batata,Salgados,48,6.0,1.8,0
2025-12-25,Pão de forma caseiro,Pães,35,12.0,4.5,0
2025-12-25,Pão de queijo,Pães,191,3.5,1.1,0
2025-12-25,Pão francês,Pães,974,0.9,0.3,0
2025-12-25,Pão na chapa,Lanches,167,6.0,1.5,0
2025-12-25,Sanduíche natural,Lanches,26,14.0,5.5,0
2025-12-25,Sonho,Doces,128,6.0,1.9,0
2025-12-25,Suco de laranja natural,Bebidas,95,9.0,3.0,0
2025-12-25,Torta de limão (fatia),Doces,114,11.0,3.5,0
2025-12-26,Baguete,Pães,88,8.0,2.6,0
2025-12-26,Bolo de cenoura (fatia),Doces,95,7.0,2.0,0
2025-12-26,Brigadeiro,Doces,198,3.0,0.9,0
2025-12-26,Coxinha,Salgados,256,7.5,2.3,0
2025-12-26,Croissant,Pães,93,7.0,2.4,0
2025-12-26,Empada de frango,Salgados,71,7.0,2.2,0
2025-12-26,Esfiha de carne,Salgados,115,6.5,2.0,0
2025-12-26,Misto quente,Lanches,79,9.0,3.0,0
2025-12-26,Pudim (fatia),Doces,60,10.0,3.2,0
2025-12-26,Pão de batata,Salgados,52,6.0,1.8,0
2025-12-26,Pão de forma caseiro,Pães,50,12.0,4.5,0
2025-12-26,Pão de queijo,Pães,262,3.5,1.1,0
2025-12-26,Pão francês,Pães,990,0.9,0.3,0
2025-12-26,Pão na chapa,Lanches,164,6.0,1.5,0
2025-12-26,Sanduíche natural,Lanches,97,11.9,5.5,1
2025-12-26,Sonho,Doces,184,6.0,1.9,0
2025-12-26,Suco de laranja natural,Bebidas,155,9.0,3.0,0
2025-12-26,Torta de limão (fatia),Doces,52,11.0,3.5,0
2025-12-27,Baguete,Pães,79,8.0,2.6,0
2025-12-27,Bolo de cenoura (fatia),Doces,60,7.0,2.0,0
2025-12-27,Brigadeiro,Doces,236,3.0,0.9,0
2025-12-27,Coxinha,Salgados,93,7.5,2.3,0
2025-12-27,Croissant,Pães,137,7.0,2.4,0
2025-12-27,Empada de frango,Salgados,46,7.0,2.2,0
2025-12-27,Esfiha de carne,Salgados,109,6.5,2.0,0
2025-12-27,Misto quente,Lanches,79,9.0,3.0,0
2025-12-27,Pudim (fatia),Doces,100,8.5,3.2,1
2025-12-27,Pão de batata,Salgados,77,6.0,1.8,0
2025-12-27,Pão de forma caseiro,Pães,73,12.0,4.5,0
2025-12-27,Pão de queijo,Pães,282,3.5,1.1,0
2025-12-27,Pão francês,Pães,1400,0.9,0.3,0
2025-12-27,Pão na chapa,Lanches,190,6.0,1.5,0
2025-12-27,Sanduíche natural,Lanches,30,14.0,5.5,0
2025-12-27,Sonho,Doces,65,6.0,1.9,0
2025-12-27,Suco de laranja natural,Bebidas,63,7.65,3.0,1
2025-12-27,Torta de limão (fatia),Doces,67,11.0,3.5,0
2025-12-28,Baguete,Pães,89,8.0,2.6,0
2025-12-28,Bolo de cenoura (fatia),Doces,182,7.0,2.0,0
2025-12-28,Brigadeiro,Doces,160,3.0,0.9,0
2025-12-28,Coxinha,Salgados,129,7.5,2.3,0
2025-12-28,Croissant,Pães,147,7.0,2.4,0
2025-12-28,Empada de frango,Salgados,53,7.0,2.2,0
2025-12-28,Esfiha de carne,Salgados,73,6.5,2.0,0
2025-12-28,Misto quente,Lanches,140,9.0,3.0,0
2025-12-28,Pudim (fatia),Doces,48,10.0,3.2,0
2025-12-28,Pão de batata,Salgados,92,6.0,1.8,0
2025-12-28,Pão de forma caseiro,Pães,82,10.2,4.5,1
2025-12-28,Pão de queijo,Pães,392,3.5,1.1,0
2025-12-28,Pão francês,Pães,1317,0.9,0.3,0
2025-12-28,Pão na chapa,Lanches,156,6.0,1.5,0
2025-12-28,Sanduíche natural,Lanches,35,14.0,5.5,0
2025-12-28,Sonho,Doces,120,6.0,1.9,0
2025-12-28,Suco de laranja natural,Bebidas,92,9.0,3.0,0
2025-12-28,Torta de limão (fatia),Doces,42,11.0,3.5,0
2025-12-29,Baguete,Pães,52,8.0,2.6,0
2025-12-29,Bolo de cenoura (fatia),Doces,37,7.0,2.0,0
2025-12-29,Brigadeiro,Doces,142,3.0,0.9,0
2025-12-29,Coxinha,Salgados,198,7.5,2.3,0
2025-12-29,Croissant,Pães,66,7.0,2.4,0
2025-12-29,Empada de frango,Salgados,62,7.0,2.2,0
2025-12-29,Esfiha de carne,Salgados,109,6.5,2.0,0
2025-12-29,Misto quente,Lanches,112,9.0,3.0,0
2025-12-29,Pudim (fatia),Doces,52,10.0,3.2,0
2025-12-29,Pão de batata,Salgados,103,6.0,1.8,0
2025-12-29,Pão de forma caseiro,Pães,38,12.0,4.5,0
2025-12-29,Pão de queijo,Pães,177,3.5,1.1,0
2025-12-29,Pão francês,Pães,1078,0.9,0.3,0
2025-12-29,Pão na chapa,Lanches,134,6.0,1.5,0
2025-12-29,Sanduíche natural,Lanches,56,14.0,5.5,0
2025-12-29,Sonho,Doces,48,6.0,1.9,0
2025-12-29,Suco de laranja natural,Bebidas,40,9.0,3.0,0
2025-12-29,Torta de limão (fatia),Doces,39,11.0,3.5,0
2025-12-30,Baguete,Pães,45,8.0,2.6,0
2025-12-30,Bolo de cenoura (fatia),Doces,37,7.0,2.0,0
2025-12-30,Brigadeiro,Doces,102,3.0,0.9,0
2025-12-30,Coxinha,Salgados,122,7.5,2.3,0
2025-12-30,Croissant,Pães,55,7.0,2.4,0
2025-12-30,Empada de frango,Salgados,91,7.0,2.2,0
2025-12-30,Esfiha de carne,Salgados,81,6.5,2.0,0
2025-12-30,Misto quente,Lanches,89,9.0,3.0,0
2025-12-30,Pudim (fatia),Doces,46,10.0,3.2,0
2025-12-30,Pão de batata,Salgados,144,6.0,1.8,0
2025-12-30,Pão de forma caseiro,Pães,43,12.0,4.5,0
2025-12-30,Pão de queijo,Pães,137,3.5,1.1,0
2025-12-30,Pão francês,Pães,1008,0.9,0.3,0
2025-12-30,Pão na chapa,Lanches,143,6.0,1.5,0
2025-12-30,Sanduíche natural,Lanches,30,14.0,5.5,0
2025-12-30,Sonho,Doces,96,6.0,1.9,0
2025-12-30,Suco de laranja natural,Bebidas,93,9.0,3.0,0
2025-12-30,Torta de limão (fatia),Doces,43,11.0,3.5,0
2025-12-31,Baguete,Pães,57,8.0,2.6,0
2025-12-31,Bolo de cenoura (fatia),Doces,86,7.0,2.0,0
2025-12-31,Brigadeiro,Doces,164,3.0,0.9,0
2025-12-31,Coxinha,Salgados,250,7.5,2.3,0
2025-12-31,Croissant,Pães,80,7.0,2.4,0
2025-12-31,Empada de frango,Salgados,103,7.0,2.2,0
2025-12-31,Esfiha de carne,Salgados,171,5.52,2.0,1
2025-12-31,Misto quente,Lanches,84,9.0,3.0,0
2025-12-31,Pudim (fatia),Doces,32,10.0,3.2,0
2025-12-31,Pão de batata,Salgados,151,6.0,1.8,0
2025-12-31,Pão de forma caseiro,Pães,64,12.0,4.5,0
2025-12-31,Pão de queijo,Pães,262,3.5,1.1,0
2025-12-31,Pão francês,Pães,2005,0.9,0.3,0
2025-12-31,Pão na chapa,Lanches,101,6.0,1.5,0
2025-12-31,Sanduíche natural,Lanches,58,14.0,5.5,0
2025-12-31,Sonho,Doces,112,6.0,1.9,0
2025-12-31,Suco de laranja natural,Bebidas,132,7.65,3.0,1
2025-12-31,Torta de limão (fatia),Doces,40,11.0,3.5,0
2026-01-01,Baguete,Pães,86,8.0,2.6,0
2026-01-01,Bolo de cenoura (fatia),Doces,75,7.0,2.0,0
2026-01-01,Brigadeiro,Doces,141,3.0,0.9,0
2026-01-01,Coxinha,Salgados,92,7.5,2.3,0
2026-01-01,Croissant,Pães,95,7.0,2.4,0
2026-01-01,Empada de frango,Salgados,62,7.0,2.2,0
2026-01-01,Esfiha de carne,Salgados,92,6.5,2.0,0
2026-01-01,Misto quente,Lanches,45,9.0,3.0,0
2026-01-01,Pudim (fatia),Doces,47,10.0,3.2,0
2026-01-01,Pão de batata,Salgados,67,6.0,1.8,0
2026-01-01,Pão de forma caseiro,Pães,49,12.0,4.5,0
2026-01-01,Pão de queijo,Pães,338,3.5,1.1,0
2026-01-01,Pão francês,Pães,1852,0.9,0.3,0
2026-01-01,Pão na chapa,Lanches,220,6.0,1.5,0
2026-01-01,Sanduíche natural,Lanches,27,14.0,5.5,0
2026-01-01,Sonho,Doces,56,6.0,1.9,0
2026-01-01,Suco de laranja natural,Bebidas,61,9.0,3.0,0
2026-01-01,Torta de limão (fatia),Doces,50,11.0,3.5,0
2026-01-02,Baguete,Pães,88,8.0,2.6,0
2026-01-02,Bolo de cenoura (fatia),Doces,88,7.0,2.0,0
2026-01-02,Brigadeiro,Doces,104,3.0,0.9,0
2026-01-02,Coxinha,Salgados,197,7.5,2.3,0
2026-01-02,Croissant,Pães,81,7.0,2.4,0
2026-01-02,Empada de frango,Salgados,76,7.0,2.2,0
2026-01-02,Esfiha de carne,Salgados,140,5.52,2.0,1
2026-01-02,Misto quente,Lanches,109,9.0,3.0,0
2026-01-02,Pudim (fatia),Doces,42,10.0,3.2,0
2026-01-02,Pão de batata,Salgados,76,6.0,1.8,0
2026-01-02,Pão de forma caseiro,Pães,42,12.0,4.5,0
2026-01-02,Pão de queijo,Pães,206,3.5,1.1,0
2026-01-02,Pão francês,Pães,888,0.9,0.3,0
2026-01-02,Pão na chapa,Lanches,170,6.0,1.5,0
2026-01-02,Sanduíche natural,Lanches,24,14.0,5.5,0
2026-01-02,Sonho,Doces,89,6.0,1.9,0
2026-01-02,Suco de laranja natural,Bebidas,106,9.0,3.0,0
2026-01-02,Torta de limão (fatia),Doces,32,11.0,3.5,0
2026-01-03,Baguete,Pães,49,8.0,2.6,0
2026-01-03,Bolo de cenoura (fatia),Doces,70,7.0,2.0,0
2026-01-03,Brigadeiro,Doces,103,3.0,0.9,0
2026-01-03,Coxinha,Salgados,100,7.5,2.3,0
2026-01-03,Croissant,Pães,105,7.0,2.4,0
2026-01-03,Empada de frango,Salgados,108,7.0,2.2,0
2026-01-03,Esfiha de carne,Salgados,127,6.5,2.0,0
2026-01-03,Misto quente,Lanches,49,9.0,3.0,0
2026-01-03,Pudim (fatia),Doces,30,10.0,3.2,0
2026-01-03,Pão de batata,Salgados,50,6.0,1.8,0
2026-01-03,Pão de forma caseiro,Pães,21,12.0,4.5,0
2026-01-03,Pão de queijo,Pães,165,3.5,1.1,0
2026-01-03,Pão francês,Pães,1459,0.9,0.3,0
2026-01-03,Pão na chapa,Lanches,217,6.0,1.5,0
2026-01-03,Sanduíche natural,Lanches,34,14.0,5.5,0
2026-01-03,Sonho,Doces,68,6.0,1.9,0
2026-01-03,Suco de laranja natural,Bebidas,117,9.0,3.0,0
2026-01-03,Torta de limão (fatia),Doces,56,11.0,3.5,0
2026-01-04,Baguete,Pães,109,8.0,2.6,0
2026-01-04,Bolo de cenoura (fatia),Doces,91,7.0,2.0,0
2026-01-04,Brigadeiro,Doces,130,3.0,0.9,0
2026-01-04,Coxinha,Salgados,102,7.5,2.3,0
2026-01-04,Croissant,Pães,86,7.0,2.4,0
2026-01-04,Empada de frango,Salgados,28,7.0,2.2,0
2026-01-04,Esfiha de carne,Salgados,23,6.5,2.0,0
2026-01-04,Misto quente,Lanches,144,9.0,3.0,0
2026-01-04,Pudim (fatia),Doces,24,10.0,3.2,0
2026-01-04,Pão de batata,Salgados,59,6.0,1.8,0
2026-01-04,Pão de forma caseiro,Pães,50,12.0,4.5,0
2026-01-04,Pão de queijo,Pães,251,3.5,1.1,0
2026-01-04,Pão francês,Pães,1293,0.9,0.3,0
2026-01-04,Pão na chapa,Lanches,165,6.0,1.5,0
2026-01-04,Sanduíche natural,Lanches,60,14.0,5.5,0
2026-01-04,Sonho,Doces,117,6.0,1.9,0
2026-01-04,Suco de laranja natural,Bebidas,196,9.0,3.0,0
2026-01-04,Torta de limão (fatia),Doces,45,11.0,3.5,0
2026-01-05,Baguete,Pães,27,8.0,2.6,0
2026-01-05,Bolo de cenoura (fatia),Doces,40,7.0,2.0,0
2026-01-05,Brigadeiro,Doces,116,3.0,0.9,0
2026-01-05,Coxinha,Salgados,234,7.5,2.3,0
2026-01-05,Croissant,Pães,104,7.0,2.4,0
2026-01-05,Empada de frango,Salgados,62,7.0,2.2,0
2026-01-05,Esfiha de carne,Salgados,120,6.5,2.0,0
2026-01-05,Misto quente,Lanches,96,9.0,3.0,0
2026-01-05,Pudim (fatia),Doces,33,10.0,3.2,0
2026-01-05,Pão de batata,Salgados,142,6.0,1.8,0
2026-01-05,Pão de forma caseiro,Pães,12,12.0,4.5,0
2026-01-05,Pão de queijo,Pães,278,3.5,1.1,0
2026-01-05,Pão francês,Pães,744,0.9,0.3,0
2026-01-05,Pão na chapa,Lanches,105,6.0,1.5,0
2026-01-05,Sanduíche natural,Lanches,69,14.0,5.5,0
2026-01-05,Sonho,Doces,55,6.0,1.9,0
2026-01-05,Suco de laranja natural,Bebidas,156,9.0,3.0,0
2026-01-05,Torta de limão (fatia),Doces,31,11.0,3.5,0
2026-01-06,Baguete,Pães,75,8.0,2.6,0
2026-01-06,Bolo de cenoura (fatia),Doces,32,7.0,2.0,0
2026-01-06,Brigadeiro,Doces,127,3.0,0.9,0
2026-01-06,Coxinha,Salgados,138,7.5,2.3,0
2026-01-06,Croissant,Pães,92,7.0,2.4,0
2026-01-06,Empada de frango,Salgados,56,7.0,2.2,0
2026-01-06,Esfiha de carne,Salgados,140,6.5,2.0,0
2026-01-06,Misto quente,Lanches,72,9.0,3.0,0
2026-01-06,Pudim (fatia),Doces,29,10.0,3.2,0
2026-01-06,Pão de batata,Salgados,76,6.0,1.8,0
2026-01-06,Pão de forma caseiro,Pães,29,12.0,4.5,0
2026-01-06,Pão de queijo,Pães,216,3.5,1.1,0
2026-01-06,Pão francês,Pães,1373,0.9,0.3,0
2026-01-06,Pão na chapa,Lanches,116,6.0,1.5,0
2026-01-06,Sanduíche natural,Lanches,87,14.0,5.5,0
2026-01-06,Sonho,Doces,53,6.0,1.9,0
2026-01-06,Suco de laranja natural,Bebidas,123,9.0,3.0,0
2026-01-06,Torta de limão (fatia),Doces,20,11.0,3.5,0
2026-01-07,Baguete,Pães,51,8.0,2.6,0
2026-01-07,Bolo de cenoura (fatia),Doces,63,7.0,2.0,0
2026-01-07,Brigadeiro,Doces,111,2.55,0.9,1
2026-01-07,Coxinha,Salgados,144,7.5,2.3,0
2026-01-07,Croissant,Pães,48,7.0,2.4,0
2026-01-07,Empada de frango,Salgados,101,7.0,2.2,0
2026-01-07,Esfiha de carne,Salgados,107,6.5,2.0,0
2026-01-07,Misto quente,Lanches,65,9.0,3.0,0
2026-01-07,Pudim (fatia),Doces,28,10.0,3.2,0
2026-01-07,Pão de batata,Salgados,75,6.0,1.8,0
2026-01-07,Pão de forma caseiro,Pães,13,12.0,4.5,0
2026-01-07,Pão de queijo,Pães,220,3.5,1.1,0
2026-01-07,Pão francês,Pães,1078,0.9,0.3,0
2026-01-07,Pão na chapa,Lanches,115,6.0,1.5,0
2026-01-07,Sanduíche natural,Lanches,66,14.0,5.5,0
2026-01-07,Sonho,Doces,48,6.0,1.9,0
2026-01-07,Suco de laranja natural,Bebidas,86,9.0,3.0,0
2026-01-07,Torta de limão (fatia),Doces,51,11.0,3.5,0
2026-01-08,Baguete,Pães,50,8.0,2.6,0
2026-01-08,Bolo de cenoura (fatia),Doces,25,7.0,2.0,0
2026-01-08,Brigadeiro,Doces,121,3.0,0.9,0
2026-01-08,Coxinha,Salgados,128,7.5,2.3,0
2026-01-08,Croissant,Pães,79,7.0,2.4,0
2026-01-08,Empada de frango,Salgados,97,7.0,2.2,0
2026-01-08,Esfiha de carne,Salgados,82,6.5,2.0,0
2026-01-08,Misto quente,Lanches,81,9.0,3.0,0
2026-01-08,Pudim (fatia),Doces,34,10.0,3.2,0
2026-01-08,Pão de batata,Salgados,59,6.0,1.8,0
2026-01-08,Pão de forma caseiro,Pães,19,12.0,4.5,0
2026-01-08,Pão de queijo,Pães,197,3.5,1.1,0
2026-01-08,Pão francês,Pães,1594,0.9,0.3,0
2026-01-08,Pão na chapa,Lanches,132,6.0,1.5,0
2026-01-08,Sanduíche natural,Lanches,64,14.0,5.5,0
2026-01-08,Sonho,Doces,97,6.0,1.9,0
2026-01-08,Suco de laranja natural,Bebidas,114,9.0,3.0,0
2026-01-08,Torta de limão (fatia),Doces,41,11.0,3.5,0
2026-01-09,Baguete,Pães,51,8.0,2.6,0
2026-01-09,Bolo de cenoura (fatia),Doces,63,7.0,2.0,0
2026-01-09,Brigadeiro,Doces,108,3.0,0.9,0
2026-01-09,Coxinha,Salgados,155,7.5,2.3,0
2026-01-09,Croissant,Pães,82,7.0,2.4,0
2026-01-09,Empada de frango,Salgados,95,5.95,2.2,1
2026-01-09,Esfiha de carne,Salgados,105,6.5,2.0,0
2026-01-09,Misto quente,Lanches,82,9.0,3.0,0
2026-01-09,Pudim (fatia),Doces,45,10.0,3.2,0
2026-01-09,Pão de batata,Salgados,65,6.0,1.8,0
2026-01-09,Pão de forma caseiro,Pães,23,12.0,4.5,0
2026-01-09,Pão de queijo,Pães,254,3.5,1.1,0
2026-01-09,Pão francês,Pães,1521,0.9,0.3,0
2026-01-09,Pão na chapa,Lanches,161,6.0,1.5,0
2026-01-09,Sanduíche natural,Lanches,81,14.0,5.5,0
2026-01-09,Sonho,Doces,76,6.0,1.9,0
2026-01-09,Suco de laranja natural,Bebidas,119,9.0,3.0,0
2026-01-09,Torta de limão (fatia),Doces,27,11.0,3.5,0
2026-01-10,Baguete,Pães,80,8.0,2.6,0
2026-01-10,Bolo de cenoura (fatia),Doces,30,7.0,2.0,0
2026-01-10,Brigadeiro,Doces,69,3.0,0.9,0
2026-01-10,Coxinha,Salgados,117,7.5,2.3,0
2026-01-10,Croissant,Pães,69,7.0,2.4,0
2026-01-10,Empada de frango,Salgados,61,7.0,2.2,0
2026-01-10,Esfiha de carne,Salgados,85,6.5,2.0,0
2026-01-10,Misto quente,Lanches,43,9.0,3.0,0
2026-01-10,Pudim (fatia),Doces,43,10.0,3.2,0
2026-01-10,Pão de batata,Salgados,60,6.0,1.8,0
2026-01-10,Pão de forma caseiro,Pães,30,12.0,4.5,0
2026-01-10,Pão de queijo,Pães,367,3.5,1.1,0
2026-01-10,Pão francês,Pães,1276,0.9,0.3,0
2026-01-10,Pão na chapa,Lanches,211,6.0,1.5,0
2026-01-10,Sanduíche natural,Lanches,32,14.0,5.5,0
2026-01-10,Sonho,Doces,88,6.0,1.9,0
2026-01-10,Suco de laranja natural,Bebidas,207,9.0,3.0,0
2026-01-10,Torta de limão (fatia),Doces,42,11.0,3.5,0
2026-01-11,Baguete,Pães,85,8.0,2.6,0
2026-01-11,Bolo de cenoura (fatia),Doces,126,5.95,2.0,1
2026-01-11,Brigadeiro,Doces,116,3.0,0.9,0
2026-01-11,Coxinha,Salgados,146,7.5,2.3,0
2026-01-11,Croissant,Pães,107,7.0,2.4,0
2026-01-11,Empada de frango,Salgados,28,7.0,2.2,0
2026-01-11,Esfiha de carne,Salgados,33,6.5,2.0,0
2026-01-11,Misto quente,Lanches,37,9.0,3.0,0
2026-01-11,Pudim (fatia),Doces,35,10.0,3.2,0
2026-01-11,Pão de batata,Salgados,45,6.0,1.8,0
2026-01-11,Pão de forma caseiro,Pães,33,10.2,4.5,1
2026-01-11,Pão de queijo,Pães,227,3.5,1.1,0
2026-01-11,Pão francês,Pães,933,0.9,0.3,0
2026-01-11,Pão na chapa,Lanches,222,6.0,1.5,0
2026-01-11,Sanduíche natural,Lanches,24,14.0,5.5,0
2026-01-11,Sonho,Doces,120,5.1,1.9,1
2026-01-11,Suco de laranja natural,Bebidas,99,9.0,3.0,0
2026-01-11,Torta de limão (fatia),Doces,39,11.0,3.5,0
2026-01-12,Baguete,Pães,39,8.0,2.6,0
2026-01-12,Bolo de cenoura (fatia),Doces,49,7.0,2.0,0
2026-01-12,Brigadeiro,Doces,76,3.0,0.9,0
2026-01-12,Coxinha,Salgados,172,7.5,2.3,0
2026-01-12,Croissant,Pães,94,7.0,2.4,0
2026-01-12,Empada de frango,Salgados,56,7.0,2.2,0
2026-01-12,Esfiha de carne,Salgados,84,6.5,2.0,0
2026-01-12,Misto quente,Lanches,63,9.0,3.0,0
2026-01-12,Pudim (fatia),Doces,13,10.0,3.2,0
2026-01-12,Pão de batata,Salgados,87,6.0,1.8,0
2026-01-12,Pão de forma caseiro,Pães,14,12.0,4.5,0
2026-01-12,Pão de queijo,Pães,98,3.5,1.1,0
2026-01-12,Pão francês,Pães,714,0.9,0.3,0
2026-01-12,Pão na chapa,Lanches,176,6.0,1.5,0
2026-01-12,Sanduíche natural,Lanches,52,14.0,5.5,0
2026-01-12,Sonho,Doces,62,6.0,1.9,0
2026-01-12,Suco de laranja natural,Bebidas,99,9.0,3.0,0
2026-01-12,Torta de limão (fatia),Doces,25,11.0,3.5,0
2026-01-13,Baguete,Pães,20,8.0,2.6,0
2026-01-13,Bolo de cenoura (fatia),Doces,28,7.0,2.0,0
2026-01-13,Brigadeiro,Doces,68,3.0,0.9,0
2026-01-13,Coxinha,Salgados,197,7.5,2.3,0
2026-01-13,Croissant,Pães,53,7.0,2.4,0
2026-01-13,Empada de frango,Salgados,54,7.0,2.2,0
2026-01-13,Esfiha de carne,Salgados,99,6.5,2.0,0
2026-01-13,Misto quente,Lanches,106,9.0,3.0,0
2026-01-13,Pudim (fatia),Doces,11,10.0,3.2,0
2026-01-13,Pão de batata,Salgados,103,6.0,1.8,0
2026-01-13,Pão de forma caseiro,Pães,13,12.0,4.5,0
2026-01-13,Pão de queijo,Pães,151,3.5,1.1,0
2026-01-13,Pão francês,Pães,1068,0.9,0.3,0
2026-01-13,Pão na chapa,Lanches,136,6.0,1.5,0
2026-01-13,Sanduíche natural,Lanches,29,14.0,5.5,0
2026-01-13,Sonho,Doces,63,6.0,1.9,0
2026-01-13,Suco de laranja natural,Bebidas,106,9.0,3.0,0
2026-01-13,Torta de limão (fatia),Doces,32,11.0,3.5,0
2026-01-14,Baguete,Pães,37,8.0,2.6,0
2026-01-14,Bolo de cenoura (fatia),Doces,61,5.95,2.0,1
2026-01-14,Brigadeiro,Doces,108,3.0,0.9,0
2026-01-14,Coxinha,Salgados,211,7.5,2.3,0
2026-01-14,Croissant,Pães,28,7.0,2.4,0
2026-01-14,Empada de frango,Salgados,88,7.0,2.2,0
2026-01-14,Esfiha de carne,Salgados,113,6.5,2.0,0
2026-01-14,Misto quente,Lanches,52,9.0,3.0,0
2026-01-14,Pudim (fatia),Doces,21,10.0,3.2,0
2026-01-14,Pão de batata,Salgados,84,6.0,1.8,0
2026-01-14,Pão de forma caseiro,Pães,36,12.0,4.5,0
2026-01-14,Pão de queijo,Pães,235,3.5,1.1,0
2026-01-14,Pão francês,Pães,1148,0.9,0.3,0
2026-01-14,Pão na chapa,Lanches,139,6.0,1.5,0
2026-01-14,Sanduíche natural,Lanches,55,14.0,5.5,0
2026-01-14,Sonho,Doces,76,6.0,1.9,0
2026-01-14,Suco de laranja natural,Bebidas,197,7.65,3.0,1
2026-01-14,Torta de limão (fatia),Doces,49,11.0,3.5,0
2026-01-15,Baguete,Pães,40,8.0,2.6,0
2026-01-15,Bolo de cenoura (fatia),Doces,35,7.0,2.0,0
2026-01-15,Brigadeiro,Doces,114,3.0,0.9,0
2026-01-15,Coxinha,Salgados,175,7.5,2.3,0
2026-01-15,Croissant,Pães,47,7.0,2.4,0
2026-01-15,Empada de frango,Salgados,70,7.0,2.2,0
2026-01-15,Esfiha de carne,Salgados,109,5.52,2.0,1
2026-01-15,Misto quente,Lanches,74,9.0,3.0,0
2026-01-15,Pudim (fatia),Doces,17,10.0,3.2,0
2026-01-15,Pão de batata,Salgados,121,6.0,1.8,0
2026-01-15,Pão de forma caseiro,Pães,24,12.0,4.5,0
2026-01-15,Pão de queijo,Pães,163,3.5,1.1,0
2026-01-15,Pão francês,Pães,760,0.9,0.3,0
2026-01-15,Pão na chapa,Lanches,127,6.0,1.5,0
2026-01-15,Sanduíche natural,Lanches,62,14.0,5.5,0
2026-01-15,Sonho,Doces,73,6.0,1.9,0
2026-01-15,Suco de laranja natural,Bebidas,92,9.0,3.0,0
2026-01-15,Torta de limão (fatia),Doces,29,11.0,3.5,0
2026-01-16,Baguete,Pães,82,8.0,2.6,0
2026-01-16,Bolo de cenoura (fatia),Doces,70,7.0,2.0,0
2026-01-16,Brigadeiro,Doces,205,3.0,0.9,0
2026-01-16,Coxinha,Salgados,151,7.5,2.3,0
2026-01-16,Croissant,Pães,153,7.0,2.4,0
2026-01-16,Empada de frango,Salgados,61,5.95,2.2,1
2026-01-16,Esfiha de carne,Salgados,112,6.5,2.0,0
2026-01-16,Misto quente,Lanches,72,9.0,3.0,0
2026-01-16,Pudim (fatia),Doces,47,10.0,3.2,0
2026-01-16,Pão de batata,Salgados,44,6.0,1.8,0
2026-01-16,Pão de forma caseiro,Pães,31,12.0,4.5,0
2026-01-16,Pão de queijo,Pães,225,3.5,1.1,0
2026-01-16,Pão francês,Pães,1020,0.9,0.3,0
2026-01-16,Pão na chapa,Lanches,153,6.0,1.5,0
2026-01-16,Sanduíche natural,Lanches,79,14.0,5.5,0
2026-01-16,Sonho,Doces,49,6.0,1.9,0
2026-01-16,Suco de laranja natural,Bebidas,110,9.0,3.0,0
2026-01-16,Torta de limão (fatia),Doces,39,11.0,3.5,0
2026-01-17,Baguete,Pães,28,8.0,2.6,0
2026-01-17,Bolo de cenoura (fatia),Doces,74,7.0,2.0,0
2026-01-17,Brigadeiro,Doces,76,3.0,0.9,0
2026-01-17,Coxinha,Salgados,157,7.5,2.3,0
2026-01-17,Croissant,Pães,54,7.0,2.4,0
2026-01-17,Empada de frango,Salgados,30,7.0,2.2,0
2026-01-17,Esfiha de carne,Salgados,62,6.5,2.0,0
2026-01-17,Misto quente,Lanches,59,9.0,3.0,0
2026-01-17,Pudim (fatia),Doces,50,10.0,3.2,0
2026-01-17,Pão de batata,Salgados,87,6.0,1.8,0
2026-01-17,Pão de forma caseiro,Pães,33,12.0,4.5,0
2026-01-17,Pão de queijo,Pães,209,3.5,1.1,0
2026-01-17,Pão francês,Pães,1923,0.9,0.3,0
2026-01-17,Pão na chapa,Lanches,120,6.0,1.5,0
2026-01-17,Sanduíche natural,Lanches,52,14.0,5.5,0
2026-01-17,Sonho,Doces,79,6.0,1.9,0
2026-01-17,Suco de laranja natural,Bebidas,93,9.0,3.0,0
2026-01-17,Torta de limão (fatia),Doces,30,11.0,3.5,0
2026-01-18,Baguete,Pães,50,8.0,2.6,0
2026-01-18,Bolo de cenoura (fatia),Doces,95,7.0,2.0,0
2026-01-18,Brigadeiro,Doces,150,3.0,0.9,0
2026-01-18,Coxinha,Salgados,151,7.5,2.3,0
2026-01-18,Croissant,Pães,83,7.0,2.4,0
2026-01-18,Empada de frango,Salgados,55,7.0,2.2,0
2026-01-18,Esfiha de carne,Salgados,64,6.5,2.0,0
2026-01-18,Misto quente,Lanches,88,9.0,3.0,0
2026-01-18,Pudim (fatia),Doces,35,10.0,3.2,0
2026-01-18,Pão de batata,Salgados,43,6.0,1.8,0
2026-01-18,Pão de forma caseiro,Pães,45,12.0,4.5,0
2026-01-18,Pão de queijo,Pães,296,3.5,1.1,0
2026-01-18,Pão francês,Pães,1303,0.9,0.3,0
2026-01-18,Pão na chapa,Lanches,215,6.0,1.5,0
2026-01-18,Sanduíche natural,Lanches,25,14.0,5.5,0
2026-01-18,Sonho,Doces,142,6.0,1.9,0
2026-01-18,Suco de laranja natural,Bebidas,240,9.0,3.0,0
2026-01-18,Torta de limão (fatia),Doces,55,11.0,3.5,0
2026-01-19,Baguete,Pães,51,8.0,2.6,0
2026-01-19,Bolo de cenoura (fatia),Doces,45,7.0,2.0,0
2026-01-19,Brigadeiro,Doces,94,3.0,0.9,0
2026-01-19,Coxinha,Salgados,83,7.5,2.3,0
2026-01-19,Croissant,Pães,78,7.0,2.4,0
2026-01-19,Empada de frango,Salgados,39,7.0,2.2,0
2026-01-19,Esfiha de carne,Salgados,70,6.5,2.0,0
2026-01-19,Misto quente,Lanches,141,9.0,3.0,0
2026-01-19,Pudim (fatia),Doces,22,10.0,3.2,0
2026-01-19,Pão de batata,Salgados,115,6.0,1.8,0
2026-01-19,Pão de forma caseiro,Pães,17,12.0,4.5,0
2026-01-19,Pão de queijo,Pães,154,3.5,1.1,0
2026-01-19,Pão francês,Pães,943,0.9,0.3,0
2026-01-19,Pão na chapa,Lanches,163,6.0,1.5,0
2026-01-19,Sanduíche natural,Lanches,82,14.0,5.5,0
2026-01-19,Sonho,Doces,62,6.0,1.9,0
2026-01-19,Suco de laranja natural,Bebidas,128,9.0,3.0,0
2026-01-19,Torta de limão (fatia),Doces,25,11.0,3.5,0
2026-01-20,Baguete,Pães,32,8.0,2.6,0
2026-01-20,Bolo de cenoura (fatia),Doces,83,7.0,2.0,0
2026-01-20,Brigadeiro,Doces,99,3.0,0.9,0
2026-01-20,Coxinha,Salgados,175,7.5,2.3,0
2026-01-20,Croissant,Pães,81,7.0,2.4,0
2026-01-20,Empada de frango,Salgados,62,7.0,2.2,0
2026-01-20,Esfiha de carne,Salgados,87,6.5,2.0,0
2026-01-20,Misto quente,Lanches,66,9.0,3.0,0
2026-01-20,Pudim (fatia),Doces,24,10.0,3.2,0
2026-01-20,Pão de batata,Salgados,52,6.0,1.8,0
2026-01-20,Pão de forma caseiro,Pães,30,12.0,4.5,0
2026-01-20,Pão de queijo,Pães,302,3.5,1.1,0
2026-01-20,Pão francês,Pães,795,0.9,0.3,0
2026-01-20,Pão na chapa,Lanches,97,6.0,1.5,0
2026-01-20,Sanduíche natural,Lanches,75,14.0,5.5,0
2026-01-20,Sonho,Doces,70,6.0,1.9,0
2026-01-20,Suco de laranja natural,Bebidas,88,9.0,3.0,0
2026-01-20,Torta de limão (fatia),Doces,20,11.0,3.5,0
2026-01-21,Baguete,Pães,21,8.0,2.6,0
2026-01-21,Bolo de cenoura (fatia),Doces,28,7.0,2.0,0
2026-01-21,Brigadeiro,Doces,67,3.0,0.9,0
2026-01-21,Coxinha,Salgados,211,7.5,2.3,0
2026-01-21,Croissant,Pães,60,7.0,2.4,0
2026-01-21,Empada de frango,Salgados,93,5.95,2.2,1
2026-01-21,Esfiha de carne,Salgados,141,6.5,2.0,0
2026-01-21,Misto quente,Lanches,68,9.0,3.0,0
2026-01-21,Pudim (fatia),Doces,22,10.0,3.2,0
2026-01-21,Pão de batata,Salgados,140,5.1,1.8,1
2026-01-21,Pão de forma caseiro,Pães,11,10.2,4.5,1
2026-01-21,Pão de queijo,Pães,198,3.5,1.1,0
2026-01-21,Pão francês,Pães,680,0.9,0.3,0
2026-01-21,Pão na chapa,Lanches,144,6.0,1.5,0
2026-01-21,Sanduíche natural,Lanches,50,14.0,5.5,0
2026-01-21,Sonho,Doces,63,6.0,1.9,0
2026-01-21,Suco de laranja natural,Bebidas,141,9.0,3.0,0
2026-01-21,Torta de limão (fatia),Doces,44,11.0,3.5,0
2026-01-22,Baguete,Pães,16,8.0,2.6,0
2026-01-22,Bolo de cenoura (fatia),Doces,50,5.95,2.0,1
2026-01-22,Brigadeiro,Doces,142,3.0,0.9,0
2026-01-22,Coxinha,Salgados,126,7.5,2.3,0
2026-01-22,Croissant,Pães,93,5.95,2.4,1
2026-01-22,Empada de frango,Salgados,118,7.0,2.2,0
2026-01-22,Esfiha de carne,Salgados,93,6.5,2.0,0
2026-01-22,Misto quente,Lanches,77,9.0,3.0,0
2026-01-22,Pudim (fatia),Doces,12,10.0,3.2,0
2026-01-22,Pão de batata,Salgados,127,6.0,1.8,0
2026-01-22,Pão de forma caseiro,Pães,48,12.0,4.5,0
2026-01-22,Pão de queijo,Pães,240,3.5,1.1,0
2026-01-22,Pão francês,Pães,1352,0.9,0.3,0
2026-01-22,Pão na chapa,Lanches,134,6.0,1.5,0
2026-01-22,Sanduíche natural,Lanches,123,11.9,5.5,1
2026-01-22,Sonho,Doces,63,6.0,1.9,0
2026-01-22,Suco de laranja natural,Bebidas,195,7.65,3.0,1
2026-01-22,Torta de limão (fatia),Doces,29,11.0,3.5,0
2026-01-23,Baguete,Pães,49,8.0,2.6,0
2026-01-23,Bolo de cenoura (fatia),Doces,73,7.0,2.0,0
2026-01-23,Brigadeiro,Doces,149,3.0,0.9,0
2026-01-23,Coxinha,Salgados,330,6.38,2.3,1
2026-01-23,Croissant,Pães,79,7.0,2.4,0
2026-01-23,Empada de frango,Salgados,122,7.0,2.2,0
2026-01-23,Esfiha de carne,Salgados,93,6.5,2.0,0
2026-01-23,Misto quente,Lanches,55,9.0,3.0,0
2026-01-23,Pudim (fatia),Doces,37,10.0,3.2,0
2026-01-23,Pão de batata,Salgados,129,6.0,1.8,0
2026-01-23,Pão de forma caseiro,Pães,37,10.2,4.5,1
2026-01-23,Pão de queijo,Pães,294,3.5,1.1,0
2026-01-23,Pão francês,Pães,1665,0.9,0.3,0
2026-01-23,Pão na chapa,Lanches,163,6.0,1.5,0
2026-01-23,Sanduíche natural,Lanches,75,14.0,5.5,0
2026-01-23,Sonho,Doces,31,6.0,1.9,0
2026-01-23,Suco de laranja natural,Bebidas,101,9.0,3.0,0
2026-01-23,Torta de limão (fatia),Doces,38,11.0,3.5,0
2026-01-24,Baguete,Pães,37,8.0,2.6,0
2026-01-24,Bolo de cenoura (fatia),Doces,55,7.0,2.0,0
2026-01-24,Brigadeiro,Doces,226,2.55,0.9,1
2026-01-24,Coxinha,Salgados,111,7.5,2.3,0
2026-01-24,Croissant,Pães,91,7.0,2.4,0
2026-01-24,Empada de frango,Salgados,53,7.0,2.2,0
2026-01-24,Esfiha de carne,Salgados,80,6.5,2.0,0
2026-01-24,Misto quente,Lanches,43,9.0,3.0,0
2026-01-24,Pudim (fatia),Doces,34,10.0,3.2,0
2026-01-24,Pão de batata,Salgados,58,6.0,1.8,0
2026-01-24,Pão de forma caseiro,Pães,37,12.0,4.5,0
2026-01-24,Pão de queijo,Pães,321,3.5,1.1,0
2026-01-24,Pão francês,Pães,1424,0.9,0.3,0
2026-01-24,Pão na chapa,Lanches,184,6.0,1.5,0
2026-01-24,Sanduíche natural,Lanches,47,14.0,5.5,0
2026-01-24,Sonho,Doces,69,6.0,1.9,0
2026-01-24,Suco de laranja natural,Bebidas,215,9.0,3.0,0
2026-01-24,Torta de limão (fatia),Doces,34,11.0,3.5,0
2026-01-25,Baguete,Pães,145,8.0,2.6,0
2026-01-25,Bolo de cenoura (fatia),Doces,105,7.0,2.0,0
2026-01-25,Brigadeiro,Doces,127,3.0,0.9,0
2026-01-25,Coxinha,Salgados,159,7.5,2.3,0
2026-01-25,Croissant,Pães,79,7.0,2.4,0
2026-01-25,Empada de frango,Salgados,59,7.0,2.2,0
2026-01-25,Esfiha de carne,Salgados,69,6.5,2.0,0
2026-01-25,Misto quente,Lanches,51,9.0,3.0,0
2026-01-25,Pudim (fatia),Doces,55,10.0,3.2,0
2026-01-25,Pão de batata,Salgados,43,6.0,1.8,0
2026-01-25,Pão de forma caseiro,Pães,57,12.0,4.5,0
2026-01-25,Pão de queijo,Pães,281,3.5,1.1,0
2026-01-25,Pão francês,Pães,1344,0.9,0.3,0
2026-01-25,Pão na chapa,Lanches,148,6.0,1.5,0
2026-01-25,Sanduíche natural,Lanches,50,14.0,5.5,0
2026-01-25,Sonho,Doces,141,6.0,1.9,0
2026-01-25,Suco de laranja natural,Bebidas,174,9.0,3.0,0
2026-01-25,Torta de limão (fatia),Doces,59,11.0,3.5,0
2026-01-26,Baguete,Pães,33,8.0,2.6,0
2026-01-26,Bolo de cenoura (fatia),Doces,90,7.0,2.0,0
2026-01-26,Brigadeiro,Doces,106,3.0,0.9,0
2026-01-26,Coxinha,Salgados,105,7.5,2.3,0
2026-01-26,Croissant,Pães,72,7.0,2.4,0
2026-01-26,Empada de frango,Salgados,82,7.0,2.2,0
2026-01-26,Esfiha de carne,Salgados,100,6.5,2.0,0
2026-01-26,Misto quente,Lanches,98,9.0,3.0,0
2026-01-26,Pudim (fatia),Doces,26,10.0,3.2,0
2026-01-26,Pão de batata,Salgados,109,6.0,1.8,0
2026-01-26,Pão de forma caseiro,Pães,16,12.0,4.5,0
2026-01-26,Pão de queijo,Pães,287,3.5,1.1,0
2026-01-26,Pão francês,Pães,1050,0.9,0.3,0
2026-01-26,Pão na chapa,Lanches,189,6.0,1.5,0
2026-01-26,Sanduíche natural,Lanches,60,14.0,5.5,0
2026-01-26,Sonho,Doces,48,6.0,1.9,0
2026-01-26,Suco de laranja natural,Bebidas,139,9.0,3.0,0
2026-01-26,Torta de limão (fatia),Doces,19,11.0,3.5,0
2026-01-27,Baguete,Pães,56,8.0,2.6,0
2026-01-27,Bolo de cenoura (fatia),Doces,63,7.0,2.0,0
2026-01-27,Brigadeiro,Doces,125,3.0,0.9,0
2026-01-27,Coxinha,Salgados,194,7.5,2.3,0
2026-01-27,Croissant,Pães,78,7.0,2.4,0
2026-01-27,Empada de frango,Salgados,40,7.0,2.2,0
2026-01-27,Esfiha de carne,Salgados,69,6.5,2.0,0
2026-01-27,Misto quente,Lanches,130,9.0,3.0,0
2026-01-27,Pudim (fatia),Doces,19,10.0,3.2,0
2026-01-27,Pão de batata,Salgados,87,6.0,1.8,0
2026-01-27,Pão de forma caseiro,Pães,16,12.0,4.5,0
2026-01-27,Pão de queijo,Pães,153,3.5,1.1,0
2026-01-27,Pão francês,Pães,795,0.9,0.3,0
2026-01-27,Pão na chapa,Lanches,101,6.0,1.5,0
2026-01-27,Sanduíche natural,Lanches,47,14.0,5.5,0
2026-01-27,Sonho,Doces,53,6.0,1.9,0
2026-01-27,Suco de laranja natural,Bebidas,73,9.0,3.0,0
2026-01-27,Torta de limão (fatia),Doces,29,11.0,3.5,0
2026-01-28,Baguete,Pães,67,8.0,2.6,0
2026-01-28,Bolo de cenoura (fatia),Doces,62,7.0,2.0,0
2026-01-28,Brigadeiro,Doces,54,3.0,0.9,0
2026-01-28,Coxinha,Salgados,195,7.5,2.3,0
2026-01-28,Croissant,Pães,93,7.0,2.4,0
2026-01-28,Empada de frango,Salgados,129,7.0,2.2,0
2026-01-28,Esfiha de carne,Salgados,99,6.5,2.0,0
2026-01-28,Misto quente,Lanches,70,9.0,3.0,0
2026-01-28,Pudim (fatia),Doces,24,10.0,3.2,0
2026-01-28,Pão de batata,Salgados,64,6.0,1.8,0
2026-01-28,Pão de forma caseiro,Pães,24,12.0,4.5,0
2026-01-28,Pão de queijo,Pães,327,3.5,1.1,0
2026-01-28,Pão francês,Pães,1066,0.9,0.3,0
2026-01-28,Pão na chapa,Lanches,180,6.0,1.5,0
2026-01-28,Sanduíche natural,Lanches,59,14.0,5.5,0
2026-01-28,Sonho,Doces,53,6.0,1.9,0
2026-01-28,Suco de laranja natural,Bebidas,46,9.0,3.0,0
2026-01-28,Torta de limão (fatia),Doces,27,11.0,3.5,0
2026-01-29,Baguete,Pães,60,8.0,2.6,0
2026-01-29,Bolo de cenoura (fatia),Doces,73,7.0,2.0,0
2026-01-29,Brigadeiro,Doces,101,3.0,0.9,0
2026-01-29,Coxinha,Salgados,174,7.5,2.3,0
2026-01-29,Croissant,Pães,91,7.0,2.4,0
2026-01-29,Empada de frango,Salgados,70,7.0,2.2,0
2026-01-29,Esfiha de carne,Salgados,79,6.5,2.0,0
2026-01-29,Misto quente,Lanches,83,9.0,3.0,0
2026-01-29,Pudim (fatia),Doces,24,10.0,3.2,0
2026-01-29,Pão de batata,Salgados,68,6.0,1.8,0
2026-01-29,Pão de forma caseiro,Pães,36,12.0,4.5,0
2026-01-29,Pão de queijo,Pães,229,3.5,1.1,0
2026-01-29,Pão francês,Pães,1066,0.9,0.3,0
2026-01-29,Pão na chapa,Lanches,149,6.0,1.5,0
2026-01-29,Sanduíche natural,Lanches,29,14.0,5.5,0
2026-01-29,Sonho,Doces,114,6.0,1.9,0
2026-01-29,Suco de laranja natural,Bebidas,104,9.0,3.0,0
2026-01-29,Torta de limão (fatia),Doces,37,11.0,3.5,0
2026-01-30,Baguete,Pães,102,8.0,2.6,0
2026-01-30,Bolo de cenoura (fatia),Doces,55,7.0,2.0,0
2026-01-30,Brigadeiro,Doces,100,3.0,0.9,0
2026-01-30,Coxinha,Salgados,176,6.38,2.3,1
2026-01-30,Croissant,Pães,62,7.0,2.4,0
2026-01-30,Empada de frango,Salgados,70,7.0,2.2,0
2026-01-30,Esfiha de carne,Salgados,117,6.5,2.0,0
2026-01-30,Misto quente,Lanches,87,9.0,3.0,0
2026-01-30,Pudim (fatia),Doces,26,10.0,3.2,0
2026-01-30,Pão de batata,Salgados,116,6.0,1.8,0
2026-01-30,Pão de forma caseiro,Pães,22,12.0,4.5,0
2026-01-30,Pão de queijo,Pães,302,3.5,1.1,0
2026-01-30,Pão francês,Pães,1722,0.9,0.3,0
2026-01-30,Pão na chapa,Lanches,87,6.0,1.5,0
2026-01-30,Sanduíche natural,Lanches,73,14.0,5.5,0
2026-01-30,Sonho,Doces,58,6.0,1.9,0
2026-01-30,Suco de laranja natural,Bebidas,77,9.0,3.0,0
2026-01-30,Torta de limão (fatia),Doces,37,11.0,3.5,0
2026-01-31,Baguete,Pães,72,8.0,2.6,0
2026-01-31,Bolo de cenoura (fatia),Doces,91,7.0,2.0,0
2026-01-31,Brigadeiro,Doces,153,3.0,0.9,0
2026-01-31,Coxinha,Salgados,101,7.5,2.3,0
2026-01-31,Croissant,Pães,92,7.0,2.4,0
2026-01-31,Empada de frango,Salgados,66,7.0,2.2,0
2026-01-31,Esfiha de carne,Salgados,93,6.5,2.0,0
2026-01-31,Misto quente,Lanches,61,9.0,3.0,0
2026-01-31,Pudim (fatia),Doces,32,10.0,3.2,0
2026-01-31,Pão de batata,Salgados,76,6.0,1.8,0
2026-01-31,Pão de forma caseiro,Pães,48,12.0,4.5,0
2026-01-31,Pão de queijo,Pães,282,3.5,1.1,0
2026-01-31,Pão francês,Pães,1365,0.9,0.3,0
2026-01-31,Pão na chapa,Lanches,230,6.0,1.5,0
2026-01-31,Sanduíche natural,Lanches,38,14.0,5.5,0
2026-01-31,Sonho,Doces,105,6.0,1.9,0
2026-01-31,Suco de laranja natural,Bebidas,159,9.0,3.0,0
2026-01-31,Torta de limão (fatia),Doces,55,11.0,3.5,0
2026-02-01,Baguete,Pães,68,8.0,2.6,0
2026-02-01,Bolo de cenoura (fatia),Doces,40,7.0,2.0,0
2026-02-01,Brigadeiro,Doces,159,3.0,0.9,0
2026-02-01,Coxinha,Salgados,127,7.5,2.3,0
2026-02-01,Croissant,Pães,171,7.0,2.4,0
2026-02-01,Empada de frango,Salgados,58,7.0,2.2,0
2026-02-01,Esfiha de carne,Salgados,69,6.5,2.0,0
2026-02-01,Misto quente,Lanches,76,9.0,3.0,0
2026-02-01,Pudim (fatia),Doces,34,10.0,3.2,0
2026-02-01,Pão de batata,Salgados,58,6.0,1.8,0
2026-02-01,Pão de forma caseiro,Pães,35,12.0,4.5,0
2026-02-01,Pão de queijo,Pães,267,3.5,1.1,0
2026-02-01,Pão francês,Pães,1279,0.9,0.3,0
2026-02-01,Pão na chapa,Lanches,191,6.0,1.5,0
2026-02-01,Sanduíche natural,Lanches,26,14.0,5.5,0
2026-02-01,Sonho,Doces,44,6.0,1.9,0
2026-02-01,Suco de laranja natural,Bebidas,144,9.0,3.0,0
2026-02-01,Torta de limão (fatia),Doces,102,11.0,3.5,0
2026-02-02,Baguete,Pães,47,8.0,2.6,0
2026-02-02,Bolo de cenoura (fatia),Doces,27,7.0,2.0,0
2026-02-02,Brigadeiro,Doces,68,3.0,0.9,0
2026-02-02,Coxinha,Salgados,106,7.5,2.3,0
2026-02-02,Croissant,Pães,52,7.0,2.4,0
2026-02-02,Empada de frango,Salgados,114,5.95,2.2,1
2026-02-02,Esfiha de carne,Salgados,111,6.5,2.0,0
2026-02-02,Misto quente,Lanches,203,7.65,3.0,1
2026-02-02,Pudim (fatia),Doces,36,10.0,3.2,0
2026-02-02,Pão de batata,Salgados,121,6.0,1.8,0
2026-02-02,Pão de forma caseiro,Pães,25,12.0,4.5,0
2026-02-02,Pão de queijo,Pães,170,3.5,1.1,0
2026-02-02,Pão francês,Pães,895,0.9,0.3,0
2026-02-02,Pão na chapa,Lanches,93,6.0,1.5,0
2026-02-02,Sanduíche natural,Lanches,44,14.0,5.5,0
2026-02-02,Sonho,Doces,61,6.0,1.9,0
2026-02-02,Suco de laranja natural,Bebidas,74,9.0,3.0,0
2026-02-02,Torta de limão (fatia),Doces,27,11.0,3.5,0
2026-02-03,Baguete,Pães,77,8.0,2.6,0
2026-02-03,Bolo de cenoura (fatia),Doces,64,7.0,2.0,0
2026-02-03,Brigadeiro,Doces,90,3.0,0.9,0
2026-02-03,Coxinha,Salgados,175,7.5,2.3,0
2026-02-03,Croissant,Pães,91,7.0,2.4,0
2026-02-03,Empada de frango,Salgados,71,7.0,2.2,0
2026-02-03,Esfiha de carne,Salgados,82,6.5,2.0,0
2026-02-03,Misto quente,Lanches,63,9.0,3.0,0
2026-02-03,Pudim (fatia),Doces,14,10.0,3.2,0
2026-02-03,Pão de batata,Salgados,82,6.0,1.8,0
2026-02-03,Pão de forma caseiro,Pães,36,12.0,4.5,0
2026-02-03,Pão de queijo,Pães,208,3.5,1.1,0
2026-02-03,Pão francês,Pães,1282,0.9,0.3,0
2026-02-03,Pão na chapa,Lanches,161,6.0,1.5,0
2026-02-03,Sanduíche natural,Lanches,74,14.0,5.5,0
2026-02-03,Sonho,Doces,40,6.0,1.9,0
2026-02-03,Suco de laranja natural,Bebidas,161,9.0,3.0,0
2026-02-03,Torta de limão (fatia),Doces,17,11.0,3.5,0
2026-02-04,Baguete,Pães,53,8.0,2.6,0
2026-02-04,Bolo de cenoura (fatia),Doces,71,7.0,2.0,0
2026-02-04,Brigadeiro,Doces,131,2.55,0.9,1
2026-02-04,Coxinha,Salgados,136,7.5,2.3,0
2026-02-04,Croissant,Pães,87,7.0,2.4,0
2026-02-04,Empada de frango,Salgados,75,7.0,2.2,0
2026-02-04,Esfiha de carne,Salgados,83,6.5,2.0,0
2026-02-04,Misto quente,Lanches,46,9.0,3.0,0
2026-02-04,Pudim (fatia),Doces,15,10.0,3.2,0
2026-02-04,Pão de batata,Salgados,57,6.0,1.8,0
2026-02-04,Pão de forma caseiro,Pães,34,12.0,4.5,0
2026-02-04,Pão de queijo,Pães,197,3.5,1.1,0
2026-02-04,Pão francês,Pães,947,0.9,0.3,0
2026-02-04,Pão na chapa,Lanches,89,6.0,1.5,0
2026-02-04,Sanduíche natural,Lanches,61,14.0,5.5,0
2026-02-04,Sonho,Doces,109,6.0,1.9,0
2026-02-04,Suco de laranja natural,Bebidas,155,9.0,3.0,0
2026-02-04,Torta de limão (fatia),Doces,45,11.0,3.5,0
2026-02-05,Baguete,Pães,83,8.0,2.6,0
2026-02-05,Bolo de cenoura (fatia),Doces,58,7.0,2.0,0
2026-02-05,Brigadeiro,Doces,155,3.0,0.9,0
2026-02-05,Coxinha,Salgados,173,7.5,2.3,0
2026-02-05,Croissant,Pães,84,5.95,2.4,1
2026-02-05,Empada de frango,Salgados,82,7.0,2.2,0
2026-02-05,Esfiha de carne,Salgados,116,6.5,2.0,0
2026-02-05,Misto quente,Lanches,109,9.0,3.0,0
2026-02-05,Pudim (fatia),Doces,24,10.0,3.2,0
2026-02-05,Pão de batata,Salgados,96,6.0,1.8,0
2026-02-05,Pão de forma caseiro,Pães,16,12.0,4.5,0
2026-02-05,Pão de queijo,Pães,356,2.98,1.1,1
2026-02-05,Pão francês,Pães,807,0.9,0.3,0
2026-02-05,Pão na chapa,Lanches,168,6.0,1.5,0
2026-02-05,Sanduíche natural,Lanches,49,14.0,5.5,0
2026-02-05,Sonho,Doces,42,6.0,1.9,0
2026-02-05,Suco de laranja natural,Bebidas,86,9.0,3.0,0
2026-02-05,Torta de limão (fatia),Doces,58,11.0,3.5,0
2026-02-06,Baguete,Pães,49,8.0,2.6,0
2026-02-06,Bolo de cenoura (fatia),Doces,143,7.0,2.0,0
2026-02-06,Brigadeiro,Doces,87,3.0,0.9,0
2026-02-06,Coxinha,Salgados,163,7.5,2.3,0
2026-02-06,Croissant,Pães,43,7.0,2.4,0
2026-02-06,Empada de frango,Salgados,118,7.0,2.2,0
2026-02-06,Esfiha de carne,Salgados,68,6.5,2.0,0
2026-02-06,Misto quente,Lanches,135,9.0,3.0,0
2026-02-06,Pudim (fatia),Doces,40,10.0,3.2,0
2026-02-06,Pão de batata,Salgados,76,6.0,1.8,0
2026-02-06,Pão de forma caseiro,Pães,29,12.0,4.5,0
2026-02-06,Pão de queijo,Pães,300,3.5,1.1,0
2026-02-06,Pão francês,Pães,799,0.9,0.3,0
2026-02-06,Pão na chapa,Lanches,127,6.0,1.5,0
2026-02-06,Sanduíche natural,Lanches,120,14.0,5.5,0
2026-02-06,Sonho,Doces,64,6.0,1.9,0
2026-02-06,Suco de laranja natural,Bebidas,78,9.0,3.0,0
2026-02-06,Torta de limão (fatia),Doces,36,11.0,3.5,0
2026-02-07,Baguete,Pães,109,6.8,2.6,1
2026-02-07,Bolo de cenoura (fatia),Doces,81,7.0,2.0,0
2026-02-07,Brigadeiro,Doces,210,3.0,0.9,0
2026-02-07,Coxinha,Salgados,121,7.5,2.3,0
2026-02-07,Croissant,Pães,81,7.0,2.4,0
2026-02-07,Empada de frango,Salgados,154,7.0,2.2,0
2026-02-07,Esfiha de carne,Salgados,132,6.5,2.0,0
2026-02-07,Misto quente,Lanches,53,9.0,3.0,0
2026-02-07,Pudim (fatia),Doces,40,10.0,3.2,0
2026-02-07,Pão de batata,Salgados,47,6.0,1.8,0
2026-02-07,Pão de forma caseiro,Pães,42,12.0,4.5,0
2026-02-07,Pão de queijo,Pães,300,3.5,1.1,0
2026-02-07,Pão francês,Pães,1450,0.9,0.3,0
2026-02-07,Pão na chapa,Lanches,166,6.0,1.5,0
2026-02-07,Sanduíche natural,Lanches,71,14.0,5.5,0
2026-02-07,Sonho,Doces,61,6.0,1.9,0
2026-02-07,Suco de laranja natural,Bebidas,137,9.0,3.0,0
2026-02-07,Torta de limão (fatia),Doces,70,11.0,3.5,0
2026-02-08,Baguete,Pães,81,8.0,2.6,0
2026-02-08,Bolo de cenoura (fatia),Doces,94,7.0,2.0,0
2026-02-08,Brigadeiro,Doces,163,3.0,0.9,0
2026-02-08,Coxinha,Salgados,124,7.5,2.3,0
2026-02-08,Croissant,Pães,115,7.0,2.4,0
2026-02-08,Empada de frango,Salgados,37,7.0,2.2,0
2026-02-08,Esfiha de carne,Salgados,66,6.5,2.0,0
2026-02-08,Misto quente,Lanches,57,9.0,3.0,0
2026-02-08,Pudim (fatia),Doces,82,10.0,3.2,0
2026-02-08,Pão de batata,Salgados,98,6.0,1.8,0
2026-02-08,Pão de forma caseiro,Pães,28,12.0,4.5,0
2026-02-08,Pão de queijo,Pães,356,3.5,1.1,0
2026-02-08,Pão francês,Pães,1427,0.9,0.3,0
2026-02-08,Pão na chapa,Lanches,198,6.0,1.5,0
2026-02-08,Sanduíche natural,Lanches,24,14.0,5.5,0
2026-02-08,Sonho,Doces,114,6.0,1.9,0
2026-02-08,Suco de laranja natural,Bebidas,140,9.0,3.0,0
2026-02-08,Torta de limão (fatia),Doces,58,11.0,3.5,0
2026-02-09,Baguete,Pães,54,8.0,2.6,0
2026-02-09,Bolo de cenoura (fatia),Doces,40,7.0,2.0,0
2026-02-09,Brigadeiro,Doces,126,3.0,0.9,0
2026-02-09,Coxinha,Salgados,166,7.5,2.3,0
2026-02-09,Croissant,Pães,90,7.0,2.4,0
2026-02-09,Empada de frango,Salgados,89,7.0,2.2,0
2026-02-09,Esfiha de carne,Salgados,173,6.5,2.0,0
2026-02-09,Misto quente,Lanches,128,9.0,3.0,0
2026-02-09,Pudim (fatia),Doces,42,10.0,3.2,0
2026-02-09,Pão de batata,Salgados,74,6.0,1.8,0
2026-02-09,Pão de forma caseiro,Pães,35,12.0,4.5,0
2026-02-09,Pão de queijo,Pães,218,3.5,1.1,0
2026-02-09,Pão francês,Pães,1220,0.9,0.3,0
2026-02-09,Pão na chapa,Lanches,147,6.0,1.5,0
2026-02-09,Sanduíche natural,Lanches,52,14.0,5.5,0
2026-02-09,Sonho,Doces,59,6.0,1.9,0
2026-02-09,Suco de laranja natural,Bebidas,96,9.0,3.0,0
2026-02-09,Torta de limão (fatia),Doces,20,11.0,3.5,0
2026-02-10,Baguete,Pães,34,8.0,2.6,0
2026-02-10,Bolo de cenoura (fatia),Doces,44,7.0,2.0,0
2026-02-10,Brigadeiro,Doces,43,3.0,0.9,0
2026-02-10,Coxinha,Salgados,202,7.5,2.3,0
2026-02-10,Croissant,Pães,58,7.0,2.4,0
2026-02-10,Empada de frango,Salgados,60,7.0,2.2,0
2026-02-10,Esfiha de carne,Salgados,100,6.5,2.0,0
2026-02-10,Misto quente,Lanches,107,9.0,3.0,0
2026-02-10,Pudim (fatia),Doces,11,10.0,3.2,0
2026-02-10,Pão de batata,Salgados,101,6.0,1.8,0
2026-02-10,Pão de forma caseiro,Pães,28,12.0,4.5,0
2026-02-10,Pão de queijo,Pães,154,3.5,1.1,0
2026-02-10,Pão francês,Pães,1185,0.9,0.3,0
2026-02-10,Pão na chapa,Lanches,143,6.0,1.5,0
2026-02-10,Sanduíche natural,Lanches,54,14.0,5.5,0
2026-02-10,Sonho,Doces,69,6.0,1.9,0
2026-02-10,Suco de laranja natural,Bebidas,83,9.0,3.0,0
2026-02-10,Torta de limão (fatia),Doces,12,11.0,3.5,0
2026-02-11,Baguete,Pães,77,8.0,2.6,0
2026-02-11,Bolo de cenoura (fatia),Doces,32,7.0,2.0,0
2026-02-11,Brigadeiro,Doces,78,3.0,0.9,0
2026-02-11,Coxinha,Salgados,160,7.5,2.3,0
2026-02-11,Croissant,Pães,58,7.0,2.4,0
2026-02-11,Empada de frango,Salgados,41,7.0,2.2,0
2026-02-11,Esfiha de carne,Salgados,56,6.5,2.0,0
2026-02-11,Misto quente,Lanches,109,9.0,3.0,0
2026-02-11,Pudim (fatia),Doces,13,10.0,3.2,0
2026-02-11,Pão de batata,Salgados,73,6.0,1.8,0
2026-02-11,Pão de forma caseiro,Pães,36,10.2,4.5,1
2026-02-11,Pão de queijo,Pães,231,3.5,1.1,0
2026-02-11,Pão francês,Pães,1302,0.9,0.3,0
2026-02-11,Pão na chapa,Lanches,116,6.0,1.5,0
2026-02-11,Sanduíche natural,Lanches,65,14.0,5.5,0
2026-02-11,Sonho,Doces,66,6.0,1.9,0
2026-02-11,Suco de laranja natural,Bebidas,38,9.0,3.0,0
2026-02-11,Torta de limão (fatia),Doces,21,11.0,3.5,0
2026-02-12,Baguete,Pães,58,8.0,2.6,0
2026-02-12,Bolo de cenoura (fatia),Doces,59,7.0,2.0,0
2026-02-12,Brigadeiro,Doces,84,3.0,0.9,0
2026-02-12,Coxinha,Salgados,196,7.5,2.3,0
2026-02-12,Croissant,Pães,76,7.0,2.4,0
2026-02-12,Empada de frango,Salgados,43,7.0,2.2,0
2026-02-12,Esfiha de carne,Salgados,147,6.5,2.0,0
2026-02-12,Misto quente,Lanches,72,9.0,3.0,0
2026-02-12,Pudim (fatia),Doces,33,10.0,3.2,0
2026-02-12,Pão de batata,Salgados,136,6.0,1.8,0
2026-02-12,Pão de forma caseiro,Pães,25,12.0,4.5,0
2026-02-12,Pão de queijo,Pães,189,3.5,1.1,0
2026-02-12,Pão francês,Pães,1027,0.9,0.3,0
2026-02-12,Pão na chapa,Lanches,178,6.0,1.5,0
2026-02-12,Sanduíche natural,Lanches,55,14.0,5.5,0
2026-02-12,Sonho,Doces,77,6.0,1.9,0
2026-02-12,Suco de laranja natural,Bebidas,110,9.0,3.0,0
2026-02-12,Torta de limão (fatia),Doces,34,11.0,3.5,0
2026-02-13,Baguete,Pães,44,8.0,2.6,0
2026-02-13,Bolo de cenoura (fatia),Doces,123,5.95,2.0,1
2026-02-13,Brigadeiro,Doces,93,3.0,0.9,0
2026-02-13,Coxinha,Salgados,172,7.5,2.3,0
2026-02-13,Croissant,Pães,40,7.0,2.4,0
2026-02-13,Empada de frango,Salgados,101,7.0,2.2,0
2026-02-13,Esfiha de carne,Salgados,92,6.5,2.0,0
2026-02-13,Misto quente,Lanches,162,9.0,3.0,0
2026-02-13,Pudim (fatia),Doces,35,10.0,3.2,0
2026-02-13,Pão de batata,Salgados,68,6.0,1.8,0
2026-02-13,Pão de forma caseiro,Pães,26,12.0,4.5,0
2026-02-13,Pão de queijo,Pães,179,3.5,1.1,0
2026-02-13,Pão francês,Pães,1165,0.9,0.3,0
2026-02-13,Pão na chapa,Lanches,150,6.0,1.5,0
2026-02-13,Sanduíche natural,Lanches,39,14.0,5.5,0
2026-02-13,Sonho,Doces,82,6.0,1.9,0
2026-02-13,Suco de laranja natural,Bebidas,105,9.0,3.0,0
2026-02-13,Torta de limão (fatia),Doces,43,11.0,3.5,0
2026-02-14,Baguete,Pães,109,8.0,2.6,0
2026-02-14,Bolo de cenoura (fatia),Doces,117,7.0,2.0,0
2026-02-14,Brigadeiro,Doces,135,3.0,0.9,0
2026-02-14,Coxinha,Salgados,163,7.5,2.3,0
2026-02-14,Croissant,Pães,68,7.0,2.4,0
2026-02-14,Empada de frango,Salgados,39,7.0,2.2,0
2026-02-14,Esfiha de carne,Salgados,69,6.5,2.0,0
2026-02-14,Misto quente,Lanches,112,9.0,3.0,0
2026-02-14,Pudim (fatia),Doces,36,10.0,3.2,0
2026-02-14,Pão de batata,Salgados,135,6.0,1.8,0
2026-02-14,Pão de forma caseiro,Pães,51,12.0,4.5,0
2026-02-14,Pão de queijo,Pães,294,3.5,1.1,0
2026-02-14,Pão francês,Pães,1865,0.9,0.3,0
2026-02-14,Pão na chapa,Lanches,135,6.0,1.5,0
2026-02-14,Sanduíche natural,Lanches,55,14.0,5.5,0
2026-02-14,Sonho,Doces,91,6.0,1.9,0
2026-02-14,Suco de laranja natural,Bebidas,213,9.0,3.0,0
2026-02-14,Torta de limão (fatia),Doces,38,9.35,3.5,1
2026-02-15,Baguete,Pães,36,8.0,2.6,0
2026-02-15,Bolo de cenoura (fatia),Doces,91,7.0,2.0,0
2026-02-15,Brigadeiro,Doces,138,3.0,0.9,0
2026-02-15,Coxinha,Salgados,118,7.5,2.3,0
2026-02-15,Croissant,Pães,82,7.0,2.4,0
2026-02-15,Empada de frango,Salgados,41,7.0,2.2,0
2026-02-15,Esfiha de carne,Salgados,69,6.5,2.0,0
2026-02-15,Misto quente,Lanches,45,9.0,3.0,0
2026-02-15,Pudim (fatia),Doces,35,10.0,3.2,0
2026-02-15,Pão de batata,Salgados,65,6.0,1.8,0
2026-02-15,Pão de forma caseiro,Pães,28,12.0,4.5,0
2026-02-15,Pão de queijo,Pães,268,3.5,1.1,0
2026-02-15,Pão francês,Pães,1225,0.9,0.3,0
2026-02-15,Pão na chapa,Lanches,311,5.1,1.5,1
2026-02-15,Sanduíche natural,Lanches,40,14.0,5.5,0
2026-02-15,Sonho,Doces,105,6.0,1.9,0
2026-02-15,Suco de laranja natural,Bebidas,157,9.0,3.0,0
2026-02-15,Torta de limão (fatia),Doces,83,9.35,3.5,1
2026-02-16,Baguete,Pães,90,8.0,2.6,0
2026-02-16,Bolo de cenoura (fatia),Doces,39,7.0,2.0,0
2026-02-16,Brigadeiro,Doces,60,3.0,0.9,0
2026-02-16,Coxinha,Salgados,155,7.5,2.3,0
2026-02-16,Croissant,Pães,59,7.0,2.4,0
2026-02-16,Empada de frango,Salgados,65,7.0,2.2,0
2026-02-16,Esfiha de carne,Salgados,150,6.5,2.0,0
2026-02-16,Misto quente,Lanches,95,9.0,3.0,0
2026-02-16,Pudim (fatia),Doces,32,10.0,3.2,0
2026-02-16,Pão de batata,Salgados,129,6.0,1.8,0
2026-02-16,Pão de forma caseiro,Pães,26,12.0,4.5,0
2026-02-16,Pão de queijo,Pães,279,2.98,1.1,1
2026-02-16,Pão francês,Pães,1013,0.9,0.3,0
2026-02-16,Pão na chapa,Lanches,130,6.0,1.5,0
2026-02-16,Sanduíche natural,Lanches,51,14.0,5.5,0
2026-02-16,Sonho,Doces,55,6.0,1.9,0
2026-02-16,Suco de laranja natural,Bebidas,93,9.0,3.0,0
2026-02-16,Torta de limão (fatia),Doces,19,11.0,3.5,0
2026-02-17,Baguete,Pães,47,8.0,2.6,0
2026-02-17,Bolo de cenoura (fatia),Doces,66,7.0,2.0,0
2026-02-17,Brigadeiro,Doces,76,3.0,0.9,0
2026-02-17,Coxinha,Salgados,133,7.5,2.3,0
2026-02-17,Croissant,Pães,70,5.95,2.4,1
2026-02-17,Empada de frango,Salgados,82,7.0,2.2,0
2026-02-17,Esfiha de carne,Salgados,102,6.5,2.0,0
2026-02-17,Misto quente,Lanches,144,9.0,3.0,0
2026-02-17,Pudim (fatia),Doces,30,10.0,3.2,0
2026-02-17,Pão de batata,Salgados,150,6.0,1.8,0
2026-02-17,Pão de forma caseiro,Pães,32,12.0,4.5,0
2026-02-17,Pão de queijo,Pães,284,3.5,1.1,0
2026-02-17,Pão francês,Pães,883,0.9,0.3,0
2026-02-17,Pão na chapa,Lanches,188,6.0,1.5,0
2026-02-17,Sanduíche natural,Lanches,64,14.0,5.5,0
2026-02-17,Sonho,Doces,45,6.0,1.9,0
2026-02-17,Suco de laranja natural,Bebidas,106,9.0,3.0,0
2026-02-17,Torta de limão (fatia),Doces,30,11.0,3.5,0
2026-02-18,Baguete,Pães,34,8.0,2.6,0
2026-02-18,Bolo de cenoura (fatia),Doces,83,7.0,2.0,0
2026-02-18,Brigadeiro,Doces,61,3.0,0.9,0
2026-02-18,Coxinha,Salgados,184,7.5,2.3,0
2026-02-18,Croissant,Pães,40,7.0,2.4,0
2026-02-18,Empada de frango,Salgados,98,7.0,2.2,0
2026-02-18,Esfiha de carne,Salgados,101,6.5,2.0,0
2026-02-18,Misto quente,Lanches,40,9.0,3.0,0
2026-02-18,Pudim (fatia),Doces,24,10.0,3.2,0
2026-02-18,Pão de batata,Salgados,87,6.0,1.8,0
2026-02-18,Pão de forma caseiro,Pães,10,12.0,4.5,0
2026-02-18,Pão de queijo,Pães,146,3.5,1.1,0
2026-02-18,Pão francês,Pães,1138,0.9,0.3,0
2026-02-18,Pão na chapa,Lanches,129,6.0,1.5,0
2026-02-18,Sanduíche natural,Lanches,64,14.0,5.5,0
2026-02-18,Sonho,Doces,81,6.0,1.9,0
2026-02-18,Suco de laranja natural,Bebidas,110,9.0,3.0,0
2026-02-18,Torta de limão (fatia),Doces,17,11.0,3.5,0
2026-02-19,Baguete,Pães,53,8.0,2.6,0
2026-02-19,Bolo de cenoura (fatia),Doces,40,7.0,2.0,0
2026-02-19,Brigadeiro,Doces,101,3.0,0.9,0
2026-02-19,Coxinha,Salgados,153,7.5,2.3,0
2026-02-19,Croissant,Pães,71,7.0,2.4,0
2026-02-19,Empada de frango,Salgados,121,7.0,2.2,0
2026-02-19,Esfiha de carne,Salgados,111,6.5,2.0,0
2026-02-19,Misto quente,Lanches,102,9.0,3.0,0
2026-02-19,Pudim (fatia),Doces,26,10.0,3.2,0
2026-02-19,Pão de batata,Salgados,108,6.0,1.8,0
2026-02-19,Pão de forma caseiro,Pães,24,12.0,4.5,0
2026-02-19,Pão de queijo,Pães,291,3.5,1.1,0
2026-02-19,Pão francês,Pães,1218,0.9,0.3,0
2026-02-19,Pão na chapa,Lanches,118,6.0,1.5,0
2026-02-19,Sanduíche natural,Lanches,67,14.0,5.5,0
2026-02-19,Sonho,Doces,44,6.0,1.9,0
2026-02-19,Suco de laranja natural,Bebidas,170,7.65,3.0,1
2026-02-19,Torta de limão (fatia),Doces,23,11.0,3.5,0
2026-02-20,Baguete,Pães,37,8.0,2.6,0
2026-02-20,Bolo de cenoura (fatia),Doces,49,7.0,2.0,0
2026-02-20,Brigadeiro,Doces,126,3.0,0.9,0
2026-02-20,Coxinha,Salgados,201,7.5,2.3,0
2026-02-20,Croissant,Pães,52,7.0,2.4,0
2026-02-20,Empada de frango,Salgados,57,7.0,2.2,0
2026-02-20,Esfiha de carne,Salgados,94,6.5,2.0,0
2026-02-20,Misto quente,Lanches,156,9.0,3.0,0
2026-02-20,Pudim (fatia),Doces,47,10.0,3.2,0
2026-02-20,Pão de batata,Salgados,179,5.1,1.8,1
2026-02-20,Pão de forma caseiro,Pães,29,12.0,4.5,0
2026-02-20,Pão de queijo,Pães,186,3.5,1.1,0
2026-02-20,Pão francês,Pães,1011,0.9,0.3,0
2026-02-20,Pão na chapa,Lanches,168,6.0,1.5,0
2026-02-20,Sanduíche natural,Lanches,64,14.0,5.5,0
2026-02-20,Sonho,Doces,78,6.0,1.9,0
2026-02-20,Suco de laranja natural,Bebidas,81,9.0,3.0,0
2026-02-20,Torta de limão (fatia),Doces,87,11.0,3.5,0
2026-02-21,Baguete,Pães,71,8.0,2.6,0
2026-02-21,Bolo de cenoura (fatia),Doces,86,7.0,2.0,0
2026-02-21,Brigadeiro,Doces,113,3.0,0.9,0
2026-02-21,Coxinha,Salgados,155,7.5,2.3,0
2026-02-21,Croissant,Pães,127,7.0,2.4,0
2026-02-21,Empada de frango,Salgados,53,7.0,2.2,0
2026-02-21,Esfiha de carne,Salgados,101,6.5,2.0,0
2026-02-21,Misto quente,Lanches,111,9.0,3.0,0
2026-02-21,Pudim (fatia),Doces,46,10.0,3.2,0
2026-02-21,Pão de batata,Salgados,74,6.0,1.8,0
2026-02-21,Pão de forma caseiro,Pães,28,12.0,4.5,0
2026-02-21,Pão de queijo,Pães,414,3.5,1.1,0
2026-02-21,Pão francês,Pães,1203,0.9,0.3,0
2026-02-21,Pão na chapa,Lanches,225,6.0,1.5,0
2026-02-21,Sanduíche natural,Lanches,25,14.0,5.5,0
2026-02-21,Sonho,Doces,97,6.0,1.9,0
2026-02-21,Suco de laranja natural,Bebidas,129,7.65,3.0,1
2026-02-21,Torta de limão (fatia),Doces,47,11.0,3.5,0
2026-02-22,Baguete,Pães,41,8.0,2.6,0
2026-02-22,Bolo de cenoura (fatia),Doces,77,7.0,2.0,0
2026-02-22,Brigadeiro,Doces,169,3.0,0.9,0
2026-02-22,Coxinha,Salgados,110,7.5,2.3,0
2026-02-22,Croissant,Pães,136,7.0,2.4,0
2026-02-22,Empada de frango,Salgados,77,7.0,2.2,0
2026-02-22,Esfiha de carne,Salgados,71,6.5,2.0,0
2026-02-22,Misto quente,Lanches,40,9.0,3.0,0
2026-02-22,Pudim (fatia),Doces,39,10.0,3.2,0
2026-02-22,Pão de batata,Salgados,107,6.0,1.8,0
2026-02-22,Pão de forma caseiro,Pães,39,12.0,4.5,0
2026-02-22,Pão de queijo,Pães,245,3.5,1.1,0
2026-02-22,Pão francês,Pães,1990,0.9,0.3,0
2026-02-22,Pão na chapa,Lanches,205,6.0,1.5,0
2026-02-22,Sanduíche natural,Lanches,44,14.0,5.5,0
2026-02-22,Sonho,Doces,77,6.0,1.9,0
2026-02-22,Suco de laranja natural,Bebidas,108,9.0,3.0,0
2026-02-22,Torta de limão (fatia),Doces,67,11.0,3.5,0
2026-02-23,Baguete,Pães,50,8.0,2.6,0
2026-02-23,Bolo de cenoura (fatia),Doces,58,7.0,2.0,0
2026-02-23,Brigadeiro,Doces,101,3.0,0.9,0
2026-02-23,Coxinha,Salgados,141,7.5,2.3,0
2026-02-23,Croissant,Pães,68,7.0,2.4,0
2026-02-23,Empada de frango,Salgados,83,7.0,2.2,0
2026-02-23,Esfiha de carne,Salgados,78,6.5,2.0,0
2026-02-23,Misto quente,Lanches,61,9.0,3.0,0
2026-02-23,Pudim (fatia),Doces,19,10.0,3.2,0
2026-02-23,Pão de batata,Salgados,77,6.0,1.8,0
2026-02-23,Pão de forma caseiro,Pães,37,10.2,4.5,1
2026-02-23,Pão de queijo,Pães,205,3.5,1.1,0
2026-02-23,Pão francês,Pães,1472,0.9,0.3,0
2026-02-23,Pão na chapa,Lanches,139,6.0,1.5,0
2026-02-23,Sanduíche natural,Lanches,71,14.0,5.5,0
2026-02-23,Sonho,Doces,131,5.1,1.9,1
2026-02-23,Suco de laranja natural,Bebidas,103,9.0,3.0,0
2026-02-23,Torta de limão (fatia),Doces,35,11.0,3.5,0
2026-02-24,Baguete,Pães,42,8.0,2.6,0
2026-02-24,Bolo de cenoura (fatia),Doces,41,7.0,2.0,0
2026-02-24,Brigadeiro,Doces,167,3.0,0.9,0
2026-02-24,Coxinha,Salgados,150,7.5,2.3,0
2026-02-24,Croissant,Pães,128,7.0,2.4,0
2026-02-24,Empada de frango,Salgados,86,7.0,2.2,0
2026-02-24,Esfiha de carne,Salgados,131,6.5,2.0,0
2026-02-24,Misto quente,Lanches,81,9.0,3.0,0
2026-02-24,Pudim (fatia),Doces,43,10.0,3.2,0
2026-02-24,Pão de batata,Salgados,117,6.0,1.8,0
2026-02-24,Pão de forma caseiro,Pães,30,12.0,4.5,0
2026-02-24,Pão de queijo,Pães,328,3.5,1.1,0
2026-02-24,Pão francês,Pães,914,0.9,0.3,0
2026-02-24,Pão na chapa,Lanches,106,6.0,1.5,0
2026-02-24,Sanduíche natural,Lanches,67,14.0,5.5,0
2026-02-24,Sonho,Doces,54,6.0,1.9,0
2026-02-24,Suco de laranja natural,Bebidas,88,9.0,3.0,0
2026-02-24,Torta de limão (fatia),Doces,33,11.0,3.5,0
2026-02-25,Baguete,Pães,23,8.0,2.6,0
2026-02-25,Bolo de cenoura (fatia),Doces,82,7.0,2.0,0
2026-02-25,Brigadeiro,Doces,182,3.0,0.9,0
2026-02-25,Coxinha,Salgados,123,7.5,2.3,0
2026-02-25,Croissant,Pães,129,7.0,2.4,0
2026-02-25,Empada de frango,Salgados,94,5.95,2.2,1
2026-02-25,Esfiha de carne,Salgados,108,6.5,2.0,0
2026-02-25,Misto quente,Lanches,110,9.0,3.0,0
2026-02-25,Pudim (fatia),Doces,28,10.0,3.2,0
2026-02-25,Pão de batata,Salgados,75,6.0,1.8,0
2026-02-25,Pão de forma caseiro,Pães,37,12.0,4.5,0
2026-02-25,Pão de queijo,Pães,260,3.5,1.1,0
2026-02-25,Pão francês,Pães,937,0.9,0.3,0
2026-02-25,Pão na chapa,Lanches,165,6.0,1.5,0
2026-02-25,Sanduíche natural,Lanches,83,14.0,5.5,0
2026-02-25,Sonho,Doces,63,6.0,1.9,0
2026-02-25,Suco de laranja natural,Bebidas,111,9.0,3.0,0
2026-02-25,Torta de limão (fatia),Doces,42,11.0,3.5,0
2026-02-26,Baguete,Pães,33,8.0,2.6,0
2026-02-26,Bolo de cenoura (fatia),Doces,54,7.0,2.0,0
2026-02-26,Brigadeiro,Doces,100,3.0,0.9,0
2026-02-26,Coxinha,Salgados,185,7.5,2.3,0
2026-02-26,Croissant,Pães,48,7.0,2.4,0
2026-02-26,Empada de frango,Salgados,69,7.0,2.2,0
2026-02-26,Esfiha de carne,Salgados,74,6.5,2.0,0
2026-02-26,Misto quente,Lanches,90,9.0,3.0,0
2026-02-26,Pudim (fatia),Doces,31,10.0,3.2,0
2026-02-26,Pão de batata,Salgados,147,6.0,1.8,0
2026-02-26,Pão de forma caseiro,Pães,31,12.0,4.5,0
2026-02-26,Pão de queijo,Pães,130,3.5,1.1,0
2026-02-26,Pão francês,Pães,1217,0.9,0.3,0
2026-02-26,Pão na chapa,Lanches,96,6.0,1.5,0
2026-02-26,Sanduíche natural,Lanches,70,14.0,5.5,0
2026-02-26,Sonho,Doces,56,6.0,1.9,0
2026-02-26,Suco de laranja natural,Bebidas,121,9.0,3.0,0
2026-02-26,Torta de limão (fatia),Doces,46,11.0,3.5,0
2026-02-27,Baguete,Pães,82,8.0,2.6,0
2026-02-27,Bolo de cenoura (fatia),Doces,55,7.0,2.0,0
2026-02-27,Brigadeiro,Doces,82,3.0,0.9,0
2026-02-27,Coxinha,Salgados,165,7.5,2.3,0
2026-02-27,Croissant,Pães,86,7.0,2.4,0
2026-02-27,Empada de frango,Salgados,105,7.0,2.2,0
2026-02-27,Esfiha de carne,Salgados,60,6.5,2.0,0
2026-02-27,Misto quente,Lanches,92,7.65,3.0,1
2026-02-27,Pudim (fatia),Doces,48,10.0,3.2,0
2026-02-27,Pão de batata,Salgados,63,6.0,1.8,0
2026-02-27,Pão de forma caseiro,Pães,49,12.0,4.5,0
2026-02-27,Pão de queijo,Pães,197,3.5,1.1,0
2026-02-27,Pão francês,Pães,956,0.9,0.3,0
2026-02-27,Pão na chapa,Lanches,207,6.0,1.5,0
2026-02-27,Sanduíche natural,Lanches,65,14.0,5.5,0
2026-02-27,Sonho,Doces,53,6.0,1.9,0
2026-02-27,Suco de laranja natural,Bebidas,115,9.0,3.0,0
2026-02-27,Torta de limão (fatia),Doces,35,11.0,3.5,0
2026-02-28,Baguete,Pães,81,8.0,2.6,0
2026-02-28,Bolo de cenoura (fatia),Doces,91,7.0,2.0,0
2026-02-28,Brigadeiro,Doces,196,3.0,0.9,0
2026-02-28,Coxinha,Salgados,120,7.5,2.3,0
2026-02-28,Croissant,Pães,133,7.0,2.4,0
2026-02-28,Empada de frango,Salgados,49,7.0,2.2,0
2026-02-28,Esfiha de carne,Salgados,89,6.5,2.0,0
2026-02-28,Misto quente,Lanches,62,9.0,3.0,0
2026-02-28,Pudim (fatia),Doces,93,8.5,3.2,1
2026-02-28,Pão de batata,Salgados,111,5.1,1.8,1
2026-02-28,Pão de forma caseiro,Pães,38,12.0,4.5,0
2026-02-28,Pão de queijo,Pães,322,3.5,1.1,0
2026-02-28,Pão francês,Pães,1326,0.9,0.3,0
2026-02-28,Pão na chapa,Lanches,220,6.0,1.5,0
2026-02-28,Sanduíche natural,Lanches,36,14.0,5.5,0
2026-02-28,Sonho,Doces,80,6.0,1.9,0
2026-02-28,Suco de laranja natural,Bebidas,132,9.0,3.0,0
2026-02-28,Torta de limão (fatia),Doces,59,11.0,3.5,0
2026-03-01,Baguete,Pães,40,8.0,2.6,0
2026-03-01,Bolo de cenoura (fatia),Doces,88,7.0,2.0,0
2026-03-01,Brigadeiro,Doces,156,3.0,0.9,0
2026-03-01,Coxinha,Salgados,119,7.5,2.3,0
2026-03-01,Croissant,Pães,72,7.0,2.4,0
2026-03-01,Empada de frango,Salgados,38,7.0,2.2,0
2026-03-01,Esfiha de carne,Salgados,29,6.5,2.0,0
2026-03-01,Misto quente,Lanches,53,9.0,3.0,0
2026-03-01,Pudim (fatia),Doces,45,10.0,3.2,0
2026-03-01,Pão de batata,Salgados,91,6.0,1.8,0
2026-03-01,Pão de forma caseiro,Pães,26,12.0,4.5,0
2026-03-01,Pão de queijo,Pães,293,3.5,1.1,0
2026-03-01,Pão francês,Pães,949,0.9,0.3,0
2026-03-01,Pão na chapa,Lanches,141,6.0,1.5,0
2026-03-01,Sanduíche natural,Lanches,32,14.0,5.5,0
2026-03-01,Sonho,Doces,135,6.0,1.9,0
2026-03-01,Suco de laranja natural,Bebidas,85,9.0,3.0,0
2026-03-01,Torta de limão (fatia),Doces,42,11.0,3.5,0
2026-03-02,Baguete,Pães,32,8.0,2.6,0
2026-03-02,Bolo de cenoura (fatia),Doces,55,7.0,2.0,0
2026-03-02,Brigadeiro,Doces,60,3.0,0.9,0
2026-03-02,Coxinha,Salgados,130,7.5,2.3,0
2026-03-02,Croissant,Pães,50,7.0,2.4,0
2026-03-02,Empada de frango,Salgados,103,7.0,2.2,0
2026-03-02,Esfiha de carne,Salgados,69,6.5,2.0,0
2026-03-02,Misto quente,Lanches,75,9.0,3.0,0
2026-03-02,Pudim (fatia),Doces,17,10.0,3.2,0
2026-03-02,Pão de batata,Salgados,59,6.0,1.8,0
2026-03-02,Pão de forma caseiro,Pães,14,12.0,4.5,0
2026-03-02,Pão de queijo,Pães,167,3.5,1.1,0
2026-03-02,Pão francês,Pães,864,0.9,0.3,0
2026-03-02,Pão na chapa,Lanches,131,6.0,1.5,0
2026-03-02,Sanduíche natural,Lanches,53,14.0,5.5,0
2026-03-02,Sonho,Doces,91,6.0,1.9,0
2026-03-02,Suco de laranja natural,Bebidas,78,9.0,3.0,0
2026-03-02,Torta de limão (fatia),Doces,21,11.0,3.5,0
2026-03-03,Baguete,Pães,32,8.0,2.6,0
2026-03-03,Bolo de cenoura (fatia),Doces,64,7.0,2.0,0
2026-03-03,Brigadeiro,Doces,76,3.0,0.9,0
2026-03-03,Coxinha,Salgados,112,7.5,2.3,0
2026-03-03,Croissant,Pães,154,5.95,2.4,1
2026-03-03,Empada de frango,Salgados,52,7.0,2.2,0
2026-03-03,Esfiha de carne,Salgados,69,6.5,2.0,0
2026-03-03,Misto quente,Lanches,69,9.0,3.0,0
2026-03-03,Pudim (fatia),Doces,25,10.0,3.2,0
2026-03-03,Pão de batata,Salgados,85,6.0,1.8,0
2026-03-03,Pão de forma caseiro,Pães,31,12.0,4.5,0
2026-03-03,Pão de queijo,Pães,178,3.5,1.1,0
2026-03-03,Pão francês,Pães,1174,0.9,0.3,0
2026-03-03,Pão na chapa,Lanches,92,6.0,1.5,0
2026-03-03,Sanduíche natural,Lanches,44,14.0,5.5,0
2026-03-03,Sonho,Doces,49,6.0,1.9,0
2026-03-03,Suco de laranja natural,Bebidas,87,7.65,3.0,1
2026-03-03,Torta de limão (fatia),Doces,34,11.0,3.5,0
2026-03-04,Baguete,Pães,40,8.0,2.6,0
2026-03-04,Bolo de cenoura (fatia),Doces,41,7.0,2.0,0
2026-03-04,Brigadeiro,Doces,94,3.0,0.9,0
2026-03-04,Coxinha,Salgados,122,7.5,2.3,0
2026-03-04,Croissant,Pães,84,7.0,2.4,0
2026-03-04,Empada de frango,Salgados,116,5.95,2.2,1
2026-03-04,Esfiha de carne,Salgados,54,6.5,2.0,0
2026-03-04,Misto quente,Lanches,157,9.0,3.0,0
2026-03-04,Pudim (fatia),Doces,12,10.0,3.2,0
2026-03-04,Pão de batata,Salgados,100,6.0,1.8,0
2026-03-04,Pão de forma caseiro,Pães,29,12.0,4.5,0
2026-03-04,Pão de queijo,Pães,149,3.5,1.1,0
2026-03-04,Pão francês,Pães,1314,0.9,0.3,0
2026-03-04,Pão na chapa,Lanches,173,6.0,1.5,0
2026-03-04,Sanduíche natural,Lanches,68,14.0,5.5,0
2026-03-04,Sonho,Doces,60,6.0,1.9,0
2026-03-04,Suco de laranja natural,Bebidas,95,9.0,3.0,0
2026-03-04,Torta de limão (fatia),Doces,27,11.0,3.5,0
2026-03-05,Baguete,Pães,61,6.8,2.6,1
2026-03-05,Bolo de cenoura (fatia),Doces,42,7.0,2.0,0
2026-03-05,Brigadeiro,Doces,104,3.0,0.9,0
2026-03-05,Coxinha,Salgados,202,6.38,2.3,1
2026-03-05,Croissant,Pães,70,7.0,2.4,0
2026-03-05,Empada de frango,Salgados,100,7.0,2.2,0
2026-03-05,Esfiha de carne,Salgados,105,6.5,2.0,0
2026-03-05,Misto quente,Lanches,54,9.0,3.0,0
2026-03-05,Pudim (fatia),Doces,24,10.0,3.2,0
2026-03-05,Pão de batata,Salgados,56,6.0,1.8,0
2026-03-05,Pão de forma caseiro,Pães,31,12.0,4.5,0
2026-03-05,Pão de queijo,Pães,308,2.98,1.1,1
2026-03-05,Pão francês,Pães,1266,0.9,0.3,0
2026-03-05,Pão na chapa,Lanches,98,6.0,1.5,0
2026-03-05,Sanduíche natural,Lanches,86,14.0,5.5,0
2026-03-05,Sonho,Doces,31,6.0,1.9,0
2026-03-05,Suco de laranja natural,Bebidas,118,9.0,3.0,0
2026-03-05,Torta de limão (fatia),Doces,29,11.0,3.5,0
2026-03-06,Baguete,Pães,84,8.0,2.6,0
2026-03-06,Bolo de cenoura (fatia),Doces,65,7.0,2.0,0
2026-03-06,Brigadeiro,Doces,148,3.0,0.9,0
2026-03-06,Coxinha,Salgados,132,7.5,2.3,0
2026-03-06,Croissant,Pães,79,7.0,2.4,0
2026-03-06,Empada de frango,Salgados,88,7.0,2.2,0
2026-03-06,Esfiha de carne,Salgados,60,6.5,2.0,0
2026-03-06,Misto quente,Lanches,127,9.0,3.0,0
2026-03-06,Pudim (fatia),Doces,38,10.0,3.2,0
2026-03-06,Pão de batata,Salgados,75,6.0,1.8,0
2026-03-06,Pão de forma caseiro,Pães,20,12.0,4.5,0
2026-03-06,Pão de queijo,Pães,246,3.5,1.1,0
2026-03-06,Pão francês,Pães,1099,0.9,0.3,0
2026-03-06,Pão na chapa,Lanches,142,6.0,1.5,0
2026-03-06,Sanduíche natural,Lanches,39,14.0,5.5,0
2026-03-06,Sonho,Doces,75,6.0,1.9,0
2026-03-06,Suco de laranja natural,Bebidas,87,9.0,3.0,0
2026-03-06,Torta de limão (fatia),Doces,36,11.0,3.5,0
2026-03-07,Baguete,Pães,69,8.0,2.6,0
2026-03-07,Bolo de cenoura (fatia),Doces,71,7.0,2.0,0
2026-03-07,Brigadeiro,Doces,218,3.0,0.9,0
2026-03-07,Coxinha,Salgados,114,7.5,2.3,0
2026-03-07,Croissant,Pães,106,7.0,2.4,0
2026-03-07,Empada de frango,Salgados,103,7.0,2.2,0
2026-03-07,Esfiha de carne,Salgados,71,6.5,2.0,0
2026-03-07,Misto quente,Lanches,80,7.65,3.0,1
2026-03-07,Pudim (fatia),Doces,34,10.0,3.2,0
2026-03-07,Pão de batata,Salgados,57,6.0,1.8,0
2026-03-07,Pão de forma caseiro,Pães,27,12.0,4.5,0
2026-03-07,Pão de queijo,Pães,300,3.5,1.1,0
2026-03-07,Pão francês,Pães,1705,0.9,0.3,0
2026-03-07,Pão na chapa,Lanches,221,6.0,1.5,0
2026-03-07,Sanduíche natural,Lanches,40,14.0,5.5,0
2026-03-07,Sonho,Doces,66,6.0,1.9,0
2026-03-07,Suco de laranja natural,Bebidas,106,9.0,3.0,0
2026-03-07,Torta de limão (fatia),Doces,72,11.0,3.5,0
2026-03-08,Baguete,Pães,93,8.0,2.6,0
2026-03-08,Bolo de cenoura (fatia),Doces,95,7.0,2.0,0
2026-03-08,Brigadeiro,Doces,231,3.0,0.9,0
2026-03-08,Coxinha,Salgados,98,7.5,2.3,0
2026-03-08,Croissant,Pães,110,7.0,2.4,0
2026-03-08,Empada de frango,Salgados,45,7.0,2.2,0
2026-03-08,Esfiha de carne,Salgados,92,6.5,2.0,0
2026-03-08,Misto quente,Lanches,34,9.0,3.0,0
2026-03-08,Pudim (fatia),Doces,57,10.0,3.2,0
2026-03-08,Pão de batata,Salgados,69,6.0,1.8,0
2026-03-08,Pão de forma caseiro,Pães,19,12.0,4.5,0
2026-03-08,Pão de queijo,Pães,289,3.5,1.1,0
2026-03-08,Pão francês,Pães,1249,0.9,0.3,0
2026-03-08,Pão na chapa,Lanches,237,6.0,1.5,0
2026-03-08,Sanduíche natural,Lanches,33,14.0,5.5,0
2026-03-08,Sonho,Doces,100,6.0,1.9,0
2026-03-08,Suco de laranja natural,Bebidas,149,9.0,3.0,0
2026-03-08,Torta de limão (fatia),Doces,29,11.0,3.5,0
2026-03-09,Baguete,Pães,50,6.8,2.6,1
2026-03-09,Bolo de cenoura (fatia),Doces,49,7.0,2.0,0
2026-03-09,Brigadeiro,Doces,120,3.0,0.9,0
2026-03-09,Coxinha,Salgados,103,7.5,2.3,0
2026-03-09,Croissant,Pães,39,7.0,2.4,0
2026-03-09,Empada de frango,Salgados,59,7.0,2.2,0
2026-03-09,Esfiha de carne,Salgados,73,6.5,2.0,0
2026-03-09,Misto quente,Lanches,84,9.0,3.0,0
2026-03-09,Pudim (fatia),Doces,29,10.0,3.2,0
2026-03-09,Pão de batata,Salgados,72,6.0,1.8,0
2026-03-09,Pão de forma caseiro,Pães,27,12.0,4.5,0
2026-03-09,Pão de queijo,Pães,147,3.5,1.1,0
2026-03-09,Pão francês,Pães,1215,0.9,0.3,0
2026-03-09,Pão na chapa,Lanches,132,6.0,1.5,0
2026-03-09,Sanduíche natural,Lanches,46,14.0,5.5,0
2026-03-09,Sonho,Doces,57,6.0,1.9,0
2026-03-09,Suco de laranja natural,Bebidas,108,9.0,3.0,0
2026-03-09,Torta de limão (fatia),Doces,14,11.0,3.5,0
2026-03-10,Baguete,Pães,44,8.0,2.6,0
2026-03-10,Bolo de cenoura (fatia),Doces,23,7.0,2.0,0
2026-03-10,Brigadeiro,Doces,64,3.0,0.9,0
2026-03-10,Coxinha,Salgados,156,7.5,2.3,0
2026-03-10,Croissant,Pães,69,7.0,2.4,0
2026-03-10,Empada de frango,Salgados,52,7.0,2.2,0
2026-03-10,Esfiha de carne,Salgados,73,6.5,2.0,0
2026-03-10,Misto quente,Lanches,57,9.0,3.0,0
2026-03-10,Pudim (fatia),Doces,25,10.0,3.2,0
2026-03-10,Pão de batata,Salgados,93,6.0,1.8,0
2026-03-10,Pão de forma caseiro,Pães,9,12.0,4.5,0
2026-03-10,Pão de queijo,Pães,222,3.5,1.1,0
2026-03-10,Pão francês,Pães,748,0.9,0.3,0
2026-03-10,Pão na chapa,Lanches,83,6.0,1.5,0
2026-03-10,Sanduíche natural,Lanches,67,14.0,5.5,0
2026-03-10,Sonho,Doces,68,6.0,1.9,0
2026-03-10,Suco de laranja natural,Bebidas,63,9.0,3.0,0
2026-03-10,Torta de limão (fatia),Doces,17,11.0,3.5,0
2026-03-11,Baguete,Pães,37,8.0,2.6,0
2026-03-11,Bolo de cenoura (fatia),Doces,51,7.0,2.0,0
2026-03-11,Brigadeiro,Doces,78,3.0,0.9,0
2026-03-11,Coxinha,Salgados,182,7.5,2.3,0
2026-03-11,Croissant,Pães,42,7.0,2.4,0
2026-03-11,Empada de frango,Salgados,45,7.0,2.2,0
2026-03-11,Esfiha de carne,Salgados,165,6.5,2.0,0
2026-03-11,Misto quente,Lanches,63,9.0,3.0,0
2026-03-11,Pudim (fatia),Doces,27,10.0,3.2,0
2026-03-11,Pão de batata,Salgados,91,6.0,1.8,0
2026-03-11,Pão de forma caseiro,Pães,19,12.0,4.5,0
2026-03-11,Pão de queijo,Pães,139,3.5,1.1,0
2026-03-11,Pão francês,Pães,932,0.9,0.3,0
2026-03-11,Pão na chapa,Lanches,99,6.0,1.5,0
2026-03-11,Sanduíche natural,Lanches,67,14.0,5.5,0
2026-03-11,Sonho,Doces,28,6.0,1.9,0
2026-03-11,Suco de laranja natural,Bebidas,97,7.65,3.0,1
2026-03-11,Torta de limão (fatia),Doces,37,11.0,3.5,0
2026-03-12,Baguete,Pães,32,8.0,2.6,0
2026-03-12,Bolo de cenoura (fatia),Doces,38,7.0,2.0,0
2026-03-12,Brigadeiro,Doces,100,3.0,0.9,0
2026-03-12,Coxinha,Salgados,171,7.5,2.3,0
2026-03-12,Croissant,Pães,46,7.0,2.4,0
2026-03-12,Empada de frango,Salgados,97,7.0,2.2,0
2026-03-12,Esfiha de carne,Salgados,71,6.5,2.0,0
2026-03-12,Misto quente,Lanches,88,9.0,3.0,0
2026-03-12,Pudim (fatia),Doces,27,10.0,3.2,0
2026-03-12,Pão de batata,Salgados,45,6.0,1.8,0
2026-03-12,Pão de forma caseiro,Pães,24,12.0,4.5,0
2026-03-12,Pão de queijo,Pães,127,3.5,1.1,0
2026-03-12,Pão francês,Pães,910,0.9,0.3,0
2026-03-12,Pão na chapa,Lanches,88,6.0,1.5,0
2026-03-12,Sanduíche natural,Lanches,48,14.0,5.5,0
2026-03-12,Sonho,Doces,83,5.1,1.9,1
2026-03-12,Suco de laranja natural,Bebidas,85,9.0,3.0,0
2026-03-12,Torta de limão (fatia),Doces,46,11.0,3.5,0
2026-03-13,Baguete,Pães,50,8.0,2.6,0
2026-03-13,Bolo de cenoura (fatia),Doces,50,7.0,2.0,0
2026-03-13,Brigadeiro,Doces,66,3.0,0.9,0
2026-03-13,Coxinha,Salgados,127,7.5,2.3,0
2026-03-13,Croissant,Pães,110,7.0,2.4,0
2026-03-13,Empada de frango,Salgados,61,7.0,2.2,0
2026-03-13,Esfiha de carne,Salgados,87,6.5,2.0,0
2026-03-13,Misto quente,Lanches,81,9.0,3.0,0
2026-03-13,Pudim (fatia),Doces,35,10.0,3.2,0
2026-03-13,Pão de batata,Salgados,113,6.0,1.8,0
2026-03-13,Pão de forma caseiro,Pães,18,12.0,4.5,0
2026-03-13,Pão de queijo,Pães,247,3.5,1.1,0
2026-03-13,Pão francês,Pães,1146,0.9,0.3,0
2026-03-13,Pão na chapa,Lanches,116,6.0,1.5,0
2026-03-13,Sanduíche natural,Lanches,38,14.0,5.5,0
2026-03-13,Sonho,Doces,53,6.0,1.9,0
2026-03-13,Suco de laranja natural,Bebidas,55,9.0,3.0,0
2026-03-13,Torta de limão (fatia),Doces,29,11.0,3.5,0
2026-03-14,Baguete,Pães,76,8.0,2.6,0
2026-03-14,Bolo de cenoura (fatia),Doces,80,7.0,2.0,0
2026-03-14,Brigadeiro,Doces,113,3.0,0.9,0
2026-03-14,Coxinha,Salgados,140,7.5,2.3,0
2026-03-14,Croissant,Pães,108,7.0,2.4,0
2026-03-14,Empada de frango,Salgados,67,7.0,2.2,0
2026-03-14,Esfiha de carne,Salgados,70,6.5,2.0,0
2026-03-14,Misto quente,Lanches,45,9.0,3.0,0
2026-03-14,Pudim (fatia),Doces,39,10.0,3.2,0
2026-03-14,Pão de batata,Salgados,32,6.0,1.8,0
2026-03-14,Pão de forma caseiro,Pães,42,12.0,4.5,0
2026-03-14,Pão de queijo,Pães,246,3.5,1.1,0
2026-03-14,Pão francês,Pães,1127,0.9,0.3,0
2026-03-14,Pão na chapa,Lanches,153,6.0,1.5,0
2026-03-14,Sanduíche natural,Lanches,26,14.0,5.5,0
2026-03-14,Sonho,Doces,108,6.0,1.9,0
2026-03-14,Suco de laranja natural,Bebidas,125,9.0,3.0,0
2026-03-14,Torta de limão (fatia),Doces,35,11.0,3.5,0
2026-03-15,Baguete,Pães,61,8.0,2.6,0
2026-03-15,Bolo de cenoura (fatia),Doces,49,7.0,2.0,0
2026-03-15,Brigadeiro,Doces,114,3.0,0.9,0
2026-03-15,Coxinha,Salgados,83,7.5,2.3,0
2026-03-15,Croissant,Pães,77,7.0,2.4,0
2026-03-15,Empada de frango,Salgados,37,7.0,2.2,0
2026-03-15,Esfiha de carne,Salgados,108,6.5,2.0,0
2026-03-15,Misto quente,Lanches,56,9.0,3.0,0
2026-03-15,Pudim (fatia),Doces,31,10.0,3.2,0
2026-03-15,Pão de batata,Salgados,45,6.0,1.8,0
2026-03-15,Pão de forma caseiro,Pães,37,12.0,4.5,0
2026-03-15,Pão de queijo,Pães,156,3.5,1.1,0
2026-03-15,Pão francês,Pães,1446,0.9,0.3,0
2026-03-15,Pão na chapa,Lanches,190,6.0,1.5,0
2026-03-15,Sanduíche natural,Lanches,56,14.0,5.5,0
2026-03-15,Sonho,Doces,99,6.0,1.9,0
2026-03-15,Suco de laranja natural,Bebidas,61,9.0,3.0,0
2026-03-15,Torta de limão (fatia),Doces,63,11.0,3.5,0
2026-03-16,Baguete,Pães,49,8.0,2.6,0
2026-03-16,Bolo de cenoura (fatia),Doces,52,7.0,2.0,0
2026-03-16,Brigadeiro,Doces,64,3.0,0.9,0
2026-03-16,Coxinha,Salgados,104,7.5,2.3,0
2026-03-16,Croissant,Pães,75,7.0,2.4,0
2026-03-16,Empada de frango,Salgados,53,7.0,2.2,0
2026-03-16,Esfiha de carne,Salgados,173,6.5,2.0,0
2026-03-16,Misto quente,Lanches,81,9.0,3.0,0
2026-03-16,Pudim (fatia),Doces,22,10.0,3.2,0
2026-03-16,Pão de batata,Salgados,117,6.0,1.8,0
2026-03-16,Pão de forma caseiro,Pães,44,12.0,4.5,0
2026-03-16,Pão de queijo,Pães,113,3.5,1.1,0
2026-03-16,Pão francês,Pães,1233,0.9,0.3,0
2026-03-16,Pão na chapa,Lanches,112,6.0,1.5,0
2026-03-16,Sanduíche natural,Lanches,61,14.0,5.5,0
2026-03-16,Sonho,Doces,30,5.1,1.9,1
2026-03-16,Suco de laranja natural,Bebidas,92,9.0,3.0,0
2026-03-16,Torta de limão (fatia),Doces,20,11.0,3.5,0
2026-03-17,Baguete,Pães,16,8.0,2.6,0
2026-03-17,Bolo de cenoura (fatia),Doces,24,7.0,2.0,0
2026-03-17,Brigadeiro,Doces,145,3.0,0.9,0
2026-03-17,Coxinha,Salgados,130,7.5,2.3,0
2026-03-17,Croissant,Pães,100,7.0,2.4,0
2026-03-17,Empada de frango,Salgados,56,7.0,2.2,0
2026-03-17,Esfiha de carne,Salgados,135,6.5,2.0,0
2026-03-17,Misto quente,Lanches,63,9.0,3.0,0
2026-03-17,Pudim (fatia),Doces,11,10.0,3.2,0
2026-03-17,Pão de batata,Salgados,69,6.0,1.8,0
2026-03-17,Pão de forma caseiro,Pães,34,12.0,4.5,0
2026-03-17,Pão de queijo,Pães,220,3.5,1.1,0
2026-03-17,Pão francês,Pães,905,0.9,0.3,0
2026-03-17,Pão na chapa,Lanches,150,6.0,1.5,0
2026-03-17,Sanduíche natural,Lanches,79,14.0,5.5,0
2026-03-17,Sonho,Doces,38,6.0,1.9,0
2026-03-17,Suco de laranja natural,Bebidas,67,9.0,3.0,0
2026-03-17,Torta de limão (fatia),Doces,21,11.0,3.5,0
2026-03-18,Baguete,Pães,35,8.0,2.6,0
2026-03-18,Bolo de cenoura (fatia),Doces,29,7.0,2.0,0
2026-03-18,Brigadeiro,Doces,39,3.0,0.9,0
2026-03-18,Coxinha,Salgados,129,7.5,2.3,0
2026-03-18,Croissant,Pães,40,7.0,2.4,0
2026-03-18,Empada de frango,Salgados,51,7.0,2.2,0
2026-03-18,Esfiha de carne,Salgados,80,6.5,2.0,0
2026-03-18,Misto quente,Lanches,103,9.0,3.0,0
2026-03-18,Pudim (fatia),Doces,23,10.0,3.2,0
2026-03-18,Pão de batata,Salgados,101,6.0,1.8,0
2026-03-18,Pão de forma caseiro,Pães,41,12.0,4.5,0
2026-03-18,Pão de queijo,Pães,268,3.5,1.1,0
2026-03-18,Pão francês,Pães,1259,0.9,0.3,0
2026-03-18,Pão na chapa,Lanches,135,6.0,1.5,0
2026-03-18,Sanduíche natural,Lanches,36,14.0,5.5,0
2026-03-18,Sonho,Doces,57,6.0,1.9,0
2026-03-18,Suco de laranja natural,Bebidas,127,7.65,3.0,1
2026-03-18,Torta de limão (fatia),Doces,25,11.0,3.5,0
2026-03-19,Baguete,Pães,36,6.8,2.6,1
2026-03-19,Bolo de cenoura (fatia),Doces,35,7.0,2.0,0
2026-03-19,Brigadeiro,Doces,133,3.0,0.9,0
2026-03-19,Coxinha,Salgados,138,7.5,2.3,0
2026-03-19,Croissant,Pães,54,7.0,2.4,0
2026-03-19,Empada de frango,Salgados,79,7.0,2.2,0
2026-03-19,Esfiha de carne,Salgados,90,6.5,2.0,0
2026-03-19,Misto quente,Lanches,104,9.0,3.0,0
2026-03-19,Pudim (fatia),Doces,26,10.0,3.2,0
2026-03-19,Pão de batata,Salgados,94,6.0,1.8,0
2026-03-19,Pão de forma caseiro,Pães,17,12.0,4.5,0
2026-03-19,Pão de queijo,Pães,255,3.5,1.1,0
2026-03-19,Pão francês,Pães,718,0.9,0.3,0
2026-03-19,Pão na chapa,Lanches,135,6.0,1.5,0
2026-03-19,Sanduíche natural,Lanches,58,14.0,5.5,0
2026-03-19,Sonho,Doces,71,6.0,1.9,0
2026-03-19,Suco de laranja natural,Bebidas,45,9.0,3.0,0
2026-03-19,Torta de limão (fatia),Doces,26,11.0,3.5,0
2026-03-20,Baguete,Pães,38,8.0,2.6,0
2026-03-20,Bolo de cenoura (fatia),Doces,81,7.0,2.0,0
2026-03-20,Brigadeiro,Doces,155,3.0,0.9,0
2026-03-20,Coxinha,Salgados,151,7.5,2.3,0
2026-03-20,Croissant,Pães,26,7.0,2.4,0
2026-03-20,Empada de frango,Salgados,75,7.0,2.2,0
2026-03-20,Esfiha de carne,Salgados,115,6.5,2.0,0
2026-03-20,Misto quente,Lanches,98,9.0,3.0,0
2026-03-20,Pudim (fatia),Doces,32,10.0,3.2,0
2026-03-20,Pão de batata,Salgados,94,6.0,1.8,0
2026-03-20,Pão de forma caseiro,Pães,22,12.0,4.5,0
2026-03-20,Pão de queijo,Pães,203,3.5,1.1,0
2026-03-20,Pão francês,Pães,715,0.9,0.3,0
2026-03-20,Pão na chapa,Lanches,109,6.0,1.5,0
2026-03-20,Sanduíche natural,Lanches,50,14.0,5.5,0
2026-03-20,Sonho,Doces,46,6.0,1.9,0
2026-03-20,Suco de laranja natural,Bebidas,78,9.0,3.0,0
2026-03-20,Torta de limão (fatia),Doces,55,11.0,3.5,0
2026-03-21,Baguete,Pães,42,8.0,2.6,0
2026-03-21,Bolo de cenoura (fatia),Doces,111,7.0,2.0,0
2026-03-21,Brigadeiro,Doces,128,3.0,0.9,0
2026-03-21,Coxinha,Salgados,116,7.5,2.3,0
2026-03-21,Croissant,Pães,79,7.0,2.4,0
2026-03-21,Empada de frango,Salgados,54,7.0,2.2,0
2026-03-21,Esfiha de carne,Salgados,87,6.5,2.0,0
2026-03-21,Misto quente,Lanches,57,9.0,3.0,0
2026-03-21,Pudim (fatia),Doces,26,10.0,3.2,0
2026-03-21,Pão de batata,Salgados,32,6.0,1.8,0
2026-03-21,Pão de forma caseiro,Pães,59,12.0,4.5,0
2026-03-21,Pão de queijo,Pães,267,3.5,1.1,0
2026-03-21,Pão francês,Pães,1006,0.9,0.3,0
2026-03-21,Pão na chapa,Lanches,134,6.0,1.5,0
2026-03-21,Sanduíche natural,Lanches,57,14.0,5.5,0
2026-03-21,Sonho,Doces,103,6.0,1.9,0
2026-03-21,Suco de laranja natural,Bebidas,106,9.0,3.0,0
2026-03-21,Torta de limão (fatia),Doces,33,11.0,3.5,0
2026-03-22,Baguete,Pães,40,8.0,2.6,0
2026-03-22,Bolo de cenoura (fatia),Doces,160,7.0,2.0,0
2026-03-22,Brigadeiro,Doces,166,3.0,0.9,0
2026-03-22,Coxinha,Salgados,95,7.5,2.3,0
2026-03-22,Croissant,Pães,120,7.0,2.4,0
2026-03-22,Empada de frango,Salgados,62,5.95,2.2,1
2026-03-22,Esfiha de carne,Salgados,46,6.5,2.0,0
2026-03-22,Misto quente,Lanches,56,9.0,3.0,0
2026-03-22,Pudim (fatia),Doces,25,10.0,3.2,0
2026-03-22,Pão de batata,Salgados,59,6.0,1.8,0
2026-03-22,Pão de forma caseiro,Pães,38,12.0,4.5,0
2026-03-22,Pão de queijo,Pães,220,3.5,1.1,0
2026-03-22,Pão francês,Pães,1123,0.9,0.3,0
2026-03-22,Pão na chapa,Lanches,170,6.0,1.5,0
2026-03-22,Sanduíche natural,Lanches,52,11.9,5.5,1
2026-03-22,Sonho,Doces,129,6.0,1.9,0
2026-03-22,Suco de laranja natural,Bebidas,105,9.0,3.0,0
2026-03-22,Torta de limão (fatia),Doces,26,11.0,3.5,0
2026-03-23,Baguete,Pães,35,8.0,2.6,0
2026-03-23,Bolo de cenoura (fatia),Doces,66,7.0,2.0,0
2026-03-23,Brigadeiro,Doces,71,3.0,0.9,0
2026-03-23,Coxinha,Salgados,103,7.5,2.3,0
2026-03-23,Croissant,Pães,64,7.0,2.4,0
2026-03-23,Empada de frango,Salgados,110,7.0,2.2,0
2026-03-23,Esfiha de carne,Salgados,141,6.5,2.0,0
2026-03-23,Misto quente,Lanches,82,9.0,3.0,0
2026-03-23,Pudim (fatia),Doces,21,10.0,3.2,0
2026-03-23,Pão de batata,Salgados,141,6.0,1.8,0
2026-03-23,Pão de forma caseiro,Pães,19,12.0,4.5,0
2026-03-23,Pão de queijo,Pães,135,3.5,1.1,0
2026-03-23,Pão francês,Pães,1035,0.9,0.3,0
2026-03-23,Pão na chapa,Lanches,128,6.0,1.5,0
2026-03-23,Sanduíche natural,Lanches,25,14.0,5.5,0
2026-03-23,Sonho,Doces,41,5.1,1.9,1
2026-03-23,Suco de laranja natural,Bebidas,81,9.0,3.0,0
2026-03-23,Torta de limão (fatia),Doces,35,11.0,3.5,0
2026-03-24,Baguete,Pães,42,8.0,2.6,0
2026-03-24,Bolo de cenoura (fatia),Doces,81,7.0,2.0,0
2026-03-24,Brigadeiro,Doces,95,3.0,0.9,0
2026-03-24,Coxinha,Salgados,110,7.5,2.3,0
2026-03-24,Croissant,Pães,55,7.0,2.4,0
2026-03-24,Empada de frango,Salgados,71,7.0,2.2,0
2026-03-24,Esfiha de carne,Salgados,91,6.5,2.0,0
2026-03-24,Misto quente,Lanches,79,9.0,3.0,0
2026-03-24,Pudim (fatia),Doces,34,10.0,3.2,0
2026-03-24,Pão de batata,Salgados,66,6.0,1.8,0
2026-03-24,Pão de forma caseiro,Pães,15,12.0,4.5,0
2026-03-24,Pão de queijo,Pães,216,3.5,1.1,0
2026-03-24,Pão francês,Pães,1057,0.9,0.3,0
2026-03-24,Pão na chapa,Lanches,112,6.0,1.5,0
2026-03-24,Sanduíche natural,Lanches,51,14.0,5.5,0
2026-03-24,Sonho,Doces,20,6.0,1.9,0
2026-03-24,Suco de laranja natural,Bebidas,46,9.0,3.0,0
2026-03-24,Torta de limão (fatia),Doces,39,11.0,3.5,0
2026-03-25,Baguete,Pães,30,8.0,2.6,0
2026-03-25,Bolo de cenoura (fatia),Doces,36,7.0,2.0,0
2026-03-25,Brigadeiro,Doces,95,3.0,0.9,0
2026-03-25,Coxinha,Salgados,165,7.5,2.3,0
2026-03-25,Croissant,Pães,52,7.0,2.4,0
2026-03-25,Empada de frango,Salgados,124,7.0,2.2,0
2026-03-25,Esfiha de carne,Salgados,71,6.5,2.0,0
2026-03-25,Misto quente,Lanches,29,9.0,3.0,0
2026-03-25,Pudim (fatia),Doces,21,10.0,3.2,0
2026-03-25,Pão de batata,Salgados,102,6.0,1.8,0
2026-03-25,Pão de forma caseiro,Pães,31,12.0,4.5,0
2026-03-25,Pão de queijo,Pães,201,3.5,1.1,0
2026-03-25,Pão francês,Pães,544,0.9,0.3,0
2026-03-25,Pão na chapa,Lanches,115,6.0,1.5,0
2026-03-25,Sanduíche natural,Lanches,50,14.0,5.5,0
2026-03-25,Sonho,Doces,88,6.0,1.9,0
2026-03-25,Suco de laranja natural,Bebidas,43,9.0,3.0,0
2026-03-25,Torta de limão (fatia),Doces,36,11.0,3.5,0
2026-03-26,Baguete,Pães,49,8.0,2.6,0
2026-03-26,Bolo de cenoura (fatia),Doces,50,7.0,2.0,0
2026-03-26,Brigadeiro,Doces,88,3.0,0.9,0
2026-03-26,Coxinha,Salgados,105,7.5,2.3,0
2026-03-26,Croissant,Pães,68,7.0,2.4,0
2026-03-26,Empada de frango,Salgados,48,7.0,2.2,0
2026-03-26,Esfiha de carne,Salgados,107,6.5,2.0,0
2026-03-26,Misto quente,Lanches,42,9.0,3.0,0
2026-03-26,Pudim (fatia),Doces,28,10.0,3.2,0
2026-03-26,Pão de batata,Salgados,59,6.0,1.8,0
2026-03-26,Pão de forma caseiro,Pães,43,12.0,4.5,0
2026-03-26,Pão de queijo,Pães,197,3.5,1.1,0
2026-03-26,Pão francês,Pães,1058,0.9,0.3,0
2026-03-26,Pão na chapa,Lanches,90,6.0,1.5,0
2026-03-26,Sanduíche natural,Lanches,49,14.0,5.5,0
2026-03-26,Sonho,Doces,51,6.0,1.9,0
2026-03-26,Suco de laranja natural,Bebidas,119,9.0,3.0,0
2026-03-26,Torta de limão (fatia),Doces,40,11.0,3.5,0
2026-03-27,Baguete,Pães,50,8.0,2.6,0
2026-03-27,Bolo de cenoura (fatia),Doces,53,7.0,2.0,0
2026-03-27,Brigadeiro,Doces,94,3.0,0.9,0
2026-03-27,Coxinha,Salgados,154,7.5,2.3,0
2026-03-27,Croissant,Pães,84,7.0,2.4,0
2026-03-27,Empada de frango,Salgados,50,7.0,2.2,0
2026-03-27,Esfiha de carne,Salgados,77,6.5,2.0,0
2026-03-27,Misto quente,Lanches,98,9.0,3.0,0
2026-03-27,Pudim (fatia),Doces,23,10.0,3.2,0
2026-03-27,Pão de batata,Salgados,62,6.0,1.8,0
2026-03-27,Pão de forma caseiro,Pães,30,12.0,4.5,0
2026-03-27,Pão de queijo,Pães,231,3.5,1.1,0
2026-03-27,Pão francês,Pães,1142,0.9,0.3,0
2026-03-27,Pão na chapa,Lanches,157,6.0,1.5,0
2026-03-27,Sanduíche natural,Lanches,76,14.0,5.5,0
2026-03-27,Sonho,Doces,36,6.0,1.9,0
2026-03-27,Suco de laranja natural,Bebidas,77,9.0,3.0,0
2026-03-27,Torta de limão (fatia),Doces,30,11.0,3.5,0
2026-03-28,Baguete,Pães,66,8.0,2.6,0
2026-03-28,Bolo de cenoura (fatia),Doces,109,7.0,2.0,0
2026-03-28,Brigadeiro,Doces,125,3.0,0.9,0
2026-03-28,Coxinha,Salgados,132,7.5,2.3,0
2026-03-28,Croissant,Pães,88,7.0,2.4,0
2026-03-28,Empada de frango,Salgados,76,7.0,2.2,0
2026-03-28,Esfiha de carne,Salgados,46,6.5,2.0,0
2026-03-28,Misto quente,Lanches,83,9.0,3.0,0
2026-03-28,Pudim (fatia),Doces,48,10.0,3.2,0
2026-03-28,Pão de batata,Salgados,61,6.0,1.8,0
2026-03-28,Pão de forma caseiro,Pães,38,12.0,4.5,0
2026-03-28,Pão de queijo,Pães,217,3.5,1.1,0
2026-03-28,Pão francês,Pães,1260,0.9,0.3,0
2026-03-28,Pão na chapa,Lanches,112,6.0,1.5,0
2026-03-28,Sanduíche natural,Lanches,64,14.0,5.5,0
2026-03-28,Sonho,Doces,62,6.0,1.9,0
2026-03-28,Suco de laranja natural,Bebidas,99,9.0,3.0,0
2026-03-28,Torta de limão (fatia),Doces,36,11.0,3.5,0
2026-03-29,Baguete,Pães,34,8.0,2.6,0
2026-03-29,Bolo de cenoura (fatia),Doces,101,7.0,2.0,0
2026-03-29,Brigadeiro,Doces,103,3.0,0.9,0
2026-03-29,Coxinha,Salgados,99,7.5,2.3,0
2026-03-29,Croissant,Pães,80,7.0,2.4,0
2026-03-29,Empada de frango,Salgados,54,7.0,2.2,0
2026-03-29,Esfiha de carne,Salgados,48,6.5,2.0,0
2026-03-29,Misto quente,Lanches,39,9.0,3.0,0
2026-03-29,Pudim (fatia),Doces,44,10.0,3.2,0
2026-03-29,Pão de batata,Salgados,94,5.1,1.8,1
2026-03-29,Pão de forma caseiro,Pães,17,12.0,4.5,0
2026-03-29,Pão de queijo,Pães,161,3.5,1.1,0
2026-03-29,Pão francês,Pães,1177,0.9,0.3,0
2026-03-29,Pão na chapa,Lanches,213,6.0,1.5,0
2026-03-29,Sanduíche natural,Lanches,29,11.9,5.5,1
2026-03-29,Sonho,Doces,92,6.0,1.9,0
2026-03-29,Suco de laranja natural,Bebidas,78,9.0,3.0,0
2026-03-29,Torta de limão (fatia),Doces,31,11.0,3.5,0
2026-03-30,Baguete,Pães,48,8.0,2.6,0
2026-03-30,Bolo de cenoura (fatia),Doces,39,7.0,2.0,0
2026-03-30,Brigadeiro,Doces,63,3.0,0.9,0
2026-03-30,Coxinha,Salgados,141,7.5,2.3,0
2026-03-30,Croissant,Pães,95,7.0,2.4,0
2026-03-30,Empada de frango,Salgados,50,7.0,2.2,0
2026-03-30,Esfiha de carne,Salgados,117,5.52,2.0,1
2026-03-30,Misto quente,Lanches,52,9.0,3.0,0
2026-03-30,Pudim (fatia),Doces,25,10.0,3.2,0
2026-03-30,Pão de batata,Salgados,50,6.0,1.8,0
2026-03-30,Pão de forma caseiro,Pães,17,12.0,4.5,0
2026-03-30,Pão de queijo,Pães,207,3.5,1.1,0
2026-03-30,Pão francês,Pães,640,0.9,0.3,0
2026-03-30,Pão na chapa,Lanches,129,6.0,1.5,0
2026-03-30,Sanduíche natural,Lanches,35,14.0,5.5,0
2026-03-30,Sonho,Doces,73,5.1,1.9,1
2026-03-30,Suco de laranja natural,Bebidas,98,9.0,3.0,0
2026-03-30,Torta de limão (fatia),Doces,41,11.0,3.5,0
2026-03-31,Baguete,Pães,32,8.0,2.6,0
2026-03-31,Bolo de cenoura (fatia),Doces,40,7.0,2.0,0
2026-03-31,Brigadeiro,Doces,121,3.0,0.9,0
2026-03-31,Coxinha,Salgados,158,7.5,2.3,0
2026-03-31,Croissant,Pães,83,7.0,2.4,0
2026-03-31,Empada de frango,Salgados,58,7.0,2.2,0
2026-03-31,Esfiha de carne,Salgados,79,6.5,2.0,0
2026-03-31,Misto quente,Lanches,54,9.0,3.0,0
2026-03-31,Pudim (fatia),Doces,18,10.0,3.2,0
2026-03-31,Pão de batata,Salgados,64,6.0,1.8,0
2026-03-31,Pão de forma caseiro,Pães,23,12.0,4.5,0
2026-03-31,Pão de queijo,Pães,175,3.5,1.1,0
2026-03-31,Pão francês,Pães,1069,0.9,0.3,0
2026-03-31,Pão na chapa,Lanches,45,6.0,1.5,0
2026-03-31,Sanduíche natural,Lanches,36,14.0,5.5,0
2026-03-31,Sonho,Doces,57,6.0,1.9,0
2026-03-31,Suco de laranja natural,Bebidas,54,9.0,3.0,0
2026-03-31,Torta de limão (fatia),Doces,11,11.0,3.5,0
2026-04-01,Baguete,Pães,32,8.0,2.6,0
2026-04-01,Bolo de cenoura (fatia),Doces,54,7.0,2.0,0
2026-04-01,Brigadeiro,Doces,38,3.0,0.9,0
2026-04-01,Coxinha,Salgados,142,7.5,2.3,0
2026-04-01,Croissant,Pães,33,7.0,2.4,0
2026-04-01,Empada de frango,Salgados,46,7.0,2.2,0
2026-04-01,Esfiha de carne,Salgados,64,6.5,2.0,0
2026-04-01,Misto quente,Lanches,68,9.0,3.0,0
2026-04-01,Pudim (fatia),Doces,23,10.0,3.2,0
2026-04-01,Pão de batata,Salgados,56,5.1,1.8,1
2026-04-01,Pão de forma caseiro,Pães,29,12.0,4.5,0
2026-04-01,Pão de queijo,Pães,203,3.5,1.1,0
2026-04-01,Pão francês,Pães,748,0.9,0.3,0
2026-04-01,Pão na chapa,Lanches,127,6.0,1.5,0
2026-04-01,Sanduíche natural,Lanches,43,14.0,5.5,0
2026-04-01,Sonho,Doces,40,6.0,1.9,0
2026-04-01,Suco de laranja natural,Bebidas,45,9.0,3.0,0
2026-04-01,Torta de limão (fatia),Doces,16,11.0,3.5,0
2026-04-02,Baguete,Pães,55,8.0,2.6,0
2026-04-02,Bolo de cenoura (fatia),Doces,62,7.0,2.0,0
2026-04-02,Brigadeiro,Doces,54,3.0,0.9,0
2026-04-02,Coxinha,Salgados,155,7.5,2.3,0
2026-04-02,Croissant,Pães,56,7.0,2.4,0
2026-04-02,Empada de frango,Salgados,37,7.0,2.2,0
2026-04-02,Esfiha de carne,Salgados,88,6.5,2.0,0
2026-04-02,Misto quente,Lanches,60,9.0,3.0,0
2026-04-02,Pudim (fatia),Doces,15,10.0,3.2,0
2026-04-02,Pão de batata,Salgados,94,6.0,1.8,0
2026-04-02,Pão de forma caseiro,Pães,12,12.0,4.5,0
2026-04-02,Pão de queijo,Pães,207,3.5,1.1,0
2026-04-02,Pão francês,Pães,1079,0.9,0.3,0
2026-04-02,Pão na chapa,Lanches,109,6.0,1.5,0
2026-04-02,Sanduíche natural,Lanches,52,14.0,5.5,0
2026-04-02,Sonho,Doces,43,6.0,1.9,0
2026-04-02,Suco de laranja natural,Bebidas,122,9.0,3.0,0
2026-04-02,Torta de limão (fatia),Doces,27,11.0,3.5,0
2026-04-03,Baguete,Pães,56,8.0,2.6,0
2026-04-03,Bolo de cenoura (fatia),Doces,104,7.0,2.0,0
2026-04-03,Brigadeiro,Doces,156,3.0,0.9,0
2026-04-03,Coxinha,Salgados,99,7.5,2.3,0
2026-04-03,Croissant,Pães,82,7.0,2.4,0
2026-04-03,Empada de frango,Salgados,40,7.0,2.2,0
2026-04-03,Esfiha de carne,Salgados,58,6.5,2.0,0
2026-04-03,Misto quente,Lanches,52,9.0,3.0,0
2026-04-03,Pudim (fatia),Doces,29,10.0,3.2,0
2026-04-03,Pão de batata,Salgados,36,6.0,1.8,0
2026-04-03,Pão de forma caseiro,Pães,37,10.2,4.5,1
2026-04-03,Pão de queijo,Pães,393,3.5,1.1,0
2026-04-03,Pão francês,Pães,1266,0.9,0.3,0
2026-04-03,Pão na chapa,Lanches,161,6.0,1.5,0
2026-04-03,Sanduíche natural,Lanches,55,14.0,5.5,0
2026-04-03,Sonho,Doces,89,6.0,1.9,0
2026-04-03,Suco de laranja natural,Bebidas,121,9.0,3.0,0
2026-04-03,Torta de limão (fatia),Doces,49,11.0,3.5,0
2026-04-04,Baguete,Pães,78,6.8,2.6,1
2026-04-04,Bolo de cenoura (fatia),Doces,64,7.0,2.0,0
2026-04-04,Brigadeiro,Doces,143,3.0,0.9,0
2026-04-04,Coxinha,Salgados,113,7.5,2.3,0
2026-04-04,Croissant,Pães,133,7.0,2.4,0
2026-04-04,Empada de frango,Salgados,71,7.0,2.2,0
2026-04-04,Esfiha de carne,Salgados,88,6.5,2.0,0
2026-04-04,Misto quente,Lanches,48,9.0,3.0,0
2026-04-04,Pudim (fatia),Doces,38,10.0,3.2,0
2026-04-04,Pão de batata,Salgados,66,6.0,1.8,0
2026-04-04,Pão de forma caseiro,Pães,43,12.0,4.5,0
2026-04-04,Pão de queijo,Pães,170,3.5,1.1,0
2026-04-04,Pão francês,Pães,1344,0.9,0.3,0
2026-04-04,Pão na chapa,Lanches,215,6.0,1.5,0
2026-04-04,Sanduíche natural,Lanches,26,14.0,5.5,0
2026-04-04,Sonho,Doces,80,6.0,1.9,0
2026-04-04,Suco de laranja natural,Bebidas,114,9.0,3.0,0
2026-04-04,Torta de limão (fatia),Doces,20,11.0,3.5,0
2026-04-05,Baguete,Pães,56,8.0,2.6,0
2026-04-05,Bolo de cenoura (fatia),Doces,65,7.0,2.0,0
2026-04-05,Brigadeiro,Doces,96,3.0,0.9,0
2026-04-05,Coxinha,Salgados,106,7.5,2.3,0
2026-04-05,Croissant,Pães,92,7.0,2.4,0
2026-04-05,Empada de frango,Salgados,32,7.0,2.2,0
2026-04-05,Esfiha de carne,Salgados,68,6.5,2.0,0
2026-04-05,Misto quente,Lanches,49,9.0,3.0,0
2026-04-05,Pudim (fatia),Doces,41,10.0,3.2,0
2026-04-05,Pão de batata,Salgados,57,6.0,1.8,0
2026-04-05,Pão de forma caseiro,Pães,42,12.0,4.5,0
2026-04-05,Pão de queijo,Pães,265,3.5,1.1,0
2026-04-05,Pão francês,Pães,1220,0.9,0.3,0
2026-04-05,Pão na chapa,Lanches,246,6.0,1.5,0
2026-04-05,Sanduíche natural,Lanches,22,14.0,5.5,0
2026-04-05,Sonho,Doces,110,6.0,1.9,0
2026-04-05,Suco de laranja natural,Bebidas,91,9.0,3.0,0
2026-04-05,Torta de limão (fatia),Doces,43,11.0,3.5,0
2026-04-06,Baguete,Pães,18,8.0,2.6,0
2026-04-06,Bolo de cenoura (fatia),Doces,23,7.0,2.0,0
2026-04-06,Brigadeiro,Doces,113,3.0,0.9,0
2026-04-06,Coxinha,Salgados,134,7.5,2.3,0
2026-04-06,Croissant,Pães,51,7.0,2.4,0
2026-04-06,Empada de frango,Salgados,76,7.0,2.2,0
2026-04-06,Esfiha de carne,Salgados,72,6.5,2.0,0
2026-04-06,Misto quente,Lanches,84,9.0,3.0,0
2026-04-06,Pudim (fatia),Doces,20,10.0,3.2,0
2026-04-06,Pão de batata,Salgados,79,6.0,1.8,0
2026-04-06,Pão de forma caseiro,Pães,30,12.0,4.5,0
2026-04-06,Pão de queijo,Pães,208,3.5,1.1,0
2026-04-06,Pão francês,Pães,892,0.9,0.3,0
2026-04-06,Pão na chapa,Lanches,123,6.0,1.5,0
2026-04-06,Sanduíche natural,Lanches,64,14.0,5.5,0
2026-04-06,Sonho,Doces,39,6.0,1.9,0
2026-04-06,Suco de laranja natural,Bebidas,85,9.0,3.0,0
2026-04-06,Torta de limão (fatia),Doces,22,11.0,3.5,0
2026-04-07,Baguete,Pães,52,8.0,2.6,0
2026-04-07,Bolo de cenoura (fatia),Doces,118,5.95,2.0,1
2026-04-07,Brigadeiro,Doces,108,3.0,0.9,0
2026-04-07,Coxinha,Salgados,109,7.5,2.3,0
2026-04-07,Croissant,Pães,56,7.0,2.4,0
2026-04-07,Empada de frango,Salgados,79,7.0,2.2,0
2026-04-07,Esfiha de carne,Salgados,143,6.5,2.0,0
2026-04-07,Misto quente,Lanches,72,9.0,3.0,0
2026-04-07,Pudim (fatia),Doces,22,10.0,3.2,0
2026-04-07,Pão de batata,Salgados,89,6.0,1.8,0
2026-04-07,Pão de forma caseiro,Pães,31,12.0,4.5,0
2026-04-07,Pão de queijo,Pães,189,3.5,1.1,0
2026-04-07,Pão francês,Pães,1144,0.9,0.3,0
2026-04-07,Pão na chapa,Lanches,145,6.0,1.5,0
2026-04-07,Sanduíche natural,Lanches,53,14.0,5.5,0
2026-04-07,Sonho,Doces,69,6.0,1.9,0
2026-04-07,Suco de laranja natural,Bebidas,63,9.0,3.0,0
2026-04-07,Torta de limão (fatia),Doces,30,11.0,3.5,0
2026-04-08,Baguete,Pães,31,8.0,2.6,0
2026-04-08,Bolo de cenoura (fatia),Doces,60,5.95,2.0,1
2026-04-08,Brigadeiro,Doces,112,3.0,0.9,0
2026-04-08,Coxinha,Salgados,100,7.5,2.3,0
2026-04-08,Croissant,Pães,60,7.0,2.4,0
2026-04-08,Empada de frango,Salgados,31,7.0,2.2,0
2026-04-08,Esfiha de carne,Salgados,80,6.5,2.0,0
2026-04-08,Misto quente,Lanches,93,9.0,3.0,0
2026-04-08,Pudim (fatia),Doces,27,10.0,3.2,0
2026-04-08,Pão de batata,Salgados,106,6.0,1.8,0
2026-04-08,Pão de forma caseiro,Pães,19,12.0,4.5,0
2026-04-08,Pão de queijo,Pães,216,3.5,1.1,0
2026-04-08,Pão francês,Pães,1264,0.9,0.3,0
2026-04-08,Pão na chapa,Lanches,156,6.0,1.5,0
2026-04-08,Sanduíche natural,Lanches,92,14.0,5.5,0
2026-04-08,Sonho,Doces,100,6.0,1.9,0
2026-04-08,Suco de laranja natural,Bebidas,74,7.65,3.0,1
2026-04-08,Torta de limão (fatia),Doces,42,11.0,3.5,0
2026-04-09,Baguete,Pães,35,8.0,2.6,0
2026-04-09,Bolo de cenoura (fatia),Doces,47,7.0,2.0,0
2026-04-09,Brigadeiro,Doces,106,3.0,0.9,0
2026-04-09,Coxinha,Salgados,183,7.5,2.3,0
2026-04-09,Croissant,Pães,53,7.0,2.4,0
2026-04-09,Empada de frango,Salgados,79,7.0,2.2,0
2026-04-09,Esfiha de carne,Salgados,76,5.52,2.0,1
2026-04-09,Misto quente,Lanches,117,9.0,3.0,0
2026-04-09,Pudim (fatia),Doces,25,10.0,3.2,0
2026-04-09,Pão de batata,Salgados,69,6.0,1.8,0
2026-04-09,Pão de forma caseiro,Pães,31,12.0,4.5,0
2026-04-09,Pão de queijo,Pães,206,3.5,1.1,0
2026-04-09,Pão francês,Pães,992,0.76,0.3,1
2026-04-09,Pão na chapa,Lanches,82,6.0,1.5,0
2026-04-09,Sanduíche natural,Lanches,28,14.0,5.5,0
2026-04-09,Sonho,Doces,76,6.0,1.9,0
2026-04-09,Suco de laranja natural,Bebidas,86,9.0,3.0,0
2026-04-09,Torta de limão (fatia),Doces,27,11.0,3.5,0
2026-04-10,Baguete,Pães,35,8.0,2.6,0
2026-04-10,Bolo de cenoura (fatia),Doces,63,7.0,2.0,0
2026-04-10,Brigadeiro,Doces,50,3.0,0.9,0
2026-04-10,Coxinha,Salgados,115,7.5,2.3,0
2026-04-10,Croissant,Pães,97,7.0,2.4,0
2026-04-10,Empada de frango,Salgados,67,7.0,2.2,0
2026-04-10,Esfiha de carne,Salgados,79,6.5,2.0,0
2026-04-10,Misto quente,Lanches,74,9.0,3.0,0
2026-04-10,Pudim (fatia),Doces,29,10.0,3.2,0
2026-04-10,Pão de batata,Salgados,102,6.0,1.8,0
2026-04-10,Pão de forma caseiro,Pães,21,12.0,4.5,0
2026-04-10,Pão de queijo,Pães,198,3.5,1.1,0
2026-04-10,Pão francês,Pães,990,0.9,0.3,0
2026-04-10,Pão na chapa,Lanches,183,6.0,1.5,0
2026-04-10,Sanduíche natural,Lanches,60,14.0,5.5,0
2026-04-10,Sonho,Doces,59,6.0,1.9,0
2026-04-10,Suco de laranja natural,Bebidas,71,9.0,3.0,0
2026-04-10,Torta de limão (fatia),Doces,25,11.0,3.5,0
2026-04-11,Baguete,Pães,32,8.0,2.6,0
2026-04-11,Bolo de cenoura (fatia),Doces,33,7.0,2.0,0
2026-04-11,Brigadeiro,Doces,117,3.0,0.9,0
2026-04-11,Coxinha,Salgados,89,7.5,2.3,0
2026-04-11,Croissant,Pães,129,7.0,2.4,0
2026-04-11,Empada de frango,Salgados,91,5.95,2.2,1
2026-04-11,Esfiha de carne,Salgados,89,6.5,2.0,0
2026-04-11,Misto quente,Lanches,55,9.0,3.0,0
2026-04-11,Pudim (fatia),Doces,20,10.0,3.2,0
2026-04-11,Pão de batata,Salgados,34,6.0,1.8,0
2026-04-11,Pão de forma caseiro,Pães,23,12.0,4.5,0
2026-04-11,Pão de queijo,Pães,255,3.5,1.1,0
2026-04-11,Pão francês,Pães,1727,0.9,0.3,0
2026-04-11,Pão na chapa,Lanches,197,6.0,1.5,0
2026-04-11,Sanduíche natural,Lanches,54,14.0,5.5,0
2026-04-11,Sonho,Doces,59,6.0,1.9,0
2026-04-11,Suco de laranja natural,Bebidas,102,9.0,3.0,0
2026-04-11,Torta de limão (fatia),Doces,52,11.0,3.5,0
2026-04-12,Baguete,Pães,24,8.0,2.6,0
2026-04-12,Bolo de cenoura (fatia),Doces,64,7.0,2.0,0
2026-04-12,Brigadeiro,Doces,104,3.0,0.9,0
2026-04-12,Coxinha,Salgados,103,7.5,2.3,0
2026-04-12,Croissant,Pães,70,7.0,2.4,0
2026-04-12,Empada de frango,Salgados,54,7.0,2.2,0
2026-04-12,Esfiha de carne,Salgados,96,6.5,2.0,0
2026-04-12,Misto quente,Lanches,63,9.0,3.0,0
2026-04-12,Pudim (fatia),Doces,27,10.0,3.2,0
2026-04-12,Pão de batata,Salgados,56,6.0,1.8,0
2026-04-12,Pão de forma caseiro,Pães,33,12.0,4.5,0
2026-04-12,Pão de queijo,Pães,288,3.5,1.1,0
2026-04-12,Pão francês,Pães,1004,0.9,0.3,0
2026-04-12,Pão na chapa,Lanches,142,6.0,1.5,0
2026-04-12,Sanduíche natural,Lanches,45,14.0,5.5,0
2026-04-12,Sonho,Doces,94,6.0,1.9,0
2026-04-12,Suco de laranja natural,Bebidas,77,9.0,3.0,0
2026-04-12,Torta de limão (fatia),Doces,60,11.0,3.5,0
2026-04-13,Baguete,Pães,42,8.0,2.6,0
2026-04-13,Bolo de cenoura (fatia),Doces,52,7.0,2.0,0
2026-04-13,Brigadeiro,Doces,82,3.0,0.9,0
2026-04-13,Coxinha,Salgados,178,7.5,2.3,0
2026-04-13,Croissant,Pães,27,7.0,2.4,0
2026-04-13,Empada de frango,Salgados,64,7.0,2.2,0
2026-04-13,Esfiha de carne,Salgados,66,6.5,2.0,0
2026-04-13,Misto quente,Lanches,83,9.0,3.0,0
2026-04-13,Pudim (fatia),Doces,37,10.0,3.2,0
2026-04-13,Pão de batata,Salgados,50,6.0,1.8,0
2026-04-13,Pão de forma caseiro,Pães,13,12.0,4.5,0
2026-04-13,Pão de queijo,Pães,192,3.5,1.1,0
2026-04-13,Pão francês,Pães,934,0.9,0.3,0
2026-04-13,Pão na chapa,Lanches,120,6.0,1.5,0
2026-04-13,Sanduíche natural,Lanches,46,11.9,5.5,1
2026-04-13,Sonho,Doces,73,6.0,1.9,0
2026-04-13,Suco de laranja natural,Bebidas,83,9.0,3.0,0
2026-04-13,Torta de limão (fatia),Doces,18,11.0,3.5,0
2026-04-14,Baguete,Pães,22,8.0,2.6,0
2026-04-14,Bolo de cenoura (fatia),Doces,53,7.0,2.0,0
2026-04-14,Brigadeiro,Doces,90,3.0,0.9,0
2026-04-14,Coxinha,Salgados,150,7.5,2.3,0
2026-04-14,Croissant,Pães,67,7.0,2.4,0
2026-04-14,Empada de frango,Salgados,66,7.0,2.2,0
2026-04-14,Esfiha de carne,Salgados,109,6.5,2.0,0
2026-04-14,Misto quente,Lanches,69,9.0,3.0,0
2026-04-14,Pudim (fatia),Doces,23,10.0,3.2,0
2026-04-14,Pão de batata,Salgados,85,6.0,1.8,0
2026-04-14,Pão de forma caseiro,Pães,23,12.0,4.5,0
2026-04-14,Pão de queijo,Pães,227,3.5,1.1,0
2026-04-14,Pão francês,Pães,919,0.9,0.3,0
2026-04-14,Pão na chapa,Lanches,147,6.0,1.5,0
2026-04-14,Sanduíche natural,Lanches,57,14.0,5.5,0
2026-04-14,Sonho,Doces,98,6.0,1.9,0
2026-04-14,Suco de laranja natural,Bebidas,103,9.0,3.0,0
2026-04-14,Torta de limão (fatia),Doces,17,11.0,3.5,0
2026-04-15,Baguete,Pães,35,8.0,2.6,0
2026-04-15,Bolo de cenoura (fatia),Doces,30,5.95,2.0,1
2026-04-15,Brigadeiro,Doces,110,3.0,0.9,0
2026-04-15,Coxinha,Salgados,156,7.5,2.3,0
2026-04-15,Croissant,Pães,95,7.0,2.4,0
2026-04-15,Empada de frango,Salgados,72,7.0,2.2,0
2026-04-15,Esfiha de carne,Salgados,83,6.5,2.0,0
2026-04-15,Misto quente,Lanches,95,9.0,3.0,0
2026-04-15,Pudim (fatia),Doces,22,10.0,3.2,0
2026-04-15,Pão de batata,Salgados,78,6.0,1.8,0
2026-04-15,Pão de forma caseiro,Pães,14,12.0,4.5,0
2026-04-15,Pão de queijo,Pães,158,3.5,1.1,0
2026-04-15,Pão francês,Pães,944,0.9,0.3,0
2026-04-15,Pão na chapa,Lanches,97,6.0,1.5,0
2026-04-15,Sanduíche natural,Lanches,47,14.0,5.5,0
2026-04-15,Sonho,Doces,73,6.0,1.9,0
2026-04-15,Suco de laranja natural,Bebidas,56,9.0,3.0,0
2026-04-15,Torta de limão (fatia),Doces,38,11.0,3.5,0
2026-04-16,Baguete,Pães,39,8.0,2.6,0
2026-04-16,Bolo de cenoura (fatia),Doces,58,7.0,2.0,0
2026-04-16,Brigadeiro,Doces,112,3.0,0.9,0
2026-04-16,Coxinha,Salgados,86,7.5,2.3,0
2026-04-16,Croissant,Pães,51,7.0,2.4,0
2026-04-16,Empada de frango,Salgados,44,7.0,2.2,0
2026-04-16,Esfiha de carne,Salgados,76,6.5,2.0,0
2026-04-16,Misto quente,Lanches,97,9.0,3.0,0
2026-04-16,Pudim (fatia),Doces,24,10.0,3.2,0
2026-04-16,Pão de batata,Salgados,75,6.0,1.8,0
2026-04-16,Pão de forma caseiro,Pães,38,12.0,4.5,0
2026-04-16,Pão de queijo,Pães,90,3.5,1.1,0
2026-04-16,Pão francês,Pães,839,0.9,0.3,0
2026-04-16,Pão na chapa,Lanches,104,6.0,1.5,0
2026-04-16,Sanduíche natural,Lanches,57,14.0,5.5,0
2026-04-16,Sonho,Doces,21,6.0,1.9,0
2026-04-16,Suco de laranja natural,Bebidas,77,9.0,3.0,0
2026-04-16,Torta de limão (fatia),Doces,42,11.0,3.5,0
2026-04-17,Baguete,Pães,56,8.0,2.6,0
2026-04-17,Bolo de cenoura (fatia),Doces,43,7.0,2.0,0
2026-04-17,Brigadeiro,Doces,130,3.0,0.9,0
2026-04-17,Coxinha,Salgados,122,7.5,2.3,0
2026-04-17,Croissant,Pães,64,7.0,2.4,0
2026-04-17,Empada de frango,Salgados,34,7.0,2.2,0
2026-04-17,Esfiha de carne,Salgados,118,6.5,2.0,0
2026-04-17,Misto quente,Lanches,101,9.0,3.0,0
2026-04-17,Pudim (fatia),Doces,18,10.0,3.2,0
2026-04-17,Pão de batata,Salgados,146,5.1,1.8,1
2026-04-17,Pão de forma caseiro,Pães,33,12.0,4.5,0
2026-04-17,Pão de queijo,Pães,160,3.5,1.1,0
2026-04-17,Pão francês,Pães,940,0.9,0.3,0
2026-04-17,Pão na chapa,Lanches,181,6.0,1.5,0
2026-04-17,Sanduíche natural,Lanches,35,14.0,5.5,0
2026-04-17,Sonho,Doces,91,6.0,1.9,0
2026-04-17,Suco de laranja natural,Bebidas,76,9.0,3.0,0
2026-04-17,Torta de limão (fatia),Doces,20,11.0,3.5,0
2026-04-18,Baguete,Pães,41,8.0,2.6,0
2026-04-18,Bolo de cenoura (fatia),Doces,68,7.0,2.0,0
2026-04-18,Brigadeiro,Doces,103,3.0,0.9,0
2026-04-18,Coxinha,Salgados,133,7.5,2.3,0
2026-04-18,Croissant,Pães,77,7.0,2.4,0
2026-04-18,Empada de frango,Salgados,46,7.0,2.2,0
2026-04-18,Esfiha de carne,Salgados,100,6.5,2.0,0
2026-04-18,Misto quente,Lanches,73,9.0,3.0,0
2026-04-18,Pudim (fatia),Doces,39,10.0,3.2,0
2026-04-18,Pão de batata,Salgados,49,6.0,1.8,0
2026-04-18,Pão de forma caseiro,Pães,42,10.2,4.5,1
2026-04-18,Pão de queijo,Pães,248,3.5,1.1,0
2026-04-18,Pão francês,Pães,999,0.9,0.3,0
2026-04-18,Pão na chapa,Lanches,164,6.0,1.5,0
2026-04-18,Sanduíche natural,Lanches,45,11.9,5.5,1
2026-04-18,Sonho,Doces,74,6.0,1.9,0
2026-04-18,Suco de laranja natural,Bebidas,65,9.0,3.0,0
2026-04-18,Torta de limão (fatia),Doces,27,11.0,3.5,0
2026-04-19,Baguete,Pães,26,8.0,2.6,0
2026-04-19,Bolo de cenoura (fatia),Doces,65,7.0,2.0,0
2026-04-19,Brigadeiro,Doces,194,3.0,0.9,0
2026-04-19,Coxinha,Salgados,84,7.5,2.3,0
2026-04-19,Croissant,Pães,71,7.0,2.4,0
2026-04-19,Empada de frango,Salgados,14,7.0,2.2,0
2026-04-19,Esfiha de carne,Salgados,55,6.5,2.0,0
2026-04-19,Misto quente,Lanches,51,9.0,3.0,0
2026-04-19,Pudim (fatia),Doces,31,10.0,3.2,0
2026-04-19,Pão de batata,Salgados,50,6.0,1.8,0
2026-04-19,Pão de forma caseiro,Pães,21,12.0,4.5,0
2026-04-19,Pão de queijo,Pães,291,3.5,1.1,0
2026-04-19,Pão francês,Pães,1583,0.9,0.3,0
2026-04-19,Pão na chapa,Lanches,130,6.0,1.5,0
2026-04-19,Sanduíche natural,Lanches,36,14.0,5.5,0
2026-04-19,Sonho,Doces,93,6.0,1.9,0
2026-04-19,Suco de laranja natural,Bebidas,123,9.0,3.0,0
2026-04-19,Torta de limão (fatia),Doces,63,11.0,3.5,0
2026-04-20,Baguete,Pães,25,8.0,2.6,0
2026-04-20,Bolo de cenoura (fatia),Doces,34,7.0,2.0,0
2026-04-20,Brigadeiro,Doces,110,3.0,0.9,0
2026-04-20,Coxinha,Salgados,182,7.5,2.3,0
2026-04-20,Croissant,Pães,51,7.0,2.4,0
2026-04-20,Empada de frango,Salgados,65,7.0,2.2,0
2026-04-20,Esfiha de carne,Salgados,39,6.5,2.0,0
2026-04-20,Misto quente,Lanches,79,9.0,3.0,0
2026-04-20,Pudim (fatia),Doces,22,10.0,3.2,0
2026-04-20,Pão de batata,Salgados,64,6.0,1.8,0
2026-04-20,Pão de forma caseiro,Pães,24,12.0,4.5,0
2026-04-20,Pão de queijo,Pães,225,3.5,1.1,0
2026-04-20,Pão francês,Pães,1285,0.9,0.3,0
2026-04-20,Pão na chapa,Lanches,129,6.0,1.5,0
2026-04-20,Sanduíche natural,Lanches,39,14.0,5.5,0
2026-04-20,Sonho,Doces,36,6.0,1.9,0
2026-04-20,Suco de laranja natural,Bebidas,87,9.0,3.0,0
2026-04-20,Torta de limão (fatia),Doces,32,11.0,3.5,0
2026-04-21,Baguete,Pães,97,8.0,2.6,0
2026-04-21,Bolo de cenoura (fatia),Doces,55,7.0,2.0,0
2026-04-21,Brigadeiro,Doces,167,3.0,0.9,0
2026-04-21,Coxinha,Salgados,105,7.5,2.3,0
2026-04-21,Croissant,Pães,112,7.0,2.4,0
2026-04-21,Empada de frango,Salgados,57,7.0,2.2,0
2026-04-21,Esfiha de carne,Salgados,43,6.5,2.0,0
2026-04-21,Misto quente,Lanches,101,9.0,3.0,0
2026-04-21,Pudim (fatia),Doces,56,10.0,3.2,0
2026-04-21,Pão de batata,Salgados,65,6.0,1.8,0
2026-04-21,Pão de forma caseiro,Pães,28,12.0,4.5,0
2026-04-21,Pão de queijo,Pães,226,3.5,1.1,0
2026-04-21,Pão francês,Pães,1385,0.9,0.3,0
2026-04-21,Pão na chapa,Lanches,246,5.1,1.5,1
2026-04-21,Sanduíche natural,Lanches,40,14.0,5.5,0
2026-04-21,Sonho,Doces,67,6.0,1.9,0
2026-04-21,Suco de laranja natural,Bebidas,178,9.0,3.0,0
2026-04-21,Torta de limão (fatia),Doces,68,11.0,3.5,0
2026-04-22,Baguete,Pães,35,8.0,2.6,0
2026-04-22,Bolo de cenoura (fatia),Doces,40,7.0,2.0,0
2026-04-22,Brigadeiro,Doces,151,3.0,0.9,0
2026-04-22,Coxinha,Salgados,176,7.5,2.3,0
2026-04-22,Croissant,Pães,98,7.0,2.4,0
2026-04-22,Empada de frango,Salgados,86,7.0,2.2,0
2026-04-22,Esfiha de carne,Salgados,76,6.5,2.0,0
2026-04-22,Misto quente,Lanches,112,9.0,3.0,0
2026-04-22,Pudim (fatia),Doces,36,10.0,3.2,0
2026-04-22,Pão de batata,Salgados,56,6.0,1.8,0
2026-04-22,Pão de forma caseiro,Pães,18,12.0,4.5,0
2026-04-22,Pão de queijo,Pães,160,3.5,1.1,0
2026-04-22,Pão francês,Pães,984,0.9,0.3,0
2026-04-22,Pão na chapa,Lanches,106,6.0,1.5,0
2026-04-22,Sanduíche natural,Lanches,30,14.0,5.5,0
2026-04-22,Sonho,Doces,92,6.0,1.9,0
2026-04-22,Suco de laranja natural,Bebidas,57,9.0,3.0,0
2026-04-22,Torta de limão (fatia),Doces,55,11.0,3.5,0
2026-04-23,Baguete,Pães,18,8.0,2.6,0
2026-04-23,Bolo de cenoura (fatia),Doces,26,7.0,2.0,0
2026-04-23,Brigadeiro,Doces,153,3.0,0.9,0
2026-04-23,Coxinha,Salgados,146,7.5,2.3,0
2026-04-23,Croissant,Pães,73,7.0,2.4,0
2026-04-23,Empada de frango,Salgados,78,7.0,2.2,0
2026-04-23,Esfiha de carne,Salgados,100,6.5,2.0,0
2026-04-23,Misto quente,Lanches,61,9.0,3.0,0
2026-04-23,Pudim (fatia),Doces,21,10.0,3.2,0
2026-04-23,Pão de batata,Salgados,69,6.0,1.8,0
2026-04-23,Pão de forma caseiro,Pães,31,12.0,4.5,0
2026-04-23,Pão de queijo,Pães,164,3.5,1.1,0
2026-04-23,Pão francês,Pães,769,0.9,0.3,0
2026-04-23,Pão na chapa,Lanches,114,6.0,1.5,0
2026-04-23,Sanduíche natural,Lanches,42,14.0,5.5,0
2026-04-23,Sonho,Doces,89,6.0,1.9,0
2026-04-23,Suco de laranja natural,Bebidas,62,9.0,3.0,0
2026-04-23,Torta de limão (fatia),Doces,26,11.0,3.5,0
2026-04-24,Baguete,Pães,58,8.0,2.6,0
2026-04-24,Bolo de cenoura (fatia),Doces,51,7.0,2.0,0
2026-04-24,Brigadeiro,Doces,91,3.0,0.9,0
2026-04-24,Coxinha,Salgados,158,7.5,2.3,0
2026-04-24,Croissant,Pães,93,7.0,2.4,0
2026-04-24,Empada de frango,Salgados,87,7.0,2.2,0
2026-04-24,Esfiha de carne,Salgados,116,6.5,2.0,0
2026-04-24,Misto quente,Lanches,101,7.65,3.0,1
2026-04-24,Pudim (fatia),Doces,30,10.0,3.2,0
2026-04-24,Pão de batata,Salgados,96,6.0,1.8,0
2026-04-24,Pão de forma caseiro,Pães,39,12.0,4.5,0
2026-04-24,Pão de queijo,Pães,244,3.5,1.1,0
2026-04-24,Pão francês,Pães,1333,0.9,0.3,0
2026-04-24,Pão na chapa,Lanches,105,6.0,1.5,0
2026-04-24,Sanduíche natural,Lanches,58,14.0,5.5,0
2026-04-24,Sonho,Doces,79,6.0,1.9,0
2026-04-24,Suco de laranja natural,Bebidas,70,9.0,3.0,0
2026-04-24,Torta de limão (fatia),Doces,27,11.0,3.5,0
2026-04-25,Baguete,Pães,59,8.0,2.6,0
2026-04-25,Bolo de cenoura (fatia),Doces,54,7.0,2.0,0
2026-04-25,Brigadeiro,Doces,70,3.0,0.9,0
2026-04-25,Coxinha,Salgados,93,7.5,2.3,0
2026-04-25,Croissant,Pães,97,7.0,2.4,0
2026-04-25,Empada de frango,Salgados,66,7.0,2.2,0
2026-04-25,Esfiha de carne,Salgados,80,6.5,2.0,0
2026-04-25,Misto quente,Lanches,68,9.0,3.0,0
2026-04-25,Pudim (fatia),Doces,30,10.0,3.2,0
2026-04-25,Pão de batata,Salgados,118,6.0,1.8,0
2026-04-25,Pão de forma caseiro,Pães,49,12.0,4.5,0
2026-04-25,Pão de queijo,Pães,274,3.5,1.1,0
2026-04-25,Pão francês,Pães,1065,0.9,0.3,0
2026-04-25,Pão na chapa,Lanches,179,6.0,1.5,0
2026-04-25,Sanduíche natural,Lanches,39,11.9,5.5,1
2026-04-25,Sonho,Doces,100,6.0,1.9,0
2026-04-25,Suco de laranja natural,Bebidas,179,9.0,3.0,0
2026-04-25,Torta de limão (fatia),Doces,24,11.0,3.5,0
2026-04-26,Baguete,Pães,32,8.0,2.6,0
2026-04-26,Bolo de cenoura (fatia),Doces,87,7.0,2.0,0
2026-04-26,Brigadeiro,Doces,129,3.0,0.9,0
2026-04-26,Coxinha,Salgados,81,7.5,2.3,0
2026-04-26,Croissant,Pães,132,5.95,2.4,1
2026-04-26,Empada de frango,Salgados,51,7.0,2.2,0
2026-04-26,Esfiha de carne,Salgados,53,6.5,2.0,0
2026-04-26,Misto quente,Lanches,60,9.0,3.0,0
2026-04-26,Pudim (fatia),Doces,32,10.0,3.2,0
2026-04-26,Pão de batata,Salgados,27,6.0,1.8,0
2026-04-26,Pão de forma caseiro,Pães,31,12.0,4.5,0
2026-04-26,Pão de queijo,Pães,265,3.5,1.1,0
2026-04-26,Pão francês,Pães,1464,0.9,0.3,0
2026-04-26,Pão na chapa,Lanches,132,6.0,1.5,0
2026-04-26,Sanduíche natural,Lanches,35,14.0,5.5,0
2026-04-26,Sonho,Doces,83,6.0,1.9,0
2026-04-26,Suco de laranja natural,Bebidas,118,9.0,3.0,0
2026-04-26,Torta de limão (fatia),Doces,30,11.0,3.5,0
2026-04-27,Baguete,Pães,30,8.0,2.6,0
2026-04-27,Bolo de cenoura (fatia),Doces,46,7.0,2.0,0
2026-04-27,Brigadeiro,Doces,81,3.0,0.9,0
2026-04-27,Coxinha,Salgados,133,7.5,2.3,0
2026-04-27,Croissant,Pães,67,7.0,2.4,0
2026-04-27,Empada de frango,Salgados,41,7.0,2.2,0
2026-04-27,Esfiha de carne,Salgados,79,6.5,2.0,0
2026-04-27,Misto quente,Lanches,97,9.0,3.0,0
2026-04-27,Pudim (fatia),Doces,6,10.0,3.2,0
2026-04-27,Pão de batata,Salgados,62,6.0,1.8,0
2026-04-27,Pão de forma caseiro,Pães,24,12.0,4.5,0
2026-04-27,Pão de queijo,Pães,186,3.5,1.1,0
2026-04-27,Pão francês,Pães,1163,0.9,0.3,0
2026-04-27,Pão na chapa,Lanches,111,6.0,1.5,0
2026-04-27,Sanduíche natural,Lanches,84,11.9,5.5,1
2026-04-27,Sonho,Doces,28,6.0,1.9,0
2026-04-27,Suco de laranja natural,Bebidas,128,9.0,3.0,0
2026-04-27,Torta de limão (fatia),Doces,40,11.0,3.5,0
2026-04-28,Baguete,Pães,50,8.0,2.6,0
2026-04-28,Bolo de cenoura (fatia),Doces,22,7.0,2.0,0
2026-04-28,Brigadeiro,Doces,94,3.0,0.9,0
2026-04-28,Coxinha,Salgados,117,7.5,2.3,0
2026-04-28,Croissant,Pães,80,7.0,2.4,0
2026-04-28,Empada de frango,Salgados,46,7.0,2.2,0
2026-04-28,Esfiha de carne,Salgados,34,6.5,2.0,0
2026-04-28,Misto quente,Lanches,134,9.0,3.0,0
2026-04-28,Pudim (fatia),Doces,10,10.0,3.2,0
2026-04-28,Pão de batata,Salgados,103,6.0,1.8,0
2026-04-28,Pão de forma caseiro,Pães,30,12.0,4.5,0
2026-04-28,Pão de queijo,Pães,167,3.5,1.1,0
2026-04-28,Pão francês,Pães,1093,0.9,0.3,0
2026-04-28,Pão na chapa,Lanches,133,6.0,1.5,0
2026-04-28,Sanduíche natural,Lanches,55,14.0,5.5,0
2026-04-28,Sonho,Doces,41,6.0,1.9,0
2026-04-28,Suco de laranja natural,Bebidas,36,9.0,3.0,0
2026-04-28,Torta de limão (fatia),Doces,19,11.0,3.5,0
2026-04-29,Baguete,Pães,26,8.0,2.6,0
2026-04-29,Bolo de cenoura (fatia),Doces,76,7.0,2.0,0
2026-04-29,Brigadeiro,Doces,91,3.0,0.9,0
2026-04-29,Coxinha,Salgados,149,7.5,2.3,0
2026-04-29,Croissant,Pães,87,7.0,2.4,0
2026-04-29,Empada de frango,Salgados,96,7.0,2.2,0
2026-04-29,Esfiha de carne,Salgados,97,6.5,2.0,0
2026-04-29,Misto quente,Lanches,42,9.0,3.0,0
2026-04-29,Pudim (fatia),Doces,16,10.0,3.2,0
2026-04-29,Pão de batata,Salgados,115,6.0,1.8,0
2026-04-29,Pão de forma caseiro,Pães,31,12.0,4.5,0
2026-04-29,Pão de queijo,Pães,191,3.5,1.1,0
2026-04-29,Pão francês,Pães,821,0.9,0.3,0
2026-04-29,Pão na chapa,Lanches,105,6.0,1.5,0
2026-04-29,Sanduíche natural,Lanches,38,14.0,5.5,0
2026-04-29,Sonho,Doces,42,6.0,1.9,0
2026-04-29,Suco de laranja natural,Bebidas,102,9.0,3.0,0
2026-04-29,Torta de limão (fatia),Doces,17,11.0,3.5,0
2026-04-30,Baguete,Pães,34,8.0,2.6,0
2026-04-30,Bolo de cenoura (fatia),Doces,41,7.0,2.0,0
2026-04-30,Brigadeiro,Doces,103,3.0,0.9,0
2026-04-30,Coxinha,Salgados,97,7.5,2.3,0
2026-04-30,Croissant,Pães,44,7.0,2.4,0
2026-04-30,Empada de frango,Salgados,94,7.0,2.2,0
2026-04-30,Esfiha de carne,Salgados,111,6.5,2.0,0
2026-04-30,Misto quente,Lanches,61,9.0,3.0,0
2026-04-30,Pudim (fatia),Doces,43,10.0,3.2,0
2026-04-30,Pão de batata,Salgados,60,6.0,1.8,0
2026-04-30,Pão de forma caseiro,Pães,18,12.0,4.5,0
2026-04-30,Pão de queijo,Pães,215,3.5,1.1,0
2026-04-30,Pão francês,Pães,1073,0.9,0.3,0
2026-04-30,Pão na chapa,Lanches,130,6.0,1.5,0
2026-04-30,Sanduíche natural,Lanches,62,14.0,5.5,0
2026-04-30,Sonho,Doces,82,6.0,1.9,0
2026-04-30,Suco de laranja natural,Bebidas,53,9.0,3.0,0
2026-04-30,Torta de limão (fatia),Doces,31,11.0,3.5,0
2026-05-01,Baguete,Pães,124,6.8,2.6,1
2026-05-01,Bolo de cenoura (fatia),Doces,67,7.0,2.0,0
2026-05-01,Brigadeiro,Doces,142,3.0,0.9,0
2026-05-01,Coxinha,Salgados,101,7.5,2.3,0
2026-05-01,Croissant,Pães,74,7.0,2.4,0
2026-05-01,Empada de frango,Salgados,40,7.0,2.2,0
2026-05-01,Esfiha de carne,Salgados,79,6.5,2.0,0
2026-05-01,Misto quente,Lanches,54,9.0,3.0,0
2026-05-01,Pudim (fatia),Doces,34,10.0,3.2,0
2026-05-01,Pão de batata,Salgados,43,6.0,1.8,0
2026-05-01,Pão de forma caseiro,Pães,41,12.0,4.5,0
2026-05-01,Pão de queijo,Pães,220,3.5,1.1,0
2026-05-01,Pão francês,Pães,1082,0.9,0.3,0
2026-05-01,Pão na chapa,Lanches,214,6.0,1.5,0
2026-05-01,Sanduíche natural,Lanches,52,14.0,5.5,0
2026-05-01,Sonho,Doces,80,6.0,1.9,0
2026-05-01,Suco de laranja natural,Bebidas,62,9.0,3.0,0
2026-05-01,Torta de limão (fatia),Doces,41,11.0,3.5,0
2026-05-02,Baguete,Pães,45,8.0,2.6,0
2026-05-02,Bolo de cenoura (fatia),Doces,53,7.0,2.0,0
2026-05-02,Brigadeiro,Doces,65,3.0,0.9,0
2026-05-02,Coxinha,Salgados,148,7.5,2.3,0
2026-05-02,Croissant,Pães,64,7.0,2.4,0
2026-05-02,Empada de frango,Salgados,80,7.0,2.2,0
2026-05-02,Esfiha de carne,Salgados,64,6.5,2.0,0
2026-05-02,Misto quente,Lanches,110,9.0,3.0,0
2026-05-02,Pudim (fatia),Doces,40,10.0,3.2,0
2026-05-02,Pão de batata,Salgados,41,6.0,1.8,0
2026-05-02,Pão de forma caseiro,Pães,25,12.0,4.5,0
2026-05-02,Pão de queijo,Pães,261,3.5,1.1,0
2026-05-02,Pão francês,Pães,1382,0.9,0.3,0
2026-05-02,Pão na chapa,Lanches,176,6.0,1.5,0
2026-05-02,Sanduíche natural,Lanches,29,14.0,5.5,0
2026-05-02,Sonho,Doces,57,6.0,1.9,0
2026-05-02,Suco de laranja natural,Bebidas,54,9.0,3.0,0
2026-05-02,Torta de limão (fatia),Doces,36,11.0,3.5,0
2026-05-03,Baguete,Pães,102,8.0,2.6,0
2026-05-03,Bolo de cenoura (fatia),Doces,63,7.0,2.0,0
2026-05-03,Brigadeiro,Doces,169,3.0,0.9,0
2026-05-03,Coxinha,Salgados,89,7.5,2.3,0
2026-05-03,Croissant,Pães,88,7.0,2.4,0
2026-05-03,Empada de frango,Salgados,47,7.0,2.2,0
2026-05-03,Esfiha de carne,Salgados,56,6.5,2.0,0
2026-05-03,Misto quente,Lanches,31,7.65,3.0,1
2026-05-03,Pudim (fatia),Doces,40,10.0,3.2,0
2026-05-03,Pão de batata,Salgados,34,6.0,1.8,0
2026-05-03,Pão de forma caseiro,Pães,50,12.0,4.5,0
2026-05-03,Pão de queijo,Pães,353,3.5,1.1,0
2026-05-03,Pão francês,Pães,1373,0.9,0.3,0
2026-05-03,Pão na chapa,Lanches,166,6.0,1.5,0
2026-05-03,Sanduíche natural,Lanches,51,14.0,5.5,0
2026-05-03,Sonho,Doces,63,6.0,1.9,0
2026-05-03,Suco de laranja natural,Bebidas,83,9.0,3.0,0
2026-05-03,Torta de limão (fatia),Doces,67,11.0,3.5,0
2026-05-04,Baguete,Pães,28,8.0,2.6,0
2026-05-04,Bolo de cenoura (fatia),Doces,65,7.0,2.0,0
2026-05-04,Brigadeiro,Doces,94,3.0,0.9,0
2026-05-04,Coxinha,Salgados,136,7.5,2.3,0
2026-05-04,Croissant,Pães,53,7.0,2.4,0
2026-05-04,Empada de frango,Salgados,57,7.0,2.2,0
2026-05-04,Esfiha de carne,Salgados,126,6.5,2.0,0
2026-05-04,Misto quente,Lanches,43,9.0,3.0,0
2026-05-04,Pudim (fatia),Doces,27,10.0,3.2,0
2026-05-04,Pão de batata,Salgados,47,6.0,1.8,0
2026-05-04,Pão de forma caseiro,Pães,41,12.0,4.5,0
2026-05-04,Pão de queijo,Pães,201,3.5,1.1,0
2026-05-04,Pão francês,Pães,747,0.9,0.3,0
2026-05-04,Pão na chapa,Lanches,99,6.0,1.5,0
2026-05-04,Sanduíche natural,Lanches,58,14.0,5.5,0
2026-05-04,Sonho,Doces,42,6.0,1.9,0
2026-05-04,Suco de laranja natural,Bebidas,46,9.0,3.0,0
2026-05-04,Torta de limão (fatia),Doces,18,11.0,3.5,0
2026-05-05,Baguete,Pães,24,8.0,2.6,0
2026-05-05,Bolo de cenoura (fatia),Doces,34,7.0,2.0,0
2026-05-05,Brigadeiro,Doces,82,3.0,0.9,0
2026-05-05,Coxinha,Salgados,183,7.5,2.3,0
2026-05-05,Croissant,Pães,63,7.0,2.4,0
2026-05-05,Empada de frango,Salgados,47,7.0,2.2,0
2026-05-05,Esfiha de carne,Salgados,106,6.5,2.0,0
2026-05-05,Misto quente,Lanches,111,9.0,3.0,0
2026-05-05,Pudim (fatia),Doces,18,10.0,3.2,0
2026-05-05,Pão de batata,Salgados,103,6.0,1.8,0
2026-05-05,Pão de forma caseiro,Pães,18,12.0,4.5,0
2026-05-05,Pão de queijo,Pães,117,3.5,1.1,0
2026-05-05,Pão francês,Pães,1013,0.9,0.3,0
2026-05-05,Pão na chapa,Lanches,136,6.0,1.5,0
2026-05-05,Sanduíche natural,Lanches,42,14.0,5.5,0
2026-05-05,Sonho,Doces,49,6.0,1.9,0
2026-05-05,Suco de laranja natural,Bebidas,57,9.0,3.0,0
2026-05-05,Torta de limão (fatia),Doces,19,11.0,3.5,0
2026-05-06,Baguete,Pães,62,8.0,2.6,0
2026-05-06,Bolo de cenoura (fatia),Doces,60,7.0,2.0,0
2026-05-06,Brigadeiro,Doces,157,2.55,0.9,1
2026-05-06,Coxinha,Salgados,150,7.5,2.3,0
2026-05-06,Croissant,Pães,53,7.0,2.4,0
2026-05-06,Empada de frango,Salgados,74,7.0,2.2,0
2026-05-06,Esfiha de carne,Salgados,172,6.5,2.0,0
2026-05-06,Misto quente,Lanches,45,9.0,3.0,0
2026-05-06,Pudim (fatia),Doces,20,10.0,3.2,0
2026-05-06,Pão de batata,Salgados,55,6.0,1.8,0
2026-05-06,Pão de forma caseiro,Pães,21,12.0,4.5,0
2026-05-06,Pão de queijo,Pães,202,3.5,1.1,0
2026-05-06,Pão francês,Pães,986,0.9,0.3,0
2026-05-06,Pão na chapa,Lanches,120,6.0,1.5,0
2026-05-06,Sanduíche natural,Lanches,53,14.0,5.5,0
2026-05-06,Sonho,Doces,43,6.0,1.9,0
2026-05-06,Suco de laranja natural,Bebidas,75,9.0,3.0,0
2026-05-06,Torta de limão (fatia),Doces,47,11.0,3.5,0
2026-05-07,Baguete,Pães,45,8.0,2.6,0
2026-05-07,Bolo de cenoura (fatia),Doces,28,7.0,2.0,0
2026-05-07,Brigadeiro,Doces,104,3.0,0.9,0
2026-05-07,Coxinha,Salgados,223,7.5,2.3,0
2026-05-07,Croissant,Pães,52,7.0,2.4,0
2026-05-07,Empada de frango,Salgados,68,7.0,2.2,0
2026-05-07,Esfiha de carne,Salgados,79,6.5,2.0,0
2026-05-07,Misto quente,Lanches,163,9.0,3.0,0
2026-05-07,Pudim (fatia),Doces,56,8.5,3.2,1
2026-05-07,Pão de batata,Salgados,189,6.0,1.8,0
2026-05-07,Pão de forma caseiro,Pães,32,12.0,4.5,0
2026-05-07,Pão de queijo,Pães,223,3.5,1.1,0
2026-05-07,Pão francês,Pães,1088,0.9,0.3,0
2026-05-07,Pão na chapa,Lanches,105,6.0,1.5,0
2026-05-07,Sanduíche natural,Lanches,42,14.0,5.5,0
2026-05-07,Sonho,Doces,45,6.0,1.9,0
2026-05-07,Suco de laranja natural,Bebidas,78,9.0,3.0,0
2026-05-07,Torta de limão (fatia),Doces,54,11.0,3.5,0
2026-05-08,Baguete,Pães,38,8.0,2.6,0
2026-05-08,Bolo de cenoura (fatia),Doces,88,7.0,2.0,0
2026-05-08,Brigadeiro,Doces,101,3.0,0.9,0
2026-05-08,Coxinha,Salgados,150,7.5,2.3,0
2026-05-08,Croissant,Pães,39,7.0,2.4,0
2026-05-08,Empada de frango,Salgados,50,7.0,2.2,0
2026-05-08,Esfiha de carne,Salgados,52,6.5,2.0,0
2026-05-08,Misto quente,Lanches,84,9.0,3.0,0
2026-05-08,Pudim (fatia),Doces,37,10.0,3.2,0
2026-05-08,Pão de batata,Salgados,106,6.0,1.8,0
2026-05-08,Pão de forma caseiro,Pães,41,12.0,4.5,0
2026-05-08,Pão de queijo,Pães,232,3.5,1.1,0
2026-05-08,Pão francês,Pães,1066,0.9,0.3,0
2026-05-08,Pão na chapa,Lanches,202,6.0,1.5,0
2026-05-08,Sanduíche natural,Lanches,55,14.0,5.5,0
2026-05-08,Sonho,Doces,56,6.0,1.9,0
2026-05-08,Suco de laranja natural,Bebidas,142,9.0,3.0,0
2026-05-08,Torta de limão (fatia),Doces,23,11.0,3.5,0
2026-05-09,Baguete,Pães,38,8.0,2.6,0
2026-05-09,Bolo de cenoura (fatia),Doces,127,7.0,2.0,0
2026-05-09,Brigadeiro,Doces,80,3.0,0.9,0
2026-05-09,Coxinha,Salgados,91,7.5,2.3,0
2026-05-09,Croissant,Pães,94,7.0,2.4,0
2026-05-09,Empada de frango,Salgados,33,7.0,2.2,0
2026-05-09,Esfiha de carne,Salgados,67,5.52,2.0,1
2026-05-09,Misto quente,Lanches,84,9.0,3.0,0
2026-05-09,Pudim (fatia),Doces,21,10.0,3.2,0
2026-05-09,Pão de batata,Salgados,81,6.0,1.8,0
2026-05-09,Pão de forma caseiro,Pães,42,12.0,4.5,0
2026-05-09,Pão de queijo,Pães,231,3.5,1.1,0
2026-05-09,Pão francês,Pães,1082,0.9,0.3,0
2026-05-09,Pão na chapa,Lanches,178,6.0,1.5,0
2026-05-09,Sanduíche natural,Lanches,75,14.0,5.5,0
2026-05-09,Sonho,Doces,71,6.0,1.9,0
2026-05-09,Suco de laranja natural,Bebidas,110,9.0,3.0,0
2026-05-09,Torta de limão (fatia),Doces,60,9.35,3.5,1
2026-05-10,Baguete,Pães,42,8.0,2.6,0
2026-05-10,Bolo de cenoura (fatia),Doces,83,7.0,2.0,0
2026-05-10,Brigadeiro,Doces,181,3.0,0.9,0
2026-05-10,Coxinha,Salgados,63,7.5,2.3,0
2026-05-10,Croissant,Pães,116,7.0,2.4,0
2026-05-10,Empada de frango,Salgados,69,7.0,2.2,0
2026-05-10,Esfiha de carne,Salgados,67,6.5,2.0,0
2026-05-10,Misto quente,Lanches,50,9.0,3.0,0
2026-05-10,Pudim (fatia),Doces,27,10.0,3.2,0
2026-05-10,Pão de batata,Salgados,54,6.0,1.8,0
2026-05-10,Pão de forma caseiro,Pães,41,12.0,4.5,0
2026-05-10,Pão de queijo,Pães,264,3.5,1.1,0
2026-05-10,Pão francês,Pães,1548,0.9,0.3,0
2026-05-10,Pão na chapa,Lanches,214,6.0,1.5,0
2026-05-10,Sanduíche natural,Lanches,52,11.9,5.5,1
2026-05-10,Sonho,Doces,73,6.0,1.9,0
2026-05-10,Suco de laranja natural,Bebidas,127,9.0,3.0,0
2026-05-10,Torta de limão (fatia),Doces,20,11.0,3.5,0
2026-05-11,Baguete,Pães,67,8.0,2.6,0
2026-05-11,Bolo de cenoura (fatia),Doces,58,7.0,2.0,0
2026-05-11,Brigadeiro,Doces,51,3.0,0.9,0
2026-05-11,Coxinha,Salgados,125,7.5,2.3,0
2026-05-11,Croissant,Pães,105,7.0,2.4,0
2026-05-11,Empada de frango,Salgados,76,7.0,2.2,0
2026-05-11,Esfiha de carne,Salgados,85,6.5,2.0,0
2026-05-11,Misto quente,Lanches,81,9.0,3.0,0
2026-05-11,Pudim (fatia),Doces,22,10.0,3.2,0
2026-05-11,Pão de batata,Salgados,80,6.0,1.8,0
2026-05-11,Pão de forma caseiro,Pães,16,12.0,4.5,0
2026-05-11,Pão de queijo,Pães,116,3.5,1.1,0
2026-05-11,Pão francês,Pães,757,0.9,0.3,0
2026-05-11,Pão na chapa,Lanches,89,6.0,1.5,0
2026-05-11,Sanduíche natural,Lanches,33,14.0,5.5,0
2026-05-11,Sonho,Doces,63,6.0,1.9,0
2026-05-11,Suco de laranja natural,Bebidas,76,9.0,3.0,0
2026-05-11,Torta de limão (fatia),Doces,41,11.0,3.5,0
2026-05-12,Baguete,Pães,54,8.0,2.6,0
2026-05-12,Bolo de cenoura (fatia),Doces,35,7.0,2.0,0
2026-05-12,Brigadeiro,Doces,79,3.0,0.9,0
2026-05-12,Coxinha,Salgados,147,7.5,2.3,0
2026-05-12,Croissant,Pães,55,7.0,2.4,0
2026-05-12,Empada de frango,Salgados,32,7.0,2.2,0
2026-05-12,Esfiha de carne,Salgados,103,6.5,2.0,0
2026-05-12,Misto quente,Lanches,102,9.0,3.0,0
2026-05-12,Pudim (fatia),Doces,15,10.0,3.2,0
2026-05-12,Pão de batata,Salgados,42,6.0,1.8,0
2026-05-12,Pão de forma caseiro,Pães,16,12.0,4.5,0
2026-05-12,Pão de queijo,Pães,197,3.5,1.1,0
2026-05-12,Pão francês,Pães,999,0.9,0.3,0
2026-05-12,Pão na chapa,Lanches,121,6.0,1.5,0
2026-05-12,Sanduíche natural,Lanches,47,14.0,5.5,0
2026-05-12,Sonho,Doces,63,6.0,1.9,0
2026-05-12,Suco de laranja natural,Bebidas,68,9.0,3.0,0
2026-05-12,Torta de limão (fatia),Doces,20,11.0,3.5,0
2026-05-13,Baguete,Pães,19,8.0,2.6,0
2026-05-13,Bolo de cenoura (fatia),Doces,43,7.0,2.0,0
2026-05-13,Brigadeiro,Doces,75,3.0,0.9,0
2026-05-13,Coxinha,Salgados,119,7.5,2.3,0
2026-05-13,Croissant,Pães,54,7.0,2.4,0
2026-05-13,Empada de frango,Salgados,80,7.0,2.2,0
2026-05-13,Esfiha de carne,Salgados,64,6.5,2.0,0
2026-05-13,Misto quente,Lanches,63,7.65,3.0,1
2026-05-13,Pudim (fatia),Doces,10,10.0,3.2,0
2026-05-13,Pão de batata,Salgados,87,6.0,1.8,0
2026-05-13,Pão de forma caseiro,Pães,27,12.0,4.5,0
2026-05-13,Pão de queijo,Pães,185,3.5,1.1,0
2026-05-13,Pão francês,Pães,670,0.9,0.3,0
2026-05-13,Pão na chapa,Lanches,114,6.0,1.5,0
2026-05-13,Sanduíche natural,Lanches,25,14.0,5.5,0
2026-05-13,Sonho,Doces,71,6.0,1.9,0
2026-05-13,Suco de laranja natural,Bebidas,59,9.0,3.0,0
2026-05-13,Torta de limão (fatia),Doces,50,11.0,3.5,0
2026-05-14,Baguete,Pães,31,8.0,2.6,0
2026-05-14,Bolo de cenoura (fatia),Doces,58,7.0,2.0,0
2026-05-14,Brigadeiro,Doces,131,3.0,0.9,0
2026-05-14,Coxinha,Salgados,140,7.5,2.3,0
2026-05-14,Croissant,Pães,71,7.0,2.4,0
2026-05-14,Empada de frango,Salgados,63,7.0,2.2,0
2026-05-14,Esfiha de carne,Salgados,87,6.5,2.0,0
2026-05-14,Misto quente,Lanches,112,9.0,3.0,0
2026-05-14,Pudim (fatia),Doces,15,10.0,3.2,0
2026-05-14,Pão de batata,Salgados,112,6.0,1.8,0
2026-05-14,Pão de forma caseiro,Pães,40,12.0,4.5,0
2026-05-14,Pão de queijo,Pães,108,3.5,1.1,0
2026-05-14,Pão francês,Pães,1065,0.9,0.3,0
2026-05-14,Pão na chapa,Lanches,95,6.0,1.5,0
2026-05-14,Sanduíche natural,Lanches,47,14.0,5.5,0
2026-05-14,Sonho,Doces,52,6.0,1.9,0
2026-05-14,Suco de laranja natural,Bebidas,59,9.0,3.0,0
2026-05-14,Torta de limão (fatia),Doces,28,11.0,3.5,0
2026-05-15,Baguete,Pães,67,8.0,2.6,0
2026-05-15,Bolo de cenoura (fatia),Doces,61,7.0,2.0,0
2026-05-15,Brigadeiro,Doces,41,3.0,0.9,0
2026-05-15,Coxinha,Salgados,184,7.5,2.3,0
2026-05-15,Croissant,Pães,98,7.0,2.4,0
2026-05-15,Empada de frango,Salgados,89,7.0,2.2,0
2026-05-15,Esfiha de carne,Salgados,98,6.5,2.0,0
2026-05-15,Misto quente,Lanches,68,9.0,3.0,0
2026-05-15,Pudim (fatia),Doces,44,10.0,3.2,0
2026-05-15,Pão de batata,Salgados,77,6.0,1.8,0
2026-05-15,Pão de forma caseiro,Pães,33,12.0,4.5,0
2026-05-15,Pão de queijo,Pães,207,3.5,1.1,0
2026-05-15,Pão francês,Pães,902,0.9,0.3,0
2026-05-15,Pão na chapa,Lanches,104,6.0,1.5,0
2026-05-15,Sanduíche natural,Lanches,80,14.0,5.5,0
2026-05-15,Sonho,Doces,61,6.0,1.9,0
2026-05-15,Suco de laranja natural,Bebidas,98,9.0,3.0,0
2026-05-15,Torta de limão (fatia),Doces,49,11.0,3.5,0
2026-05-16,Baguete,Pães,35,8.0,2.6,0
2026-05-16,Bolo de cenoura (fatia),Doces,49,7.0,2.0,0
2026-05-16,Brigadeiro,Doces,171,3.0,0.9,0
2026-05-16,Coxinha,Salgados,94,7.5,2.3,0
2026-05-16,Croissant,Pães,92,7.0,2.4,0
2026-05-16,Empada de frango,Salgados,37,7.0,2.2,0
2026-05-16,Esfiha de carne,Salgados,78,6.5,2.0,0
2026-05-16,Misto quente,Lanches,97,9.0,3.0,0
2026-05-16,Pudim (fatia),Doces,32,10.0,3.2,0
2026-05-16,Pão de batata,Salgados,33,6.0,1.8,0
2026-05-16,Pão de forma caseiro,Pães,33,12.0,4.5,0
2026-05-16,Pão de queijo,Pães,332,3.5,1.1,0
2026-05-16,Pão francês,Pães,1333,0.9,0.3,0
2026-05-16,Pão na chapa,Lanches,198,6.0,1.5,0
2026-05-16,Sanduíche natural,Lanches,51,14.0,5.5,0
2026-05-16,Sonho,Doces,78,6.0,1.9,0
2026-05-16,Suco de laranja natural,Bebidas,146,9.0,3.0,0
2026-05-16,Torta de limão (fatia),Doces,43,11.0,3.5,0
2026-05-17,Baguete,Pães,42,8.0,2.6,0
2026-05-17,Bolo de cenoura (fatia),Doces,123,7.0,2.0,0
2026-05-17,Brigadeiro,Doces,198,3.0,0.9,0
2026-05-17,Coxinha,Salgados,63,7.5,2.3,0
2026-05-17,Croissant,Pães,108,7.0,2.4,0
2026-05-17,Empada de frango,Salgados,79,7.0,2.2,0
2026-05-17,Esfiha de carne,Salgados,63,6.5,2.0,0
2026-05-17,Misto quente,Lanches,38,9.0,3.0,0
2026-05-17,Pudim (fatia),Doces,52,10.0,3.2,0
2026-05-17,Pão de batata,Salgados,38,6.0,1.8,0
2026-05-17,Pão de forma caseiro,Pães,20,12.0,4.5,0
2026-05-17,Pão de queijo,Pães,248,3.5,1.1,0
2026-05-17,Pão francês,Pães,1686,0.9,0.3,0
2026-05-17,Pão na chapa,Lanches,190,6.0,1.5,0
2026-05-17,Sanduíche natural,Lanches,31,14.0,5.5,0
2026-05-17,Sonho,Doces,117,6.0,1.9,0
2026-05-17,Suco de laranja natural,Bebidas,51,9.0,3.0,0
2026-05-17,Torta de limão (fatia),Doces,37,11.0,3.5,0
2026-05-18,Baguete,Pães,21,8.0,2.6,0
2026-05-18,Bolo de cenoura (fatia),Doces,28,7.0,2.0,0
2026-05-18,Brigadeiro,Doces,62,3.0,0.9,0
2026-05-18,Coxinha,Salgados,171,7.5,2.3,0
2026-05-18,Croissant,Pães,49,7.0,2.4,0
2026-05-18,Empada de frango,Salgados,116,7.0,2.2,0
2026-05-18,Esfiha de carne,Salgados,116,6.5,2.0,0
2026-05-18,Misto quente,Lanches,70,9.0,3.0,0
2026-05-18,Pudim (fatia),Doces,13,10.0,3.2,0
2026-05-18,Pão de batata,Salgados,68,6.0,1.8,0
2026-05-18,Pão de forma caseiro,Pães,11,12.0,4.5,0
2026-05-18,Pão de queijo,Pães,158,3.5,1.1,0
2026-05-18,Pão francês,Pães,742,0.9,0.3,0
2026-05-18,Pão na chapa,Lanches,133,6.0,1.5,0
2026-05-18,Sanduíche natural,Lanches,43,14.0,5.5,0
2026-05-18,Sonho,Doces,80,6.0,1.9,0
2026-05-18,Suco de laranja natural,Bebidas,68,9.0,3.0,0
2026-05-18,Torta de limão (fatia),Doces,37,11.0,3.5,0
2026-05-19,Baguete,Pães,22,8.0,2.6,0
2026-05-19,Bolo de cenoura (fatia),Doces,45,7.0,2.0,0
2026-05-19,Brigadeiro,Doces,63,3.0,0.9,0
2026-05-19,Coxinha,Salgados,143,7.5,2.3,0
2026-05-19,Croissant,Pães,61,7.0,2.4,0
2026-05-19,Empada de frango,Salgados,38,7.0,2.2,0
2026-05-19,Esfiha de carne,Salgados,113,6.5,2.0,0
2026-05-19,Misto quente,Lanches,105,9.0,3.0,0
2026-05-19,Pudim (fatia),Doces,26,10.0,3.2,0
2026-05-19,Pão de batata,Salgados,54,6.0,1.8,0
2026-05-19,Pão de forma caseiro,Pães,53,12.0,4.5,0
2026-05-19,Pão de queijo,Pães,164,3.5,1.1,0
2026-05-19,Pão francês,Pães,636,0.9,0.3,0
2026-05-19,Pão na chapa,Lanches,96,6.0,1.5,0
2026-05-19,Sanduíche natural,Lanches,69,14.0,5.5,0
2026-05-19,Sonho,Doces,49,6.0,1.9,0
2026-05-19,Suco de laranja natural,Bebidas,66,9.0,3.0,0
2026-05-19,Torta de limão (fatia),Doces,20,11.0,3.5,0
2026-05-20,Baguete,Pães,47,8.0,2.6,0
2026-05-20,Bolo de cenoura (fatia),Doces,62,7.0,2.0,0
2026-05-20,Brigadeiro,Doces,79,3.0,0.9,0
2026-05-20,Coxinha,Salgados,193,7.5,2.3,0
2026-05-20,Croissant,Pães,45,7.0,2.4,0
2026-05-20,Empada de frango,Salgados,133,7.0,2.2,0
2026-05-20,Esfiha de carne,Salgados,125,6.5,2.0,0
2026-05-20,Misto quente,Lanches,103,7.65,3.0,1
2026-05-20,Pudim (fatia),Doces,34,10.0,3.2,0
2026-05-20,Pão de batata,Salgados,120,6.0,1.8,0
2026-05-20,Pão de forma caseiro,Pães,37,12.0,4.5,0
2026-05-20,Pão de queijo,Pães,141,3.5,1.1,0
2026-05-20,Pão francês,Pães,1577,0.76,0.3,1
2026-05-20,Pão na chapa,Lanches,137,6.0,1.5,0
2026-05-20,Sanduíche natural,Lanches,65,14.0,5.5,0
2026-05-20,Sonho,Doces,35,6.0,1.9,0
2026-05-20,Suco de laranja natural,Bebidas,103,9.0,3.0,0
2026-05-20,Torta de limão (fatia),Doces,46,11.0,3.5,0
2026-05-21,Baguete,Pães,27,8.0,2.6,0
2026-05-21,Bolo de cenoura (fatia),Doces,21,7.0,2.0,0
2026-05-21,Brigadeiro,Doces,106,3.0,0.9,0
2026-05-21,Coxinha,Salgados,124,7.5,2.3,0
2026-05-21,Croissant,Pães,48,7.0,2.4,0
2026-05-21,Empada de frango,Salgados,61,7.0,2.2,0
2026-05-21,Esfiha de carne,Salgados,102,6.5,2.0,0
2026-05-21,Misto quente,Lanches,117,9.0,3.0,0
2026-05-21,Pudim (fatia),Doces,22,10.0,3.2,0
2026-05-21,Pão de batata,Salgados,94,6.0,1.8,0
2026-05-21,Pão de forma caseiro,Pães,25,12.0,4.5,0
2026-05-21,Pão de queijo,Pães,288,3.5,1.1,0
2026-05-21,Pão francês,Pães,1047,0.9,0.3,0
2026-05-21,Pão na chapa,Lanches,89,6.0,1.5,0
2026-05-21,Sanduíche natural,Lanches,68,14.0,5.5,0
2026-05-21,Sonho,Doces,57,6.0,1.9,0
2026-05-21,Suco de laranja natural,Bebidas,54,9.0,3.0,0
2026-05-21,Torta de limão (fatia),Doces,34,11.0,3.5,0
2026-05-22,Baguete,Pães,44,8.0,2.6,0
2026-05-22,Bolo de cenoura (fatia),Doces,121,7.0,2.0,0
2026-05-22,Brigadeiro,Doces,137,3.0,0.9,0
2026-05-22,Coxinha,Salgados,109,7.5,2.3,0
2026-05-22,Croissant,Pães,78,7.0,2.4,0
2026-05-22,Empada de frango,Salgados,95,7.0,2.2,0
2026-05-22,Esfiha de carne,Salgados,214,6.5,2.0,0
2026-05-22,Misto quente,Lanches,54,9.0,3.0,0
2026-05-22,Pudim (fatia),Doces,30,10.0,3.2,0
2026-05-22,Pão de batata,Salgados,48,6.0,1.8,0
2026-05-22,Pão de forma caseiro,Pães,19,12.0,4.5,0
2026-05-22,Pão de queijo,Pães,269,3.5,1.1,0
2026-05-22,Pão francês,Pães,897,0.9,0.3,0
2026-05-22,Pão na chapa,Lanches,110,6.0,1.5,0
2026-05-22,Sanduíche natural,Lanches,33,14.0,5.5,0
2026-05-22,Sonho,Doces,51,6.0,1.9,0
2026-05-22,Suco de laranja natural,Bebidas,40,9.0,3.0,0
2026-05-22,Torta de limão (fatia),Doces,42,11.0,3.5,0
2026-05-23,Baguete,Pães,31,8.0,2.6,0
2026-05-23,Bolo de cenoura (fatia),Doces,47,7.0,2.0,0
2026-05-23,Brigadeiro,Doces,188,2.55,0.9,1
2026-05-23,Coxinha,Salgados,101,7.5,2.3,0
2026-05-23,Croissant,Pães,58,7.0,2.4,0
2026-05-23,Empada de frango,Salgados,75,7.0,2.2,0
2026-05-23,Esfiha de carne,Salgados,86,6.5,2.0,0
2026-05-23,Misto quente,Lanches,58,9.0,3.0,0
2026-05-23,Pudim (fatia),Doces,27,10.0,3.2,0
2026-05-23,Pão de batata,Salgados,74,6.0,1.8,0
2026-05-23,Pão de forma caseiro,Pães,24,12.0,4.5,0
2026-05-23,Pão de queijo,Pães,292,3.5,1.1,0
2026-05-23,Pão francês,Pães,1418,0.9,0.3,0
2026-05-23,Pão na chapa,Lanches,244,6.0,1.5,0
2026-05-23,Sanduíche natural,Lanches,21,14.0,5.5,0
2026-05-23,Sonho,Doces,87,5.1,1.9,1
2026-05-23,Suco de laranja natural,Bebidas,143,9.0,3.0,0
2026-05-23,Torta de limão (fatia),Doces,79,9.35,3.5,1
2026-05-24,Baguete,Pães,93,8.0,2.6,0
2026-05-24,Bolo de cenoura (fatia),Doces,84,7.0,2.0,0
2026-05-24,Brigadeiro,Doces,152,3.0,0.9,0
2026-05-24,Coxinha,Salgados,85,7.5,2.3,0
2026-05-24,Croissant,Pães,73,7.0,2.4,0
2026-05-24,Empada de frango,Salgados,61,7.0,2.2,0
2026-05-24,Esfiha de carne,Salgados,58,6.5,2.0,0
2026-05-24,Misto quente,Lanches,53,9.0,3.0,0
2026-05-24,Pudim (fatia),Doces,69,10.0,3.2,0
2026-05-24,Pão de batata,Salgados,27,6.0,1.8,0
2026-05-24,Pão de forma caseiro,Pães,30,12.0,4.5,0
2026-05-24,Pão de queijo,Pães,197,3.5,1.1,0
2026-05-24,Pão francês,Pães,1234,0.9,0.3,0
2026-05-24,Pão na chapa,Lanches,139,6.0,1.5,0
2026-05-24,Sanduíche natural,Lanches,38,14.0,5.5,0
2026-05-24,Sonho,Doces,118,6.0,1.9,0
2026-05-24,Suco de laranja natural,Bebidas,73,9.0,3.0,0
2026-05-24,Torta de limão (fatia),Doces,41,11.0,3.5,0
2026-05-25,Baguete,Pães,36,8.0,2.6,0
2026-05-25,Bolo de cenoura (fatia),Doces,43,7.0,2.0,0
2026-05-25,Brigadeiro,Doces,129,3.0,0.9,0
2026-05-25,Coxinha,Salgados,149,7.5,2.3,0
2026-05-25,Croissant,Pães,75,7.0,2.4,0
2026-05-25,Empada de frango,Salgados,58,7.0,2.2,0
2026-05-25,Esfiha de carne,Salgados,111,6.5,2.0,0
2026-05-25,Misto quente,Lanches,76,9.0,3.0,0
2026-05-25,Pudim (fatia),Doces,35,10.0,3.2,0
2026-05-25,Pão de batata,Salgados,103,6.0,1.8,0
2026-05-25,Pão de forma caseiro,Pães,32,12.0,4.5,0
2026-05-25,Pão de queijo,Pães,169,3.5,1.1,0
2026-05-25,Pão francês,Pães,803,0.9,0.3,0
2026-05-25,Pão na chapa,Lanches,111,6.0,1.5,0
2026-05-25,Sanduíche natural,Lanches,28,14.0,5.5,0
2026-05-25,Sonho,Doces,52,6.0,1.9,0
2026-05-25,Suco de laranja natural,Bebidas,96,9.0,3.0,0
2026-05-25,Torta de limão (fatia),Doces,32,11.0,3.5,0
2026-05-26,Baguete,Pães,33,8.0,2.6,0
2026-05-26,Bolo de cenoura (fatia),Doces,35,7.0,2.0,0
2026-05-26,Brigadeiro,Doces,77,3.0,0.9,0
2026-05-26,Coxinha,Salgados,153,7.5,2.3,0
2026-05-26,Croissant,Pães,65,7.0,2.4,0
2026-05-26,Empada de frango,Salgados,91,7.0,2.2,0
2026-05-26,Esfiha de carne,Salgados,131,5.52,2.0,1
2026-05-26,Misto quente,Lanches,58,9.0,3.0,0
2026-05-26,Pudim (fatia),Doces,5,10.0,3.2,0
2026-05-26,Pão de batata,Salgados,73,6.0,1.8,0
2026-05-26,Pão de forma caseiro,Pães,26,12.0,4.5,0
2026-05-26,Pão de queijo,Pães,232,3.5,1.1,0
2026-05-26,Pão francês,Pães,628,0.9,0.3,0
2026-05-26,Pão na chapa,Lanches,133,6.0,1.5,0
2026-05-26,Sanduíche natural,Lanches,94,14.0,5.5,0
2026-05-26,Sonho,Doces,71,6.0,1.9,0
2026-05-26,Suco de laranja natural,Bebidas,78,9.0,3.0,0
2026-05-26,Torta de limão (fatia),Doces,26,11.0,3.5,0
2026-05-27,Baguete,Pães,34,8.0,2.6,0
2026-05-27,Bolo de cenoura (fatia),Doces,29,7.0,2.0,0
2026-05-27,Brigadeiro,Doces,94,3.0,0.9,0
2026-05-27,Coxinha,Salgados,106,7.5,2.3,0
2026-05-27,Croissant,Pães,81,7.0,2.4,0
2026-05-27,Empada de frango,Salgados,62,7.0,2.2,0
2026-05-27,Esfiha de carne,Salgados,92,6.5,2.0,0
2026-05-27,Misto quente,Lanches,88,9.0,3.0,0
2026-05-27,Pudim (fatia),Doces,39,10.0,3.2,0
2026-05-27,Pão de batata,Salgados,62,6.0,1.8,0
2026-05-27,Pão de forma caseiro,Pães,28,12.0,4.5,0
2026-05-27,Pão de queijo,Pães,184,3.5,1.1,0
2026-05-27,Pão francês,Pães,1186,0.9,0.3,0
2026-05-27,Pão na chapa,Lanches,144,6.0,1.5,0
2026-05-27,Sanduíche natural,Lanches,51,14.0,5.5,0
2026-05-27,Sonho,Doces,76,6.0,1.9,0
2026-05-27,Suco de laranja natural,Bebidas,58,9.0,3.0,0
2026-05-27,Torta de limão (fatia),Doces,31,11.0,3.5,0
2026-05-28,Baguete,Pães,73,8.0,2.6,0
2026-05-28,Bolo de cenoura (fatia),Doces,60,7.0,2.0,0
2026-05-28,Brigadeiro,Doces,73,3.0,0.9,0
2026-05-28,Coxinha,Salgados,168,7.5,2.3,0
2026-05-28,Croissant,Pães,44,7.0,2.4,0
2026-05-28,Empada de frango,Salgados,72,7.0,2.2,0
2026-05-28,Esfiha de carne,Salgados,76,6.5,2.0,0
2026-05-28,Misto quente,Lanches,65,9.0,3.0,0
2026-05-28,Pudim (fatia),Doces,19,10.0,3.2,0
2026-05-28,Pão de batata,Salgados,61,6.0,1.8,0
2026-05-28,Pão de forma caseiro,Pães,18,12.0,4.5,0
2026-05-28,Pão de queijo,Pães,282,3.5,1.1,0
2026-05-28,Pão francês,Pães,1252,0.9,0.3,0
2026-05-28,Pão na chapa,Lanches,83,6.0,1.5,0
2026-05-28,Sanduíche natural,Lanches,61,14.0,5.5,0
2026-05-28,Sonho,Doces,89,6.0,1.9,0
2026-05-28,Suco de laranja natural,Bebidas,120,9.0,3.0,0
2026-05-28,Torta de limão (fatia),Doces,19,11.0,3.5,0
2026-05-29,Baguete,Pães,42,8.0,2.6,0
2026-05-29,Bolo de cenoura (fatia),Doces,60,7.0,2.0,0
2026-05-29,Brigadeiro,Doces,102,3.0,0.9,0
2026-05-29,Coxinha,Salgados,165,7.5,2.3,0
2026-05-29,Croissant,Pães,62,7.0,2.4,0
2026-05-29,Empada de frango,Salgados,56,7.0,2.2,0
2026-05-29,Esfiha de carne,Salgados,117,6.5,2.0,0
2026-05-29,Misto quente,Lanches,78,9.0,3.0,0
2026-05-29,Pudim (fatia),Doces,44,10.0,3.2,0
2026-05-29,Pão de batata,Salgados,82,6.0,1.8,0
2026-05-29,Pão de forma caseiro,Pães,35,12.0,4.5,0
2026-05-29,Pão de queijo,Pães,243,3.5,1.1,0
2026-05-29,Pão francês,Pães,1290,0.9,0.3,0
2026-05-29,Pão na chapa,Lanches,113,6.0,1.5,0
2026-05-29,Sanduíche natural,Lanches,71,14.0,5.5,0
2026-05-29,Sonho,Doces,50,6.0,1.9,0
2026-05-29,Suco de laranja natural,Bebidas,91,9.0,3.0,0
2026-05-29,Torta de limão (fatia),Doces,20,11.0,3.5,0
2026-05-30,Baguete,Pães,31,8.0,2.6,0
2026-05-30,Bolo de cenoura (fatia),Doces,104,7.0,2.0,0
2026-05-30,Brigadeiro,Doces,115,3.0,0.9,0
2026-05-30,Coxinha,Salgados,94,7.5,2.3,0
2026-05-30,Croissant,Pães,75,7.0,2.4,0
2026-05-30,Empada de frango,Salgados,55,7.0,2.2,0
2026-05-30,Esfiha de carne,Salgados,136,6.5,2.0,0
2026-05-30,Misto quente,Lanches,59,9.0,3.0,0
2026-05-30,Pudim (fatia),Doces,20,10.0,3.2,0
2026-05-30,Pão de batata,Salgados,42,6.0,1.8,0
2026-05-30,Pão de forma caseiro,Pães,29,12.0,4.5,0
2026-05-30,Pão de queijo,Pães,371,3.5,1.1,0
2026-05-30,Pão francês,Pães,1559,0.9,0.3,0
2026-05-30,Pão na chapa,Lanches,191,6.0,1.5,0
2026-05-30,Sanduíche natural,Lanches,41,14.0,5.5,0
2026-05-30,Sonho,Doces,75,6.0,1.9,0
2026-05-30,Suco de laranja natural,Bebidas,90,9.0,3.0,0
2026-05-30,Torta de limão (fatia),Doces,32,11.0,3.5,0
2026-05-31,Baguete,Pães,50,8.0,2.6,0
2026-05-31,Bolo de cenoura (fatia),Doces,83,7.0,2.0,0
2026-05-31,Brigadeiro,Doces,204,3.0,0.9,0
2026-05-31,Coxinha,Salgados,83,7.5,2.3,0
2026-05-31,Croissant,Pães,138,7.0,2.4,0
2026-05-31,Empada de frango,Salgados,52,7.0,2.2,0
2026-05-31,Esfiha de carne,Salgados,50,6.5,2.0,0
2026-05-31,Misto quente,Lanches,58,9.0,3.0,0
2026-05-31,Pudim (fatia),Doces,40,10.0,3.2,0
2026-05-31,Pão de batata,Salgados,91,6.0,1.8,0
2026-05-31,Pão de forma caseiro,Pães,35,12.0,4.5,0
2026-05-31,Pão de queijo,Pães,203,3.5,1.1,0
2026-05-31,Pão francês,Pães,1333,0.9,0.3,0
2026-05-31,Pão na chapa,Lanches,161,6.0,1.5,0
2026-05-31,Sanduíche natural,Lanches,35,14.0,5.5,0
2026-05-31,Sonho,Doces,42,6.0,1.9,0
2026-05-31,Suco de laranja natural,Bebidas,103,9.0,3.0,0
2026-05-31,Torta de limão (fatia),Doces,47,11.0,3.5,0
2026-06-01,Baguete,Pães,22,8.0,2.6,0
2026-06-01,Bolo de cenoura (fatia),Doces,45,7.0,2.0,0
2026-06-01,Brigadeiro,Doces,77,3.0,0.9,0
2026-06-01,Coxinha,Salgados,206,7.5,2.3,0
2026-06-01,Croissant,Pães,54,7.0,2.4,0
2026-06-01,Empada de frango,Salgados,74,7.0,2.2,0
2026-06-01,Esfiha de carne,Salgados,74,6.5,2.0,0
2026-06-01,Misto quente,Lanches,95,9.0,3.0,0
2026-06-01,Pudim (fatia),Doces,15,10.0,3.2,0
2026-06-01,Pão de batata,Salgados,121,6.0,1.8,0
2026-06-01,Pão de forma caseiro,Pães,33,12.0,4.5,0
2026-06-01,Pão de queijo,Pães,173,3.5,1.1,0
2026-06-01,Pão francês,Pães,1202,0.9,0.3,0
2026-06-01,Pão na chapa,Lanches,164,6.0,1.5,0
2026-06-01,Sanduíche natural,Lanches,19,14.0,5.5,0
2026-06-01,Sonho,Doces,82,6.0,1.9,0
2026-06-01,Suco de laranja natural,Bebidas,69,9.0,3.0,0
2026-06-01,Torta de limão (fatia),Doces,30,11.0,3.5,0
2026-06-02,Baguete,Pães,37,8.0,2.6,0
2026-06-02,Bolo de cenoura (fatia),Doces,57,7.0,2.0,0
2026-06-02,Brigadeiro,Doces,72,3.0,0.9,0
2026-06-02,Coxinha,Salgados,155,7.5,2.3,0
2026-06-02,Croissant,Pães,33,7.0,2.4,0
2026-06-02,Empada de frango,Salgados,55,7.0,2.2,0
2026-06-02,Esfiha de carne,Salgados,78,6.5,2.0,0
2026-06-02,Misto quente,Lanches,125,9.0,3.0,0
2026-06-02,Pudim (fatia),Doces,18,10.0,3.2,0
2026-06-02,Pão de batata,Salgados,99,6.0,1.8,0
2026-06-02,Pão de forma caseiro,Pães,18,12.0,4.5,0
2026-06-02,Pão de queijo,Pães,285,3.5,1.1,0
2026-06-02,Pão francês,Pães,893,0.9,0.3,0
2026-06-02,Pão na chapa,Lanches,97,6.0,1.5,0
2026-06-02,Sanduíche natural,Lanches,35,14.0,5.5,0
2026-06-02,Sonho,Doces,49,6.0,1.9,0
2026-06-02,Suco de laranja natural,Bebidas,30,9.0,3.0,0
2026-06-02,Torta de limão (fatia),Doces,34,11.0,3.5,0
2026-06-03,Baguete,Pães,38,8.0,2.6,0
2026-06-03,Bolo de cenoura (fatia),Doces,93,7.0,2.0,0
2026-06-03,Brigadeiro,Doces,71,3.0,0.9,0
2026-06-03,Coxinha,Salgados,160,7.5,2.3,0
2026-06-03,Croissant,Pães,35,7.0,2.4,0
2026-06-03,Empada de frango,Salgados,58,7.0,2.2,0
2026-06-03,Esfiha de carne,Salgados,94,6.5,2.0,0
2026-06-03,Misto quente,Lanches,83,9.0,3.0,0
2026-06-03,Pudim (fatia),Doces,11,10.0,3.2,0
2026-06-03,Pão de batata,Salgados,130,6.0,1.8,0
2026-06-03,Pão de forma caseiro,Pães,13,12.0,4.5,0
2026-06-03,Pão de queijo,Pães,188,3.5,1.1,0
2026-06-03,Pão francês,Pães,1147,0.9,0.3,0
2026-06-03,Pão na chapa,Lanches,125,6.0,1.5,0
2026-06-03,Sanduíche natural,Lanches,31,14.0,5.5,0
2026-06-03,Sonho,Doces,39,6.0,1.9,0
2026-06-03,Suco de laranja natural,Bebidas,64,9.0,3.0,0
2026-06-03,Torta de limão (fatia),Doces,7,11.0,3.5,0
2026-06-04,Baguete,Pães,36,8.0,2.6,0
2026-06-04,Bolo de cenoura (fatia),Doces,50,7.0,2.0,0
2026-06-04,Brigadeiro,Doces,124,2.55,0.9,1
2026-06-04,Coxinha,Salgados,180,7.5,2.3,0
2026-06-04,Croissant,Pães,55,7.0,2.4,0
2026-06-04,Empada de frango,Salgados,37,7.0,2.2,0
2026-06-04,Esfiha de carne,Salgados,100,6.5,2.0,0
2026-06-04,Misto quente,Lanches,71,9.0,3.0,0
2026-06-04,Pudim (fatia),Doces,27,10.0,3.2,0
2026-06-04,Pão de batata,Salgados,59,6.0,1.8,0
2026-06-04,Pão de forma caseiro,Pães,45,12.0,4.5,0
2026-06-04,Pão de queijo,Pães,247,3.5,1.1,0
2026-06-04,Pão francês,Pães,1159,0.9,0.3,0
2026-06-04,Pão na chapa,Lanches,115,6.0,1.5,0
2026-06-04,Sanduíche natural,Lanches,66,14.0,5.5,0
2026-06-04,Sonho,Doces,88,6.0,1.9,0
2026-06-04,Suco de laranja natural,Bebidas,76,9.0,3.0,0
2026-06-04,Torta de limão (fatia),Doces,27,11.0,3.5,0
2026-06-05,Baguete,Pães,45,8.0,2.6,0
2026-06-05,Bolo de cenoura (fatia),Doces,76,7.0,2.0,0
2026-06-05,Brigadeiro,Doces,117,3.0,0.9,0
2026-06-05,Coxinha,Salgados,216,7.5,2.3,0
2026-06-05,Croissant,Pães,93,7.0,2.4,0
2026-06-05,Empada de frango,Salgados,26,7.0,2.2,0
2026-06-05,Esfiha de carne,Salgados,115,6.5,2.0,0
2026-06-05,Misto quente,Lanches,127,9.0,3.0,0
2026-06-05,Pudim (fatia),Doces,27,10.0,3.2,0
2026-06-05,Pão de batata,Salgados,49,6.0,1.8,0
2026-06-05,Pão de forma caseiro,Pães,29,12.0,4.5,0
2026-06-05,Pão de queijo,Pães,234,3.5,1.1,0
2026-06-05,Pão francês,Pães,1013,0.9,0.3,0
2026-06-05,Pão na chapa,Lanches,156,6.0,1.5,0
2026-06-05,Sanduíche natural,Lanches,43,14.0,5.5,0
2026-06-05,Sonho,Doces,70,6.0,1.9,0
2026-06-05,Suco de laranja natural,Bebidas,37,9.0,3.0,0
2026-06-05,Torta de limão (fatia),Doces,37,11.0,3.5,0
2026-06-06,Baguete,Pães,63,8.0,2.6,0
2026-06-06,Bolo de cenoura (fatia),Doces,83,7.0,2.0,0
2026-06-06,Brigadeiro,Doces,145,3.0,0.9,0
2026-06-06,Coxinha,Salgados,104,7.5,2.3,0
2026-06-06,Croissant,Pães,75,7.0,2.4,0
2026-06-06,Empada de frango,Salgados,60,7.0,2.2,0
2026-06-06,Esfiha de carne,Salgados,66,6.5,2.0,0
2026-06-06,Misto quente,Lanches,56,9.0,3.0,0
2026-06-06,Pudim (fatia),Doces,28,10.0,3.2,0
2026-06-06,Pão de batata,Salgados,44,6.0,1.8,0
2026-06-06,Pão de forma caseiro,Pães,39,10.2,4.5,1
2026-06-06,Pão de queijo,Pães,163,3.5,1.1,0
2026-06-06,Pão francês,Pães,1675,0.9,0.3,0
2026-06-06,Pão na chapa,Lanches,225,6.0,1.5,0
2026-06-06,Sanduíche natural,Lanches,72,14.0,5.5,0
2026-06-06,Sonho,Doces,82,6.0,1.9,0
2026-06-06,Suco de laranja natural,Bebidas,56,9.0,3.0,0
2026-06-06,Torta de limão (fatia),Doces,34,11.0,3.5,0
2026-06-07,Baguete,Pães,62,8.0,2.6,0
2026-06-07,Bolo de cenoura (fatia),Doces,81,7.0,2.0,0
2026-06-07,Brigadeiro,Doces,105,3.0,0.9,0
2026-06-07,Coxinha,Salgados,185,7.5,2.3,0
2026-06-07,Croissant,Pães,63,7.0,2.4,0
2026-06-07,Empada de frango,Salgados,32,7.0,2.2,0
2026-06-07,Esfiha de carne,Salgados,79,6.5,2.0,0
2026-06-07,Misto quente,Lanches,92,9.0,3.0,0
2026-06-07,Pudim (fatia),Doces,50,10.0,3.2,0
2026-06-07,Pão de batata,Salgados,115,5.1,1.8,1
2026-06-07,Pão de forma caseiro,Pães,71,12.0,4.5,0
2026-06-07,Pão de queijo,Pães,259,3.5,1.1,0
2026-06-07,Pão francês,Pães,1884,0.9,0.3,0
2026-06-07,Pão na chapa,Lanches,268,6.0,1.5,0
2026-06-07,Sanduíche natural,Lanches,38,14.0,5.5,0
2026-06-07,Sonho,Doces,99,6.0,1.9,0
2026-06-07,Suco de laranja natural,Bebidas,72,9.0,3.0,0
2026-06-07,Torta de limão (fatia),Doces,71,11.0,3.5,0
2026-06-08,Baguete,Pães,49,8.0,2.6,0
2026-06-08,Bolo de cenoura (fatia),Doces,92,7.0,2.0,0
2026-06-08,Brigadeiro,Doces,99,3.0,0.9,0
2026-06-08,Coxinha,Salgados,157,7.5,2.3,0
2026-06-08,Croissant,Pães,84,7.0,2.4,0
2026-06-08,Empada de frango,Salgados,87,7.0,2.2,0
2026-06-08,Esfiha de carne,Salgados,71,6.5,2.0,0
2026-06-08,Misto quente,Lanches,76,9.0,3.0,0
2026-06-08,Pudim (fatia),Doces,10,10.0,3.2,0
2026-06-08,Pão de batata,Salgados,146,5.1,1.8,1
2026-06-08,Pão de forma caseiro,Pães,40,12.0,4.5,0
2026-06-08,Pão de queijo,Pães,171,3.5,1.1,0
2026-06-08,Pão francês,Pães,1186,0.9,0.3,0
2026-06-08,Pão na chapa,Lanches,124,6.0,1.5,0
2026-06-08,Sanduíche natural,Lanches,82,14.0,5.5,0
2026-06-08,Sonho,Doces,46,6.0,1.9,0
2026-06-08,Suco de laranja natural,Bebidas,73,9.0,3.0,0
2026-06-08,Torta de limão (fatia),Doces,27,11.0,3.5,0
2026-06-09,Baguete,Pães,41,8.0,2.6,0
2026-06-09,Bolo de cenoura (fatia),Doces,42,7.0,2.0,0
2026-06-09,Brigadeiro,Doces,100,3.0,0.9,0
2026-06-09,Coxinha,Salgados,163,7.5,2.3,0
2026-06-09,Croissant,Pães,72,7.0,2.4,0
2026-06-09,Empada de frango,Salgados,79,5.95,2.2,1
2026-06-09,Esfiha de carne,Salgados,60,6.5,2.0,0
2026-06-09,Misto quente,Lanches,66,9.0,3.0,0
2026-06-09,Pudim (fatia),Doces,30,10.0,3.2,0
2026-06-09,Pão de batata,Salgados,140,6.0,1.8,0
2026-06-09,Pão de forma caseiro,Pães,41,12.0,4.5,0
2026-06-09,Pão de queijo,Pães,183,3.5,1.1,0
2026-06-09,Pão francês,Pães,932,0.9,0.3,0
2026-06-09,Pão na chapa,Lanches,115,6.0,1.5,0
2026-06-09,Sanduíche natural,Lanches,64,14.0,5.5,0
2026-06-09,Sonho,Doces,66,6.0,1.9,0
2026-06-09,Suco de laranja natural,Bebidas,22,9.0,3.0,0
2026-06-09,Torta de limão (fatia),Doces,19,11.0,3.5,0
2026-06-10,Baguete,Pães,44,8.0,2.6,0
2026-06-10,Bolo de cenoura (fatia),Doces,88,7.0,2.0,0
2026-06-10,Brigadeiro,Doces,81,3.0,0.9,0
2026-06-10,Coxinha,Salgados,148,6.38,2.3,1
2026-06-10,Croissant,Pães,93,7.0,2.4,0
2026-06-10,Empada de frango,Salgados,98,7.0,2.2,0
2026-06-10,Esfiha de carne,Salgados,69,6.5,2.0,0
2026-06-10,Misto quente,Lanches,91,9.0,3.0,0
2026-06-10,Pudim (fatia),Doces,11,10.0,3.2,0
2026-06-10,Pão de batata,Salgados,155,6.0,1.8,0
2026-06-10,Pão de forma caseiro,Pães,25,12.0,4.5,0
2026-06-10,Pão de queijo,Pães,211,3.5,1.1,0
2026-06-10,Pão francês,Pães,833,0.9,0.3,0
2026-06-10,Pão na chapa,Lanches,109,6.0,1.5,0
2026-06-10,Sanduíche natural,Lanches,53,14.0,5.5,0
2026-06-10,Sonho,Doces,86,6.0,1.9,0
2026-06-10,Suco de laranja natural,Bebidas,46,9.0,3.0,0
2026-06-10,Torta de limão (fatia),Doces,17,11.0,3.5,0
2026-06-11,Baguete,Pães,39,8.0,2.6,0
2026-06-11,Bolo de cenoura (fatia),Doces,71,7.0,2.0,0
2026-06-11,Brigadeiro,Doces,145,3.0,0.9,0
2026-06-11,Coxinha,Salgados,174,7.5,2.3,0
2026-06-11,Croissant,Pães,63,7.0,2.4,0
2026-06-11,Empada de frango,Salgados,67,7.0,2.2,0
2026-06-11,Esfiha de carne,Salgados,56,6.5,2.0,0
2026-06-11,Misto quente,Lanches,75,9.0,3.0,0
2026-06-11,Pudim (fatia),Doces,27,10.0,3.2,0
2026-06-11,Pão de batata,Salgados,80,6.0,1.8,0
2026-06-11,Pão de forma caseiro,Pães,26,12.0,4.5,0
2026-06-11,Pão de queijo,Pães,191,3.5,1.1,0
2026-06-11,Pão francês,Pães,943,0.9,0.3,0
2026-06-11,Pão na chapa,Lanches,231,5.1,1.5,1
2026-06-11,Sanduíche natural,Lanches,58,14.0,5.5,0
2026-06-11,Sonho,Doces,73,6.0,1.9,0
2026-06-11,Suco de laranja natural,Bebidas,42,9.0,3.0,0
2026-06-11,Torta de limão (fatia),Doces,38,11.0,3.5,0
2026-06-12,Baguete,Pães,40,8.0,2.6,0
2026-06-12,Bolo de cenoura (fatia),Doces,57,7.0,2.0,0
2026-06-12,Brigadeiro,Doces,47,3.0,0.9,0
2026-06-12,Coxinha,Salgados,177,7.5,2.3,0
2026-06-12,Croissant,Pães,83,7.0,2.4,0
2026-06-12,Empada de frango,Salgados,66,7.0,2.2,0
2026-06-12,Esfiha de carne,Salgados,70,6.5,2.0,0
2026-06-12,Misto quente,Lanches,77,9.0,3.0,0
2026-06-12,Pudim (fatia),Doces,34,10.0,3.2,0
2026-06-12,Pão de batata,Salgados,78,6.0,1.8,0
2026-06-12,Pão de forma caseiro,Pães,26,12.0,4.5,0
2026-06-12,Pão de queijo,Pães,177,3.5,1.1,0
2026-06-12,Pão francês,Pães,657,0.9,0.3,0
2026-06-12,Pão na chapa,Lanches,141,6.0,1.5,0
2026-06-12,Sanduíche natural,Lanches,52,14.0,5.5,0
2026-06-12,Sonho,Doces,113,6.0,1.9,0
2026-06-12,Suco de laranja natural,Bebidas,54,9.0,3.0,0
2026-06-12,Torta de limão (fatia),Doces,19,11.0,3.5,0
2026-06-13,Baguete,Pães,65,8.0,2.6,0
2026-06-13,Bolo de cenoura (fatia),Doces,106,7.0,2.0,0
2026-06-13,Brigadeiro,Doces,126,3.0,0.9,0
2026-06-13,Coxinha,Salgados,164,7.5,2.3,0
2026-06-13,Croissant,Pães,77,7.0,2.4,0
2026-06-13,Empada de frango,Salgados,41,7.0,2.2,0
2026-06-13,Esfiha de carne,Salgados,72,6.5,2.0,0
2026-06-13,Misto quente,Lanches,184,7.65,3.0,1
2026-06-13,Pudim (fatia),Doces,28,10.0,3.2,0
2026-06-13,Pão de batata,Salgados,88,6.0,1.8,0
2026-06-13,Pão de forma caseiro,Pães,36,12.0,4.5,0
2026-06-13,Pão de queijo,Pães,344,3.5,1.1,0
2026-06-13,Pão francês,Pães,878,0.9,0.3,0
2026-06-13,Pão na chapa,Lanches,80,6.0,1.5,0
2026-06-13,Sanduíche natural,Lanches,35,14.0,5.5,0
2026-06-13,Sonho,Doces,79,6.0,1.9,0
2026-06-13,Suco de laranja natural,Bebidas,68,9.0,3.0,0
2026-06-13,Torta de limão (fatia),Doces,73,11.0,3.5,0
2026-06-14,Baguete,Pães,70,8.0,2.6,0
2026-06-14,Bolo de cenoura (fatia),Doces,76,7.0,2.0,0
2026-06-14,Brigadeiro,Doces,195,3.0,0.9,0
2026-06-14,Coxinha,Salgados,160,7.5,2.3,0
2026-06-14,Croissant,Pães,57,7.0,2.4,0
2026-06-14,Empada de frango,Salgados,27,7.0,2.2,0
2026-06-14,Esfiha de carne,Salgados,59,6.5,2.0,0
2026-06-14,Misto quente,Lanches,58,9.0,3.0,0
2026-06-14,Pudim (fatia),Doces,58,10.0,3.2,0
2026-06-14,Pão de batata,Salgados,68,6.0,1.8,0
2026-06-14,Pão de forma caseiro,Pães,64,12.0,4.5,0
2026-06-14,Pão de queijo,Pães,581,2.98,1.1,1
2026-06-14,Pão francês,Pães,1219,0.9,0.3,0
2026-06-14,Pão na chapa,Lanches,156,6.0,1.5,0
2026-06-14,Sanduíche natural,Lanches,34,14.0,5.5,0
2026-06-14,Sonho,Doces,254,6.0,1.9,0
2026-06-14,Suco de laranja natural,Bebidas,67,9.0,3.0,0
2026-06-14,Torta de limão (fatia),Doces,89,11.0,3.5,0
2026-06-15,Baguete,Pães,37,8.0,2.6,0
2026-06-15,Bolo de cenoura (fatia),Doces,59,7.0,2.0,0
2026-06-15,Brigadeiro,Doces,90,3.0,0.9,0
2026-06-15,Coxinha,Salgados,108,7.5,2.3,0
2026-06-15,Croissant,Pães,31,7.0,2.4,0
2026-06-15,Empada de frango,Salgados,91,5.95,2.2,1
2026-06-15,Esfiha de carne,Salgados,70,6.5,2.0,0
2026-06-15,Misto quente,Lanches,143,7.65,3.0,1
2026-06-15,Pudim (fatia),Doces,14,10.0,3.2,0
2026-06-15,Pão de batata,Salgados,87,6.0,1.8,0
2026-06-15,Pão de forma caseiro,Pães,12,12.0,4.5,0
2026-06-15,Pão de queijo,Pães,126,3.5,1.1,0
2026-06-15,Pão francês,Pães,1196,0.9,0.3,0
2026-06-15,Pão na chapa,Lanches,164,6.0,1.5,0
2026-06-15,Sanduíche natural,Lanches,86,14.0,5.5,0
2026-06-15,Sonho,Doces,46,6.0,1.9,0
2026-06-15,Suco de laranja natural,Bebidas,39,9.0,3.0,0
2026-06-15,Torta de limão (fatia),Doces,38,11.0,3.5,0
2026-06-16,Baguete,Pães,39,8.0,2.6,0
2026-06-16,Bolo de cenoura (fatia),Doces,50,7.0,2.0,0
2026-06-16,Brigadeiro,Doces,73,3.0,0.9,0
2026-06-16,Coxinha,Salgados,161,7.5,2.3,0
2026-06-16,Croissant,Pães,83,7.0,2.4,0
2026-06-16,Empada de frango,Salgados,85,7.0,2.2,0
2026-06-16,Esfiha de carne,Salgados,114,6.5,2.0,0
2026-06-16,Misto quente,Lanches,60,9.0,3.0,0
2026-06-16,Pudim (fatia),Doces,22,10.0,3.2,0
2026-06-16,Pão de batata,Salgados,66,6.0,1.8,0
2026-06-16,Pão de forma caseiro,Pães,12,12.0,4.5,0
2026-06-16,Pão de queijo,Pães,291,3.5,1.1,0
2026-06-16,Pão francês,Pães,883,0.9,0.3,0
2026-06-16,Pão na chapa,Lanches,116,6.0,1.5,0
2026-06-16,Sanduíche natural,Lanches,60,14.0,5.5,0
2026-06-16,Sonho,Doces,50,6.0,1.9,0
2026-06-16,Suco de laranja natural,Bebidas,55,9.0,3.0,0
2026-06-16,Torta de limão (fatia),Doces,16,11.0,3.5,0
2026-06-17,Baguete,Pães,20,8.0,2.6,0
2026-06-17,Bolo de cenoura (fatia),Doces,44,7.0,2.0,0
2026-06-17,Brigadeiro,Doces,71,3.0,0.9,0
2026-06-17,Coxinha,Salgados,119,7.5,2.3,0
2026-06-17,Croissant,Pães,75,7.0,2.4,0
2026-06-17,Empada de frango,Salgados,55,7.0,2.2,0
2026-06-17,Esfiha de carne,Salgados,63,6.5,2.0,0
2026-06-17,Misto quente,Lanches,99,9.0,3.0,0
2026-06-17,Pudim (fatia),Doces,27,10.0,3.2,0
2026-06-17,Pão de batata,Salgados,86,6.0,1.8,0
2026-06-17,Pão de forma caseiro,Pães,43,12.0,4.5,0
2026-06-17,Pão de queijo,Pães,185,3.5,1.1,0
2026-06-17,Pão francês,Pães,1047,0.9,0.3,0
2026-06-17,Pão na chapa,Lanches,149,6.0,1.5,0
2026-06-17,Sanduíche natural,Lanches,51,14.0,5.5,0
2026-06-17,Sonho,Doces,60,6.0,1.9,0
2026-06-17,Suco de laranja natural,Bebidas,51,9.0,3.0,0
2026-06-17,Torta de limão (fatia),Doces,24,11.0,3.5,0
2026-06-18,Baguete,Pães,43,8.0,2.6,0
2026-06-18,Bolo de cenoura (fatia),Doces,58,7.0,2.0,0
2026-06-18,Brigadeiro,Doces,79,3.0,0.9,0
2026-06-18,Coxinha,Salgados,99,7.5,2.3,0
2026-06-18,Croissant,Pães,58,7.0,2.4,0
2026-06-18,Empada de frango,Salgados,64,7.0,2.2,0
2026-06-18,Esfiha de carne,Salgados,75,6.5,2.0,0
2026-06-18,Misto quente,Lanches,71,9.0,3.0,0
2026-06-18,Pudim (fatia),Doces,40,10.0,3.2,0
2026-06-18,Pão de batata,Salgados,85,6.0,1.8,0
2026-06-18,Pão de forma caseiro,Pães,33,12.0,4.5,0
2026-06-18,Pão de queijo,Pães,213,3.5,1.1,0
2026-06-18,Pão francês,Pães,733,0.9,0.3,0
2026-06-18,Pão na chapa,Lanches,168,6.0,1.5,0
2026-06-18,Sanduíche natural,Lanches,36,14.0,5.5,0
2026-06-18,Sonho,Doces,71,6.0,1.9,0
2026-06-18,Suco de laranja natural,Bebidas,75,9.0,3.0,0
2026-06-18,Torta de limão (fatia),Doces,61,11.0,3.5,0
2026-06-19,Baguete,Pães,40,8.0,2.6,0
2026-06-19,Bolo de cenoura (fatia),Doces,60,7.0,2.0,0
2026-06-19,Brigadeiro,Doces,142,3.0,0.9,0
2026-06-19,Coxinha,Salgados,193,7.5,2.3,0
2026-06-19,Croissant,Pães,96,7.0,2.4,0
2026-06-19,Empada de frango,Salgados,60,7.0,2.2,0
2026-06-19,Esfiha de carne,Salgados,87,6.5,2.0,0
2026-06-19,Misto quente,Lanches,85,9.0,3.0,0
2026-06-19,Pudim (fatia),Doces,35,10.0,3.2,0
2026-06-19,Pão de batata,Salgados,104,6.0,1.8,0
2026-06-19,Pão de forma caseiro,Pães,18,12.0,4.5,0
2026-06-19,Pão de queijo,Pães,412,2.98,1.1,1
2026-06-19,Pão francês,Pães,1101,0.9,0.3,0
2026-06-19,Pão na chapa,Lanches,252,6.0,1.5,0
2026-06-19,Sanduíche natural,Lanches,45,14.0,5.5,0
2026-06-19,Sonho,Doces,44,6.0,1.9,0
2026-06-19,Suco de laranja natural,Bebidas,56,9.0,3.0,0
2026-06-19,Torta de limão (fatia),Doces,36,11.0,3.5,0
2026-06-20,Baguete,Pães,74,8.0,2.6,0
2026-06-20,Bolo de cenoura (fatia),Doces,91,7.0,2.0,0
2026-06-20,Brigadeiro,Doces,271,3.0,0.9,0
2026-06-20,Coxinha,Salgados,168,7.5,2.3,0
2026-06-20,Croissant,Pães,58,7.0,2.4,0
2026-06-20,Empada de frango,Salgados,75,7.0,2.2,0
2026-06-20,Esfiha de carne,Salgados,77,6.5,2.0,0
2026-06-20,Misto quente,Lanches,91,9.0,3.0,0
2026-06-20,Pudim (fatia),Doces,51,10.0,3.2,0
2026-06-20,Pão de batata,Salgados,31,6.0,1.8,0
2026-06-20,Pão de forma caseiro,Pães,44,12.0,4.5,0
2026-06-20,Pão de queijo,Pães,285,3.5,1.1,0
2026-06-20,Pão francês,Pães,1935,0.9,0.3,0
2026-06-20,Pão na chapa,Lanches,251,6.0,1.5,0
2026-06-20,Sanduíche natural,Lanches,67,11.9,5.5,1
2026-06-20,Sonho,Doces,92,6.0,1.9,0
2026-06-20,Suco de laranja natural,Bebidas,171,9.0,3.0,0
2026-06-20,Torta de limão (fatia),Doces,36,11.0,3.5,0
2026-06-21,Baguete,Pães,127,8.0,2.6,0
2026-06-21,Bolo de cenoura (fatia),Doces,113,7.0,2.0,0
2026-06-21,Brigadeiro,Doces,200,3.0,0.9,0
2026-06-21,Coxinha,Salgados,112,7.5,2.3,0
2026-06-21,Croissant,Pães,104,7.0,2.4,0
2026-06-21,Empada de frango,Salgados,54,7.0,2.2,0
2026-06-21,Esfiha de carne,Salgados,61,6.5,2.0,0
2026-06-21,Misto quente,Lanches,75,9.0,3.0,0
2026-06-21,Pudim (fatia),Doces,60,10.0,3.2,0
2026-06-21,Pão de batata,Salgados,30,6.0,1.8,0
2026-06-21,Pão de forma caseiro,Pães,13,12.0,4.5,0
2026-06-21,Pão de queijo,Pães,336,3.5,1.1,0
2026-06-21,Pão francês,Pães,1351,0.9,0.3,0
2026-06-21,Pão na chapa,Lanches,306,5.1,1.5,1
2026-06-21,Sanduíche natural,Lanches,41,14.0,5.5,0
2026-06-21,Sonho,Doces,78,6.0,1.9,0
2026-06-21,Suco de laranja natural,Bebidas,102,9.0,3.0,0
2026-06-21,Torta de limão (fatia),Doces,55,11.0,3.5,0
2026-06-22,Baguete,Pães,39,8.0,2.6,0
2026-06-22,Bolo de cenoura (fatia),Doces,37,7.0,2.0,0
2026-06-22,Brigadeiro,Doces,118,3.0,0.9,0
2026-06-22,Coxinha,Salgados,184,7.5,2.3,0
2026-06-22,Croissant,Pães,125,5.95,2.4,1
2026-06-22,Empada de frango,Salgados,48,7.0,2.2,0
2026-06-22,Esfiha de carne,Salgados,108,6.5,2.0,0
2026-06-22,Misto quente,Lanches,70,9.0,3.0,0
2026-06-22,Pudim (fatia),Doces,25,8.5,3.2,1
2026-06-22,Pão de batata,Salgados,64,6.0,1.8,0
2026-06-22,Pão de forma caseiro,Pães,28,12.0,4.5,0
2026-06-22,Pão de queijo,Pães,241,3.5,1.1,0
2026-06-22,Pão francês,Pães,715,0.9,0.3,0
2026-06-22,Pão na chapa,Lanches,142,6.0,1.5,0
2026-06-22,Sanduíche natural,Lanches,45,14.0,5.5,0
2026-06-22,Sonho,Doces,39,6.0,1.9,0
2026-06-22,Suco de laranja natural,Bebidas,98,9.0,3.0,0
2026-06-22,Torta de limão (fatia),Doces,28,11.0,3.5,0
2026-06-23,Baguete,Pães,52,8.0,2.6,0
2026-06-23,Bolo de cenoura (fatia),Doces,46,7.0,2.0,0
2026-06-23,Brigadeiro,Doces,123,3.0,0.9,0
2026-06-23,Coxinha,Salgados,139,7.5,2.3,0
2026-06-23,Croissant,Pães,73,7.0,2.4,0
2026-06-23,Empada de frango,Salgados,67,7.0,2.2,0
2026-06-23,Esfiha de carne,Salgados,67,6.5,2.0,0
2026-06-23,Misto quente,Lanches,112,9.0,3.0,0
2026-06-23,Pudim (fatia),Doces,30,10.0,3.2,0
2026-06-23,Pão de batata,Salgados,66,6.0,1.8,0
2026-06-23,Pão de forma caseiro,Pães,27,10.2,4.5,1
2026-06-23,Pão de queijo,Pães,134,3.5,1.1,0
2026-06-23,Pão francês,Pães,1078,0.9,0.3,0
2026-06-23,Pão na chapa,Lanches,117,6.0,1.5,0
2026-06-23,Sanduíche natural,Lanches,51,14.0,5.5,0
2026-06-23,Sonho,Doces,49,6.0,1.9,0
2026-06-23,Suco de laranja natural,Bebidas,60,9.0,3.0,0
2026-06-23,Torta de limão (fatia),Doces,29,11.0,3.5,0
2026-06-24,Baguete,Pães,31,8.0,2.6,0
2026-06-24,Bolo de cenoura (fatia),Doces,48,7.0,2.0,0
2026-06-24,Brigadeiro,Doces,177,2.55,0.9,1
2026-06-24,Coxinha,Salgados,220,7.5,2.3,0
2026-06-24,Croissant,Pães,50,7.0,2.4,0
2026-06-24,Empada de frango,Salgados,83,7.0,2.2,0
2026-06-24,Esfiha de carne,Salgados,132,6.5,2.0,0
2026-06-24,Misto quente,Lanches,100,9.0,3.0,0
2026-06-24,Pudim (fatia),Doces,26,10.0,3.2,0
2026-06-24,Pão de batata,Salgados,138,5.1,1.8,1
2026-06-24,Pão de forma caseiro,Pães,27,12.0,4.5,0
2026-06-24,Pão de queijo,Pães,153,3.5,1.1,0
2026-06-24,Pão francês,Pães,1118,0.9,0.3,0
2026-06-24,Pão na chapa,Lanches,90,6.0,1.5,0
2026-06-24,Sanduíche natural,Lanches,63,14.0,5.5,0
2026-06-24,Sonho,Doces,64,6.0,1.9,0
2026-06-24,Suco de laranja natural,Bebidas,68,9.0,3.0,0
2026-06-24,Torta de limão (fatia),Doces,23,11.0,3.5,0
2026-06-25,Baguete,Pães,45,8.0,2.6,0
2026-06-25,Bolo de cenoura (fatia),Doces,45,7.0,2.0,0
2026-06-25,Brigadeiro,Doces,91,3.0,0.9,0
2026-06-25,Coxinha,Salgados,116,7.5,2.3,0
2026-06-25,Croissant,Pães,71,7.0,2.4,0
2026-06-25,Empada de frango,Salgados,63,7.0,2.2,0
2026-06-25,Esfiha de carne,Salgados,111,6.5,2.0,0
2026-06-25,Misto quente,Lanches,113,9.0,3.0,0
2026-06-25,Pudim (fatia),Doces,49,10.0,3.2,0
2026-06-25,Pão de batata,Salgados,77,6.0,1.8,0
2026-06-25,Pão de forma caseiro,Pães,39,12.0,4.5,0
2026-06-25,Pão de queijo,Pães,207,3.5,1.1,0
2026-06-25,Pão francês,Pães,1411,0.9,0.3,0
2026-06-25,Pão na chapa,Lanches,113,6.0,1.5,0
2026-06-25,Sanduíche natural,Lanches,51,14.0,5.5,0
2026-06-25,Sonho,Doces,43,6.0,1.9,0
2026-06-25,Suco de laranja natural,Bebidas,72,9.0,3.0,0
2026-06-25,Torta de limão (fatia),Doces,35,11.0,3.5,0
2026-06-26,Baguete,Pães,79,8.0,2.6,0
2026-06-26,Bolo de cenoura (fatia),Doces,89,7.0,2.0,0
2026-06-26,Brigadeiro,Doces,101,3.0,0.9,0
2026-06-26,Coxinha,Salgados,137,7.5,2.3,0
2026-06-26,Croissant,Pães,52,7.0,2.4,0
2026-06-26,Empada de frango,Salgados,56,7.0,2.2,0
2026-06-26,Esfiha de carne,Salgados,107,6.5,2.0,0
2026-06-26,Misto quente,Lanches,104,9.0,3.0,0
2026-06-26,Pudim (fatia),Doces,19,10.0,3.2,0
2026-06-26,Pão de batata,Salgados,90,6.0,1.8,0
2026-06-26,Pão de forma caseiro,Pães,26,12.0,4.5,0
2026-06-26,Pão de queijo,Pães,137,3.5,1.1,0
2026-06-26,Pão francês,Pães,1207,0.9,0.3,0
2026-06-26,Pão na chapa,Lanches,102,6.0,1.5,0
2026-06-26,Sanduíche natural,Lanches,55,11.9,5.5,1
2026-06-26,Sonho,Doces,130,6.0,1.9,0
2026-06-26,Suco de laranja natural,Bebidas,71,9.0,3.0,0
2026-06-26,Torta de limão (fatia),Doces,35,11.0,3.5,0
2026-06-27,Baguete,Pães,79,8.0,2.6,0
2026-06-27,Bolo de cenoura (fatia),Doces,68,7.0,2.0,0
2026-06-27,Brigadeiro,Doces,111,3.0,0.9,0
2026-06-27,Coxinha,Salgados,159,7.5,2.3,0
2026-06-27,Croissant,Pães,62,7.0,2.4,0
2026-06-27,Empada de frango,Salgados,78,7.0,2.2,0
2026-06-27,Esfiha de carne,Salgados,38,6.5,2.0,0
2026-06-27,Misto quente,Lanches,80,9.0,3.0,0
2026-06-27,Pudim (fatia),Doces,24,10.0,3.2,0
2026-06-27,Pão de batata,Salgados,81,5.1,1.8,1
2026-06-27,Pão de forma caseiro,Pães,25,12.0,4.5,0
2026-06-27,Pão de queijo,Pães,274,3.5,1.1,0
2026-06-27,Pão francês,Pães,1228,0.9,0.3,0
2026-06-27,Pão na chapa,Lanches,203,6.0,1.5,0
2026-06-27,Sanduíche natural,Lanches,19,14.0,5.5,0
2026-06-27,Sonho,Doces,62,6.0,1.9,0
2026-06-27,Suco de laranja natural,Bebidas,42,9.0,3.0,0
2026-06-27,Torta de limão (fatia),Doces,39,11.0,3.5,0
2026-06-28,Baguete,Pães,60,8.0,2.6,0
2026-06-28,Bolo de cenoura (fatia),Doces,96,7.0,2.0,0
2026-06-28,Brigadeiro,Doces,91,3.0,0.9,0
2026-06-28,Coxinha,Salgados,131,7.5,2.3,0
2026-06-28,Croissant,Pães,60,7.0,2.4,0
2026-06-28,Empada de frango,Salgados,51,7.0,2.2,0
2026-06-28,Esfiha de carne,Salgados,60,6.5,2.0,0
2026-06-28,Misto quente,Lanches,77,9.0,3.0,0
2026-06-28,Pudim (fatia),Doces,45,10.0,3.2,0
2026-06-28,Pão de batata,Salgados,45,6.0,1.8,0
2026-06-28,Pão de forma caseiro,Pães,36,12.0,4.5,0
2026-06-28,Pão de queijo,Pães,192,3.5,1.1,0
2026-06-28,Pão francês,Pães,1075,0.9,0.3,0
2026-06-28,Pão na chapa,Lanches,194,6.0,1.5,0
2026-06-28,Sanduíche natural,Lanches,22,14.0,5.5,0
2026-06-28,Sonho,Doces,77,6.0,1.9,0
2026-06-28,Suco de laranja natural,Bebidas,60,9.0,3.0,0
2026-06-28,Torta de limão (fatia),Doces,51,11.0,3.5,0
2026-06-29,Baguete,Pães,32,8.0,2.6,0
2026-06-29,Bolo de cenoura (fatia),Doces,49,7.0,2.0,0
2026-06-29,Brigadeiro,Doces,50,3.0,0.9,0
2026-06-29,Coxinha,Salgados,234,7.5,2.3,0
2026-06-29,Croissant,Pães,49,7.0,2.4,0
2026-06-29,Empada de frango,Salgados,74,7.0,2.2,0
2026-06-29,Esfiha de carne,Salgados,129,6.5,2.0,0
2026-06-29,Misto quente,Lanches,84,9.0,3.0,0
2026-06-29,Pudim (fatia),Doces,28,10.0,3.2,0
2026-06-29,Pão de batata,Salgados,135,6.0,1.8,0
2026-06-29,Pão de forma caseiro,Pães,22,12.0,4.5,0
2026-06-29,Pão de queijo,Pães,147,3.5,1.1,0
2026-06-29,Pão francês,Pães,1228,0.9,0.3,0
2026-06-29,Pão na chapa,Lanches,146,6.0,1.5,0
2026-06-29,Sanduíche natural,Lanches,71,14.0,5.5,0
2026-06-29,Sonho,Doces,73,6.0,1.9,0
2026-06-29,Suco de laranja natural,Bebidas,48,9.0,3.0,0
2026-06-29,Torta de limão (fatia),Doces,32,11.0,3.5,0
2026-06-30,Baguete,Pães,27,8.0,2.6,0
2026-06-30,Bolo de cenoura (fatia),Doces,53,7.0,2.0,0
2026-06-30,Brigadeiro,Doces,96,3.0,0.9,0
2026-06-30,Coxinha,Salgados,202,7.5,2.3,0
2026-06-30,Croissant,Pães,56,7.0,2.4,0
2026-06-30,Empada de frango,Salgados,77,7.0,2.2,0
2026-06-30,Esfiha de carne,Salgados,88,6.5,2.0,0
2026-06-30,Misto quente,Lanches,101,9.0,3.0,0
2026-06-30,Pudim (fatia),Doces,22,10.0,3.2,0
2026-06-30,Pão de batata,Salgados,71,6.0,1.8,0
2026-06-30,Pão de forma caseiro,Pães,31,12.0,4.5,0
2026-06-30,Pão de queijo,Pães,141,3.5,1.1,0
2026-06-30,Pão francês,Pães,500,0.9,0.3,0
2026-06-30,Pão na chapa,Lanches,132,6.0,1.5,0
2026-06-30,Sanduíche natural,Lanches,67,14.0,5.5,0
2026-06-30,Sonho,Doces,47,6.0,1.9,0
2026-06-30,Suco de laranja natural,Bebidas,54,9.0,3.0,0
2026-06-30,Torta de limão (fatia),Doces,17,11.0,3.5,0
2026-07-01,Baguete,Pães,31,8.0,2.6,0
2026-07-01,Bolo de cenoura (fatia),Doces,74,7.0,2.0,0
2026-07-01,Brigadeiro,Doces,49,3.0,0.9,0
2026-07-01,Coxinha,Salgados,169,7.5,2.3,0
2026-07-01,Croissant,Pães,56,7.0,2.4,0
2026-07-01,Empada de frango,Salgados,52,7.0,2.2,0
2026-07-01,Esfiha de carne,Salgados,111,6.5,2.0,0
2026-07-01,Misto quente,Lanches,142,9.0,3.0,0
2026-07-01,Pudim (fatia),Doces,24,10.0,3.2,0
2026-07-01,Pão de batata,Salgados,84,6.0,1.8,0
2026-07-01,Pão de forma caseiro,Pães,30,12.0,4.5,0
2026-07-01,Pão de queijo,Pães,248,3.5,1.1,0
2026-07-01,Pão francês,Pães,642,0.9,0.3,0
2026-07-01,Pão na chapa,Lanches,158,6.0,1.5,0
2026-07-01,Sanduíche natural,Lanches,52,14.0,5.5,0
2026-07-01,Sonho,Doces,84,6.0,1.9,0
2026-07-01,Suco de laranja natural,Bebidas,74,9.0,3.0,0
2026-07-01,Torta de limão (fatia),Doces,20,11.0,3.5,0
2026-07-02,Baguete,Pães,45,8.0,2.6,0
2026-07-02,Bolo de cenoura (fatia),Doces,48,7.0,2.0,0
2026-07-02,Brigadeiro,Doces,95,3.0,0.9,0
2026-07-02,Coxinha,Salgados,139,7.5,2.3,0
2026-07-02,Croissant,Pães,60,7.0,2.4,0
2026-07-02,Empada de frango,Salgados,107,7.0,2.2,0
2026-07-02,Esfiha de carne,Salgados,118,6.5,2.0,0
2026-07-02,Misto quente,Lanches,143,9.0,3.0,0
2026-07-02,Pudim (fatia),Doces,27,10.0,3.2,0
2026-07-02,Pão de batata,Salgados,142,6.0,1.8,0
2026-07-02,Pão de forma caseiro,Pães,37,12.0,4.5,0
2026-07-02,Pão de queijo,Pães,215,3.5,1.1,0
2026-07-02,Pão francês,Pães,1019,0.9,0.3,0
2026-07-02,Pão na chapa,Lanches,166,6.0,1.5,0
2026-07-02,Sanduíche natural,Lanches,71,14.0,5.5,0
2026-07-02,Sonho,Doces,56,6.0,1.9,0
2026-07-02,Suco de laranja natural,Bebidas,73,9.0,3.0,0
2026-07-02,Torta de limão (fatia),Doces,29,11.0,3.5,0
2026-07-03,Baguete,Pães,99,6.8,2.6,1
2026-07-03,Bolo de cenoura (fatia),Doces,39,7.0,2.0,0
2026-07-03,Brigadeiro,Doces,95,2.55,0.9,1
2026-07-03,Coxinha,Salgados,197,7.5,2.3,0
2026-07-03,Croissant,Pães,59,7.0,2.4,0
2026-07-03,Empada de frango,Salgados,65,7.0,2.2,0
2026-07-03,Esfiha de carne,Salgados,104,6.5,2.0,0
2026-07-03,Misto quente,Lanches,103,9.0,3.0,0
2026-07-03,Pudim (fatia),Doces,15,10.0,3.2,0
2026-07-03,Pão de batata,Salgados,107,6.0,1.8,0
2026-07-03,Pão de forma caseiro,Pães,34,12.0,4.5,0
2026-07-03,Pão de queijo,Pães,156,3.5,1.1,0
2026-07-03,Pão francês,Pães,1271,0.9,0.3,0
2026-07-03,Pão na chapa,Lanches,167,6.0,1.5,0
2026-07-03,Sanduíche natural,Lanches,102,14.0,5.5,0
2026-07-03,Sonho,Doces,45,6.0,1.9,0
2026-07-03,Suco de laranja natural,Bebidas,54,9.0,3.0,0
2026-07-03,Torta de limão (fatia),Doces,49,11.0,3.5,0
2026-07-04,Baguete,Pães,27,8.0,2.6,0
2026-07-04,Bolo de cenoura (fatia),Doces,82,7.0,2.0,0
2026-07-04,Brigadeiro,Doces,167,3.0,0.9,0
2026-07-04,Coxinha,Salgados,103,7.5,2.3,0
2026-07-04,Croissant,Pães,86,7.0,2.4,0
2026-07-04,Empada de frango,Salgados,93,7.0,2.2,0
2026-07-04,Esfiha de carne,Salgados,67,6.5,2.0,0
2026-07-04,Misto quente,Lanches,53,9.0,3.0,0
2026-07-04,Pudim (fatia),Doces,48,10.0,3.2,0
2026-07-04,Pão de batata,Salgados,96,6.0,1.8,0
2026-07-04,Pão de forma caseiro,Pães,24,12.0,4.5,0
2026-07-04,Pão de queijo,Pães,395,3.5,1.1,0
2026-07-04,Pão francês,Pães,1167,0.9,0.3,0
2026-07-04,Pão na chapa,Lanches,202,6.0,1.5,0
2026-07-04,Sanduíche natural,Lanches,22,14.0,5.5,0
2026-07-04,Sonho,Doces,88,6.0,1.9,0
2026-07-04,Suco de laranja natural,Bebidas,73,9.0,3.0,0
2026-07-04,Torta de limão (fatia),Doces,39,11.0,3.5,0
2026-07-05,Baguete,Pães,88,8.0,2.6,0
2026-07-05,Bolo de cenoura (fatia),Doces,84,7.0,2.0,0
2026-07-05,Brigadeiro,Doces,201,3.0,0.9,0
2026-07-05,Coxinha,Salgados,123,7.5,2.3,0
2026-07-05,Croissant,Pães,138,7.0,2.4,0
2026-07-05,Empada de frango,Salgados,45,7.0,2.2,0
2026-07-05,Esfiha de carne,Salgados,56,6.5,2.0,0
2026-07-05,Misto quente,Lanches,80,9.0,3.0,0
2026-07-05,Pudim (fatia),Doces,39,10.0,3.2,0
2026-07-05,Pão de batata,Salgados,61,6.0,1.8,0
2026-07-05,Pão de forma caseiro,Pães,38,12.0,4.5,0
2026-07-05,Pão de queijo,Pães,255,3.5,1.1,0
2026-07-05,Pão francês,Pães,1557,0.9,0.3,0
2026-07-05,Pão na chapa,Lanches,141,6.0,1.5,0
2026-07-05,Sanduíche natural,Lanches,38,14.0,5.5,0
2026-07-05,Sonho,Doces,173,6.0,1.9,0
2026-07-05,Suco de laranja natural,Bebidas,106,9.0,3.0,0
2026-07-05,Torta de limão (fatia),Doces,39,11.0,3.5,0
2026-07-06,Baguete,Pães,45,8.0,2.6,0
2026-07-06,Bolo de cenoura (fatia),Doces,42,7.0,2.0,0
2026-07-06,Brigadeiro,Doces,79,3.0,0.9,0
2026-07-06,Coxinha,Salgados,218,7.5,2.3,0
2026-07-06,Croissant,Pães,85,5.95,2.4,1
2026-07-06,Empada de frango,Salgados,111,7.0,2.2,0
2026-07-06,Esfiha de carne,Salgados,157,6.5,2.0,0
2026-07-06,Misto quente,Lanches,81,9.0,3.0,0
2026-07-06,Pudim (fatia),Doces,18,10.0,3.2,0
2026-07-06,Pão de batata,Salgados,114,6.0,1.8,0
2026-07-06,Pão de forma caseiro,Pães,19,12.0,4.5,0
2026-07-06,Pão de queijo,Pães,159,3.5,1.1,0
2026-07-06,Pão francês,Pães,1161,0.9,0.3,0
2026-07-06,Pão na chapa,Lanches,171,6.0,1.5,0
2026-07-06,Sanduíche natural,Lanches,53,14.0,5.5,0
2026-07-06,Sonho,Doces,37,6.0,1.9,0
2026-07-06,Suco de laranja natural,Bebidas,52,9.0,3.0,0
2026-07-06,Torta de limão (fatia),Doces,35,11.0,3.5,0
2026-07-07,Baguete,Pães,53,8.0,2.6,0
2026-07-07,Bolo de cenoura (fatia),Doces,53,7.0,2.0,0
2026-07-07,Brigadeiro,Doces,112,3.0,0.9,0
2026-07-07,Coxinha,Salgados,246,7.5,2.3,0
2026-07-07,Croissant,Pães,41,7.0,2.4,0
2026-07-07,Empada de frango,Salgados,97,7.0,2.2,0
2026-07-07,Esfiha de carne,Salgados,100,5.52,2.0,1
2026-07-07,Misto quente,Lanches,115,9.0,3.0,0
2026-07-07,Pudim (fatia),Doces,18,10.0,3.2,0
2026-07-07,Pão de batata,Salgados,79,6.0,1.8,0
2026-07-07,Pão de forma caseiro,Pães,30,12.0,4.5,0
2026-07-07,Pão de queijo,Pães,233,3.5,1.1,0
2026-07-07,Pão francês,Pães,1313,0.9,0.3,0
2026-07-07,Pão na chapa,Lanches,157,6.0,1.5,0
2026-07-07,Sanduíche natural,Lanches,29,14.0,5.5,0
2026-07-07,Sonho,Doces,42,6.0,1.9,0
2026-07-07,Suco de laranja natural,Bebidas,84,9.0,3.0,0
2026-07-07,Torta de limão (fatia),Doces,27,11.0,3.5,0
2026-07-08,Baguete,Pães,34,8.0,2.6,0
2026-07-08,Bolo de cenoura (fatia),Doces,33,7.0,2.0,0
2026-07-08,Brigadeiro,Doces,85,3.0,0.9,0
2026-07-08,Coxinha,Salgados,211,7.5,2.3,0
2026-07-08,Croissant,Pães,52,7.0,2.4,0
2026-07-08,Empada de frango,Salgados,123,7.0,2.2,0
2026-07-08,Esfiha de carne,Salgados,103,6.5,2.0,0
2026-07-08,Misto quente,Lanches,106,9.0,3.0,0
2026-07-08,Pudim (fatia),Doces,30,10.0,3.2,0
2026-07-08,Pão de batata,Salgados,83,6.0,1.8,0
2026-07-08,Pão de forma caseiro,Pães,20,12.0,4.5,0
2026-07-08,Pão de queijo,Pães,194,3.5,1.1,0
2026-07-08,Pão francês,Pães,670,0.9,0.3,0
2026-07-08,Pão na chapa,Lanches,179,6.0,1.5,0
2026-07-08,Sanduíche natural,Lanches,41,14.0,5.5,0
2026-07-08,Sonho,Doces,108,6.0,1.9,0
2026-07-08,Suco de laranja natural,Bebidas,38,9.0,3.0,0
2026-07-08,Torta de limão (fatia),Doces,35,11.0,3.5,0
2026-07-09,Baguete,Pães,56,8.0,2.6,0
2026-07-09,Bolo de cenoura (fatia),Doces,80,7.0,2.0,0
2026-07-09,Brigadeiro,Doces,73,3.0,0.9,0
2026-07-09,Coxinha,Salgados,141,7.5,2.3,0
2026-07-09,Croissant,Pães,123,7.0,2.4,0
2026-07-09,Empada de frango,Salgados,46,7.0,2.2,0
2026-07-09,Esfiha de carne,Salgados,51,6.5,2.0,0
2026-07-09,Misto quente,Lanches,59,9.0,3.0,0
2026-07-09,Pudim (fatia),Doces,61,10.0,3.2,0
2026-07-09,Pão de batata,Salgados,97,6.0,1.8,0
2026-07-09,Pão de forma caseiro,Pães,22,12.0,4.5,0
2026-07-09,Pão de queijo,Pães,296,3.5,1.1,0
2026-07-09,Pão francês,Pães,1605,0.9,0.3,0
2026-07-09,Pão na chapa,Lanches,170,6.0,1.5,0
2026-07-09,Sanduíche natural,Lanches,25,14.0,5.5,0
2026-07-09,Sonho,Doces,75,6.0,1.9,0
2026-07-09,Suco de laranja natural,Bebidas,81,9.0,3.0,0
2026-07-09,Torta de limão (fatia),Doces,67,11.0,3.5,0
2026-07-10,Baguete,Pães,38,8.0,2.6,0
2026-07-10,Bolo de cenoura (fatia),Doces,47,7.0,2.0,0
2026-07-10,Brigadeiro,Doces,107,3.0,0.9,0
2026-07-10,Coxinha,Salgados,176,7.5,2.3,0
2026-07-10,Croissant,Pães,77,7.0,2.4,0
2026-07-10,Empada de frango,Salgados,62,7.0,2.2,0
2026-07-10,Esfiha de carne,Salgados,137,6.5,2.0,0
2026-07-10,Misto quente,Lanches,99,9.0,3.0,0
2026-07-10,Pudim (fatia),Doces,22,10.0,3.2,0
2026-07-10,Pão de batata,Salgados,126,5.1,1.8,1
2026-07-10,Pão de forma caseiro,Pães,20,12.0,4.5,0
2026-07-10,Pão de queijo,Pães,299,3.5,1.1,0
2026-07-10,Pão francês,Pães,1578,0.76,0.3,1
2026-07-10,Pão na chapa,Lanches,162,6.0,1.5,0
2026-07-10,Sanduíche natural,Lanches,87,14.0,5.5,0
2026-07-10,Sonho,Doces,72,6.0,1.9,0
2026-07-10,Suco de laranja natural,Bebidas,66,9.0,3.0,0
2026-07-10,Torta de limão (fatia),Doces,48,11.0,3.5,0
2026-07-11,Baguete,Pães,41,8.0,2.6,0
2026-07-11,Bolo de cenoura (fatia),Doces,63,7.0,2.0,0
2026-07-11,Brigadeiro,Doces,92,3.0,0.9,0
2026-07-11,Coxinha,Salgados,108,7.5,2.3,0
2026-07-11,Croissant,Pães,100,7.0,2.4,0
2026-07-11,Empada de frango,Salgados,52,7.0,2.2,0
2026-07-11,Esfiha de carne,Salgados,47,6.5,2.0,0
2026-07-11,Misto quente,Lanches,54,9.0,3.0,0
2026-07-11,Pudim (fatia),Doces,39,10.0,3.2,0
2026-07-11,Pão de batata,Salgados,60,6.0,1.8,0
2026-07-11,Pão de forma caseiro,Pães,39,12.0,4.5,0
2026-07-11,Pão de queijo,Pães,267,3.5,1.1,0
2026-07-11,Pão francês,Pães,958,0.9,0.3,0
2026-07-11,Pão na chapa,Lanches,255,6.0,1.5,0
2026-07-11,Sanduíche natural,Lanches,35,14.0,5.5,0
2026-07-11,Sonho,Doces,66,6.0,1.9,0
2026-07-11,Suco de laranja natural,Bebidas,60,9.0,3.0,0
2026-07-11,Torta de limão (fatia),Doces,39,11.0,3.5,0
2026-07-12,Baguete,Pães,68,8.0,2.6,0
2026-07-12,Bolo de cenoura (fatia),Doces,48,7.0,2.0,0
2026-07-12,Brigadeiro,Doces,84,3.0,0.9,0
2026-07-12,Coxinha,Salgados,124,7.5,2.3,0
2026-07-12,Croissant,Pães,71,7.0,2.4,0
2026-07-12,Empada de frango,Salgados,39,7.0,2.2,0
2026-07-12,Esfiha de carne,Salgados,33,6.5,2.0,0
2026-07-12,Misto quente,Lanches,105,9.0,3.0,0
2026-07-12,Pudim (fatia),Doces,27,10.0,3.2,0
2026-07-12,Pão de batata,Salgados,44,6.0,1.8,0
2026-07-12,Pão de forma caseiro,Pães,66,12.0,4.5,0
2026-07-12,Pão de queijo,Pães,279,3.5,1.1,0
2026-07-12,Pão francês,Pães,1421,0.9,0.3,0
2026-07-12,Pão na chapa,Lanches,290,6.0,1.5,0
2026-07-12,Sanduíche natural,Lanches,31,14.0,5.5,0
2026-07-12,Sonho,Doces,118,6.0,1.9,0
2026-07-12,Suco de laranja natural,Bebidas,80,9.0,3.0,0
2026-07-12,Torta de limão (fatia),Doces,52,11.0,3.5,0
2026-07-13,Baguete,Pães,61,8.0,2.6,0
2026-07-13,Bolo de cenoura (fatia),Doces,45,7.0,2.0,0
2026-07-13,Brigadeiro,Doces,13,3.0,0.9,0
2026-07-13,Coxinha,Salgados,226,7.5,2.3,0
2026-07-13,Croissant,Pães,51,7.0,2.4,0
2026-07-13,Empada de frango,Salgados,86,7.0,2.2,0
2026-07-13,Esfiha de carne,Salgados,117,6.5,2.0,0
2026-07-13,Misto quente,Lanches,66,9.0,3.0,0
2026-07-13,Pudim (fatia),Doces,37,10.0,3.2,0
2026-07-13,Pão de batata,Salgados,59,6.0,1.8,0
2026-07-13,Pão de forma caseiro,Pães,29,12.0,4.5,0
2026-07-13,Pão de queijo,Pães,246,2.98,1.1,1
2026-07-13,Pão francês,Pães,1129,0.9,0.3,0
2026-07-13,Pão na chapa,Lanches,177,6.0,1.5,0
2026-07-13,Sanduíche natural,Lanches,65,14.0,5.5,0
2026-07-13,Sonho,Doces,65,6.0,1.9,0
2026-07-13,Suco de laranja natural,Bebidas,114,9.0,3.0,0
2026-07-13,Torta de limão (fatia),Doces,10,11.0,3.5,0
2026-07-14,Baguete,Pães,57,8.0,2.6,0
2026-07-14,Bolo de cenoura (fatia),Doces,70,7.0,2.0,0
2026-07-14,Brigadeiro,Doces,119,3.0,0.9,0
2026-07-14,Coxinha,Salgados,187,7.5,2.3,0
2026-07-14,Croissant,Pães,30,7.0,2.4,0
2026-07-14,Empada de frango,Salgados,62,7.0,2.2,0
2026-07-14,Esfiha de carne,Salgados,100,6.5,2.0,0
2026-07-14,Misto quente,Lanches,104,9.0,3.0,0
2026-07-14,Pudim (fatia),Doces,15,10.0,3.2,0
2026-07-14,Pão de batata,Salgados,137,6.0,1.8,0
2026-07-14,Pão de forma caseiro,Pães,16,12.0,4.5,0
2026-07-14,Pão de queijo,Pães,234,3.5,1.1,0
2026-07-14,Pão francês,Pães,982,0.9,0.3,0
2026-07-14,Pão na chapa,Lanches,135,6.0,1.5,0
2026-07-14,Sanduíche natural,Lanches,36,14.0,5.5,0
2026-07-14,Sonho,Doces,58,6.0,1.9,0
2026-07-14,Suco de laranja natural,Bebidas,41,9.0,3.0,0
2026-07-14,Torta de limão (fatia),Doces,15,11.0,3.5,0
2026-07-15,Baguete,Pães,49,8.0,2.6,0
2026-07-15,Bolo de cenoura (fatia),Doces,46,7.0,2.0,0
2026-07-15,Brigadeiro,Doces,83,3.0,0.9,0
2026-07-15,Coxinha,Salgados,237,7.5,2.3,0
2026-07-15,Croissant,Pães,75,7.0,2.4,0
2026-07-15,Empada de frango,Salgados,66,7.0,2.2,0
2026-07-15,Esfiha de carne,Salgados,94,6.5,2.0,0
2026-07-15,Misto quente,Lanches,78,9.0,3.0,0
2026-07-15,Pudim (fatia),Doces,30,10.0,3.2,0
2026-07-15,Pão de batata,Salgados,105,6.0,1.8,0
2026-07-15,Pão de forma caseiro,Pães,13,12.0,4.5,0
2026-07-15,Pão de queijo,Pães,145,3.5,1.1,0
2026-07-15,Pão francês,Pães,1193,0.9,0.3,0
2026-07-15,Pão na chapa,Lanches,142,6.0,1.5,0
2026-07-15,Sanduíche natural,Lanches,67,14.0,5.5,0
2026-07-15,Sonho,Doces,91,6.0,1.9,0
2026-07-15,Suco de laranja natural,Bebidas,68,9.0,3.0,0
2026-07-15,Torta de limão (fatia),Doces,23,11.0,3.5,0
2026-07-16,Baguete,Pães,50,8.0,2.6,0
2026-07-16,Bolo de cenoura (fatia),Doces,64,7.0,2.0,0
2026-07-16,Brigadeiro,Doces,88,3.0,0.9,0
2026-07-16,Coxinha,Salgados,175,7.5,2.3,0
2026-07-16,Croissant,Pães,45,7.0,2.4,0
2026-07-16,Empada de frango,Salgados,77,7.0,2.2,0
2026-07-16,Esfiha de carne,Salgados,153,6.5,2.0,0
2026-07-16,Misto quente,Lanches,80,9.0,3.0,0
2026-07-16,Pudim (fatia),Doces,21,10.0,3.2,0
2026-07-16,Pão de batata,Salgados,44,6.0,1.8,0
2026-07-16,Pão de forma caseiro,Pães,21,12.0,4.5,0
2026-07-16,Pão de queijo,Pães,165,3.5,1.1,0
2026-07-16,Pão francês,Pães,779,0.9,0.3,0
2026-07-16,Pão na chapa,Lanches,77,6.0,1.5,0
2026-07-16,Sanduíche natural,Lanches,31,14.0,5.5,0
2026-07-16,Sonho,Doces,64,6.0,1.9,0
2026-07-16,Suco de laranja natural,Bebidas,22,9.0,3.0,0
2026-07-16,Torta de limão (fatia),Doces,45,11.0,3.5,0
2026-07-17,Baguete,Pães,40,8.0,2.6,0
2026-07-17,Bolo de cenoura (fatia),Doces,79,7.0,2.0,0
2026-07-17,Brigadeiro,Doces,116,3.0,0.9,0
2026-07-17,Coxinha,Salgados,183,7.5,2.3,0
2026-07-17,Croissant,Pães,71,7.0,2.4,0
2026-07-17,Empada de frango,Salgados,86,7.0,2.2,0
2026-07-17,Esfiha de carne,Salgados,89,6.5,2.0,0
2026-07-17,Misto quente,Lanches,54,9.0,3.0,0
2026-07-17,Pudim (fatia),Doces,60,10.0,3.2,0
2026-07-17,Pão de batata,Salgados,94,6.0,1.8,0
2026-07-17,Pão de forma caseiro,Pães,37,12.0,4.5,0
2026-07-17,Pão de queijo,Pães,216,3.5,1.1,0
2026-07-17,Pão francês,Pães,1074,0.9,0.3,0
2026-07-17,Pão na chapa,Lanches,189,6.0,1.5,0
2026-07-17,Sanduíche natural,Lanches,44,14.0,5.5,0
2026-07-17,Sonho,Doces,69,6.0,1.9,0
2026-07-17,Suco de laranja natural,Bebidas,71,9.0,3.0,0
2026-07-17,Torta de limão (fatia),Doces,27,11.0,3.5,0
2026-07-18,Baguete,Pães,45,8.0,2.6,0
2026-07-18,Bolo de cenoura (fatia),Doces,139,5.95,2.0,1
2026-07-18,Brigadeiro,Doces,99,3.0,0.9,0
2026-07-18,Coxinha,Salgados,121,7.5,2.3,0
2026-07-18,Croissant,Pães,35,7.0,2.4,0
2026-07-18,Empada de frango,Salgados,58,7.0,2.2,0
2026-07-18,Esfiha de carne,Salgados,72,6.5,2.0,0
2026-07-18,Misto quente,Lanches,60,9.0,3.0,0
2026-07-18,Pudim (fatia),Doces,33,10.0,3.2,0
2026-07-18,Pão de batata,Salgados,57,6.0,1.8,0
2026-07-18,Pão de forma caseiro,Pães,27,12.0,4.5,0
2026-07-18,Pão de queijo,Pães,350,2.98,1.1,1
2026-07-18,Pão francês,Pães,1532,0.9,0.3,0
2026-07-18,Pão na chapa,Lanches,171,6.0,1.5,0
2026-07-18,Sanduíche natural,Lanches,49,14.0,5.5,0
2026-07-18,Sonho,Doces,78,6.0,1.9,0
2026-07-18,Suco de laranja natural,Bebidas,102,9.0,3.0,0
2026-07-18,Torta de limão (fatia),Doces,45,11.0,3.5,0
2026-07-19,Baguete,Pães,82,8.0,2.6,0
2026-07-19,Bolo de cenoura (fatia),Doces,139,7.0,2.0,0
2026-07-19,Brigadeiro,Doces,148,3.0,0.9,0
2026-07-19,Coxinha,Salgados,90,7.5,2.3,0
2026-07-19,Croissant,Pães,122,7.0,2.4,0
2026-07-19,Empada de frango,Salgados,31,7.0,2.2,0
2026-07-19,Esfiha de carne,Salgados,88,6.5,2.0,0
2026-07-19,Misto quente,Lanches,83,9.0,3.0,0
2026-07-19,Pudim (fatia),Doces,42,10.0,3.2,0
2026-07-19,Pão de batata,Salgados,73,6.0,1.8,0
2026-07-19,Pão de forma caseiro,Pães,20,12.0,4.5,0
2026-07-19,Pão de queijo,Pães,324,3.5,1.1,0
2026-07-19,Pão francês,Pães,1508,0.9,0.3,0
2026-07-19,Pão na chapa,Lanches,173,6.0,1.5,0
2026-07-19,Sanduíche natural,Lanches,13,14.0,5.5,0
2026-07-19,Sonho,Doces,134,6.0,1.9,0
2026-07-19,Suco de laranja natural,Bebidas,51,9.0,3.0,0
2026-07-19,Torta de limão (fatia),Doces,52,11.0,3.5,0
2026-07-20,Baguete,Pães,41,8.0,2.6,0
2026-07-20,Bolo de cenoura (fatia),Doces,59,7.0,2.0,0
2026-07-20,Brigadeiro,Doces,102,3.0,0.9,0
2026-07-20,Coxinha,Salgados,154,7.5,2.3,0
2026-07-20,Croissant,Pães,96,7.0,2.4,0
2026-07-20,Empada de frango,Salgados,70,7.0,2.2,0
2026-07-20,Esfiha de carne,Salgados,176,5.52,2.0,1
2026-07-20,Misto quente,Lanches,77,9.0,3.0,0
2026-07-20,Pudim (fatia),Doces,12,10.0,3.2,0
2026-07-20,Pão de batata,Salgados,106,6.0,1.8,0
2026-07-20,Pão de forma caseiro,Pães,43,12.0,4.5,0
2026-07-20,Pão de queijo,Pães,281,2.98,1.1,1
2026-07-20,Pão francês,Pães,1461,0.9,0.3,0
2026-07-20,Pão na chapa,Lanches,154,6.0,1.5,0
2026-07-20,Sanduíche natural,Lanches,45,14.0,5.5,0
2026-07-20,Sonho,Doces,83,5.1,1.9,1
2026-07-20,Suco de laranja natural,Bebidas,89,9.0,3.0,0
2026-07-20,Torta de limão (fatia),Doces,50,11.0,3.5,0
2026-07-21,Baguete,Pães,46,6.8,2.6,1
2026-07-21,Bolo de cenoura (fatia),Doces,96,7.0,2.0,0
2026-07-21,Brigadeiro,Doces,83,3.0,0.9,0
2026-07-21,Coxinha,Salgados,166,7.5,2.3,0
2026-07-21,Croissant,Pães,61,7.0,2.4,0
2026-07-21,Empada de frango,Salgados,58,7.0,2.2,0
2026-07-21,Esfiha de carne,Salgados,71,6.5,2.0,0
2026-07-21,Misto quente,Lanches,109,9.0,3.0,0
2026-07-21,Pudim (fatia),Doces,29,10.0,3.2,0
2026-07-21,Pão de batata,Salgados,132,6.0,1.8,0
2026-07-21,Pão de forma caseiro,Pães,15,12.0,4.5,0
2026-07-21,Pão de queijo,Pães,302,3.5,1.1,0
2026-07-21,Pão francês,Pães,802,0.9,0.3,0
2026-07-21,Pão na chapa,Lanches,117,6.0,1.5,0
2026-07-21,Sanduíche natural,Lanches,70,14.0,5.5,0
2026-07-21,Sonho,Doces,82,6.0,1.9,0
2026-07-21,Suco de laranja natural,Bebidas,95,9.0,3.0,0
2026-07-21,Torta de limão (fatia),Doces,28,11.0,3.5,0
2026-07-22,Baguete,Pães,24,8.0,2.6,0
2026-07-22,Bolo de cenoura (fatia),Doces,65,7.0,2.0,0
2026-07-22,Brigadeiro,Doces,71,3.0,0.9,0
2026-07-22,Coxinha,Salgados,178,7.5,2.3,0
2026-07-22,Croissant,Pães,68,7.0,2.4,0
2026-07-22,Empada de frango,Salgados,85,7.0,2.2,0
2026-07-22,Esfiha de carne,Salgados,160,6.5,2.0,0
2026-07-22,Misto quente,Lanches,111,9.0,3.0,0
2026-07-22,Pudim (fatia),Doces,29,10.0,3.2,0
2026-07-22,Pão de batata,Salgados,62,6.0,1.8,0
2026-07-22,Pão de forma caseiro,Pães,29,12.0,4.5,0
2026-07-22,Pão de queijo,Pães,185,3.5,1.1,0
2026-07-22,Pão francês,Pães,947,0.9,0.3,0
2026-07-22,Pão na chapa,Lanches,96,6.0,1.5,0
2026-07-22,Sanduíche natural,Lanches,43,14.0,5.5,0
2026-07-22,Sonho,Doces,96,6.0,1.9,0
2026-07-22,Suco de laranja natural,Bebidas,49,9.0,3.0,0
2026-07-22,Torta de limão (fatia),Doces,27,11.0,3.5,0
2026-07-23,Baguete,Pães,63,8.0,2.6,0
2026-07-23,Bolo de cenoura (fatia),Doces,62,7.0,2.0,0
2026-07-23,Brigadeiro,Doces,56,3.0,0.9,0
2026-07-23,Coxinha,Salgados,149,7.5,2.3,0
2026-07-23,Croissant,Pães,51,7.0,2.4,0
2026-07-23,Empada de frango,Salgados,43,7.0,2.2,0
2026-07-23,Esfiha de carne,Salgados,65,6.5,2.0,0
2026-07-23,Misto quente,Lanches,171,9.0,3.0,0
2026-07-23,Pudim (fatia),Doces,23,8.5,3.2,1
2026-07-23,Pão de batata,Salgados,82,6.0,1.8,0
2026-07-23,Pão de forma caseiro,Pães,45,12.0,4.5,0
2026-07-23,Pão de queijo,Pães,208,3.5,1.1,0
2026-07-23,Pão francês,Pães,1085,0.9,0.3,0
2026-07-23,Pão na chapa,Lanches,175,6.0,1.5,0
2026-07-23,Sanduíche natural,Lanches,78,11.9,5.5,1
2026-07-23,Sonho,Doces,33,6.0,1.9,0
2026-07-23,Suco de laranja natural,Bebidas,42,9.0,3.0,0
2026-07-23,Torta de limão (fatia),Doces,26,11.0,3.5,0
2026-07-24,Baguete,Pães,66,8.0,2.6,0
2026-07-24,Bolo de cenoura (fatia),Doces,106,7.0,2.0,0
2026-07-24,Brigadeiro,Doces,107,3.0,0.9,0
2026-07-24,Coxinha,Salgados,133,7.5,2.3,0
2026-07-24,Croissant,Pães,58,7.0,2.4,0
2026-07-24,Empada de frango,Salgados,67,7.0,2.2,0
2026-07-24,Esfiha de carne,Salgados,106,6.5,2.0,0
2026-07-24,Misto quente,Lanches,156,9.0,3.0,0
2026-07-24,Pudim (fatia),Doces,31,10.0,3.2,0
2026-07-24,Pão de batata,Salgados,83,6.0,1.8,0
2026-07-24,Pão de forma caseiro,Pães,32,12.0,4.5,0
2026-07-24,Pão de queijo,Pães,221,3.5,1.1,0
2026-07-24,Pão francês,Pães,1214,0.9,0.3,0
2026-07-24,Pão na chapa,Lanches,163,6.0,1.5,0
2026-07-24,Sanduíche natural,Lanches,46,14.0,5.5,0
2026-07-24,Sonho,Doces,75,6.0,1.9,0
2026-07-24,Suco de laranja natural,Bebidas,55,9.0,3.0,0
2026-07-24,Torta de limão (fatia),Doces,25,11.0,3.5,0
2026-07-25,Baguete,Pães,41,8.0,2.6,0
2026-07-25,Bolo de cenoura (fatia),Doces,55,7.0,2.0,0
2026-07-25,Brigadeiro,Doces,163,3.0,0.9,0
2026-07-25,Coxinha,Salgados,160,7.5,2.3,0
2026-07-25,Croissant,Pães,67,7.0,2.4,0
2026-07-25,Empada de frango,Salgados,52,7.0,2.2,0
2026-07-25,Esfiha de carne,Salgados,82,6.5,2.0,0
2026-07-25,Misto quente,Lanches,60,9.0,3.0,0
2026-07-25,Pudim (fatia),Doces,34,10.0,3.2,0
2026-07-25,Pão de batata,Salgados,62,6.0,1.8,0
2026-07-25,Pão de forma caseiro,Pães,57,12.0,4.5,0
2026-07-25,Pão de queijo,Pães,224,3.5,1.1,0
2026-07-25,Pão francês,Pães,1059,0.9,0.3,0
2026-07-25,Pão na chapa,Lanches,196,6.0,1.5,0
2026-07-25,Sanduíche natural,Lanches,71,14.0,5.5,0
2026-07-25,Sonho,Doces,76,6.0,1.9,0
2026-07-25,Suco de laranja natural,Bebidas,79,9.0,3.0,0
2026-07-25,Torta de limão (fatia),Doces,30,11.0,3.5,0
2026-07-26,Baguete,Pães,73,8.0,2.6,0
2026-07-26,Bolo de cenoura (fatia),Doces,112,7.0,2.0,0
2026-07-26,Brigadeiro,Doces,280,3.0,0.9,0
2026-07-26,Coxinha,Salgados,56,7.5,2.3,0
2026-07-26,Croissant,Pães,73,7.0,2.4,0
2026-07-26,Empada de frango,Salgados,38,7.0,2.2,0
2026-07-26,Esfiha de carne,Salgados,44,6.5,2.0,0
2026-07-26,Misto quente,Lanches,33,9.0,3.0,0
2026-07-26,Pudim (fatia),Doces,35,10.0,3.2,0
2026-07-26,Pão de batata,Salgados,50,6.0,1.8,0
2026-07-26,Pão de forma caseiro,Pães,42,12.0,4.5,0
2026-07-26,Pão de queijo,Pães,164,3.5,1.1,0
2026-07-26,Pão francês,Pães,1289,0.9,0.3,0
2026-07-26,Pão na chapa,Lanches,166,6.0,1.5,0
2026-07-26,Sanduíche natural,Lanches,35,14.0,5.5,0
2026-07-26,Sonho,Doces,74,6.0,1.9,0
2026-07-26,Suco de laranja natural,Bebidas,79,9.0,3.0,0
2026-07-26,Torta de limão (fatia),Doces,60,11.0,3.5,0
2026-07-27,Baguete,Pães,43,8.0,2.6,0
2026-07-27,Bolo de cenoura (fatia),Doces,28,7.0,2.0,0
2026-07-27,Brigadeiro,Doces,106,3.0,0.9,0
2026-07-27,Coxinha,Salgados,158,7.5,2.3,0
2026-07-27,Croissant,Pães,63,7.0,2.4,0
2026-07-27,Empada de frango,Salgados,85,7.0,2.2,0
2026-07-27,Esfiha de carne,Salgados,76,6.5,2.0,0
2026-07-27,Misto quente,Lanches,84,9.0,3.0,0
2026-07-27,Pudim (fatia),Doces,43,10.0,3.2,0
2026-07-27,Pão de batata,Salgados,95,6.0,1.8,0
2026-07-27,Pão de forma caseiro,Pães,20,12.0,4.5,0
2026-07-27,Pão de queijo,Pães,225,3.5,1.1,0
2026-07-27,Pão francês,Pães,567,0.9,0.3,0
2026-07-27,Pão na chapa,Lanches,175,6.0,1.5,0
2026-07-27,Sanduíche natural,Lanches,44,14.0,5.5,0
2026-07-27,Sonho,Doces,60,6.0,1.9,0
2026-07-27,Suco de laranja natural,Bebidas,96,9.0,3.0,0
2026-07-27,Torta de limão (fatia),Doces,24,9.35,3.5,1
2026-07-28,Baguete,Pães,56,8.0,2.6,0
2026-07-28,Bolo de cenoura (fatia),Doces,92,7.0,2.0,0
2026-07-28,Brigadeiro,Doces,109,3.0,0.9,0
2026-07-28,Coxinha,Salgados,212,6.38,2.3,1
2026-07-28,Croissant,Pães,71,5.95,2.4,1
2026-07-28,Empada de frango,Salgados,65,7.0,2.2,0
2026-07-28,Esfiha de carne,Salgados,118,5.52,2.0,1
2026-07-28,Misto quente,Lanches,111,9.0,3.0,0
2026-07-28,Pudim (fatia),Doces,14,10.0,3.2,0
2026-07-28,Pão de batata,Salgados,157,6.0,1.8,0
2026-07-28,Pão de forma caseiro,Pães,52,10.2,4.5,1
2026-07-28,Pão de queijo,Pães,238,3.5,1.1,0
2026-07-28,Pão francês,Pães,935,0.9,0.3,0
2026-07-28,Pão na chapa,Lanches,106,6.0,1.5,0
2026-07-28,Sanduíche natural,Lanches,72,14.0,5.5,0
2026-07-28,Sonho,Doces,116,5.1,1.9,1
2026-07-28,Suco de laranja natural,Bebidas,48,9.0,3.0,0
2026-07-28,Torta de limão (fatia),Doces,28,11.0,3.5,0
2026-07-29,Baguete,Pães,30,8.0,2.6,0
2026-07-29,Bolo de cenoura (fatia),Doces,50,7.0,2.0,0
2026-07-29,Brigadeiro,Doces,76,3.0,0.9,0
2026-07-29,Coxinha,Salgados,166,7.5,2.3,0
2026-07-29,Croissant,Pães,41,7.0,2.4,0
2026-07-29,Empada de frango,Salgados,67,7.0,2.2,0
2026-07-29,Esfiha de carne,Salgados,139,6.5,2.0,0
2026-07-29,Misto quente,Lanches,177,7.65,3.0,1
2026-07-29,Pudim (fatia),Doces,32,10.0,3.2,0
2026-07-29,Pão de batata,Salgados,91,6.0,1.8,0
2026-07-29,Pão de forma caseiro,Pães,26,12.0,4.5,0
2026-07-29,Pão de queijo,Pães,196,3.5,1.1,0
2026-07-29,Pão francês,Pães,1317,0.9,0.3,0
2026-07-29,Pão na chapa,Lanches,127,6.0,1.5,0
2026-07-29,Sanduíche natural,Lanches,79,14.0,5.5,0
2026-07-29,Sonho,Doces,72,6.0,1.9,0
2026-07-29,Suco de laranja natural,Bebidas,53,9.0,3.0,0
2026-07-29,Torta de limão (fatia),Doces,37,11.0,3.5,0
2026-07-30,Baguete,Pães,38,8.0,2.6,0
2026-07-30,Bolo de cenoura (fatia),Doces,54,7.0,2.0,0
2026-07-30,Brigadeiro,Doces,106,3.0,0.9,0
2026-07-30,Coxinha,Salgados,185,7.5,2.3,0
2026-07-30,Croissant,Pães,34,7.0,2.4,0
2026-07-30,Empada de frango,Salgados,74,7.0,2.2,0
2026-07-30,Esfiha de carne,Salgados,101,6.5,2.0,0
2026-07-30,Misto quente,Lanches,86,9.0,3.0,0
2026-07-30,Pudim (fatia),Doces,23,10.0,3.2,0
2026-07-30,Pão de batata,Salgados,71,6.0,1.8,0
2026-07-30,Pão de forma caseiro,Pães,46,12.0,4.5,0
2026-07-30,Pão de queijo,Pães,196,3.5,1.1,0
2026-07-30,Pão francês,Pães,1158,0.9,0.3,0
2026-07-30,Pão na chapa,Lanches,141,6.0,1.5,0
2026-07-30,Sanduíche natural,Lanches,79,14.0,5.5,0
2026-07-30,Sonho,Doces,42,6.0,1.9,0
2026-07-30,Suco de laranja natural,Bebidas,93,9.0,3.0,0
2026-07-30,Torta de limão (fatia),Doces,30,11.0,3.5,0
2026-07-31,Baguete,Pães,32,8.0,2.6,0
2026-07-31,Bolo de cenoura (fatia),Doces,55,7.0,2.0,0
2026-07-31,Brigadeiro,Doces,127,3.0,0.9,0
2026-07-31,Coxinha,Salgados,166,7.5,2.3,0
2026-07-31,Croissant,Pães,90,7.0,2.4,0
2026-07-31,Empada de frango,Salgados,63,7.0,2.2,0
2026-07-31,Esfiha de carne,Salgados,75,6.5,2.0,0
2026-07-31,Misto quente,Lanches,121,9.0,3.0,0
2026-07-31,Pudim (fatia),Doces,48,10.0,3.2,0
2026-07-31,Pão de batata,Salgados,105,6.0,1.8,0
2026-07-31,Pão de forma caseiro,Pães,27,12.0,4.5,0
2026-07-31,Pão de queijo,Pães,180,3.5,1.1,0
2026-07-31,Pão francês,Pães,661,0.9,0.3,0
2026-07-31,Pão na chapa,Lanches,153,6.0,1.5,0
2026-07-31,Sanduíche natural,Lanches,35,14.0,5.5,0
2026-07-31,Sonho,Doces,51,6.0,1.9,0
2026-07-31,Suco de laranja natural,Bebidas,155,9.0,3.0,0
2026-07-31,Torta de limão (fatia),Doces,17,11.0,3.5,0
2026-08-01,Baguete,Pães,39,8.0,2.6,0
2026-08-01,Bolo de cenoura (fatia),Doces,58,7.0,2.0,0
2026-08-01,Brigadeiro,Doces,155,3.0,0.9,0
2026-08-01,Coxinha,Salgados,144,7.5,2.3,0
2026-08-01,Croissant,Pães,95,7.0,2.4,0
2026-08-01,Empada de frango,Salgados,70,7.0,2.2,0
2026-08-01,Esfiha de carne,Salgados,69,5.52,2.0,1
2026-08-01,Misto quente,Lanches,74,9.0,3.0,0
2026-08-01,Pudim (fatia),Doces,61,10.0,3.2,0
2026-08-01,Pão de batata,Salgados,37,6.0,1.8,0
2026-08-01,Pão de forma caseiro,Pães,32,12.0,4.5,0
2026-08-01,Pão de queijo,Pães,283,3.5,1.1,0
2026-08-01,Pão francês,Pães,1201,0.9,0.3,0
2026-08-01,Pão na chapa,Lanches,240,6.0,1.5,0
2026-08-01,Sanduíche natural,Lanches,44,14.0,5.5,0
2026-08-01,Sonho,Doces,87,6.0,1.9,0
2026-08-01,Suco de laranja natural,Bebidas,71,9.0,3.0,0
2026-08-01,Torta de limão (fatia),Doces,41,11.0,3.5,0
2026-08-02,Baguete,Pães,125,8.0,2.6,0
2026-08-02,Bolo de cenoura (fatia),Doces,110,7.0,2.0,0
2026-08-02,Brigadeiro,Doces,175,3.0,0.9,0
2026-08-02,Coxinha,Salgados,125,7.5,2.3,0
2026-08-02,Croissant,Pães,113,7.0,2.4,0
2026-08-02,Empada de frango,Salgados,31,7.0,2.2,0
2026-08-02,Esfiha de carne,Salgados,57,6.5,2.0,0
2026-08-02,Misto quente,Lanches,49,9.0,3.0,0
2026-08-02,Pudim (fatia),Doces,41,10.0,3.2,0
2026-08-02,Pão de batata,Salgados,51,6.0,1.8,0
2026-08-02,Pão de forma caseiro,Pães,49,12.0,4.5,0
2026-08-02,Pão de queijo,Pães,293,3.5,1.1,0
2026-08-02,Pão francês,Pães,1183,0.9,0.3,0
2026-08-02,Pão na chapa,Lanches,174,6.0,1.5,0
2026-08-02,Sanduíche natural,Lanches,25,14.0,5.5,0
2026-08-02,Sonho,Doces,96,6.0,1.9,0
2026-08-02,Suco de laranja natural,Bebidas,115,9.0,3.0,0
2026-08-02,Torta de limão (fatia),Doces,31,11.0,3.5,0
2026-08-03,Baguete,Pães,24,8.0,2.6,0
2026-08-03,Bolo de cenoura (fatia),Doces,26,7.0,2.0,0
2026-08-03,Brigadeiro,Doces,74,3.0,0.9,0
2026-08-03,Coxinha,Salgados,172,7.5,2.3,0
2026-08-03,Croissant,Pães,66,7.0,2.4,0
2026-08-03,Empada de frango,Salgados,61,7.0,2.2,0
2026-08-03,Esfiha de carne,Salgados,96,6.5,2.0,0
2026-08-03,Misto quente,Lanches,62,9.0,3.0,0
2026-08-03,Pudim (fatia),Doces,15,10.0,3.2,0
2026-08-03,Pão de batata,Salgados,103,6.0,1.8,0
2026-08-03,Pão de forma caseiro,Pães,11,12.0,4.5,0
2026-08-03,Pão de queijo,Pães,153,3.5,1.1,0
2026-08-03,Pão francês,Pães,1078,0.9,0.3,0
2026-08-03,Pão na chapa,Lanches,136,6.0,1.5,0
2026-08-03,Sanduíche natural,Lanches,40,14.0,5.5,0
2026-08-03,Sonho,Doces,56,6.0,1.9,0
2026-08-03,Suco de laranja natural,Bebidas,95,9.0,3.0,0
2026-08-03,Torta de limão (fatia),Doces,25,11.0,3.5,0
2026-08-04,Baguete,Pães,43,8.0,2.6,0
2026-08-04,Bolo de cenoura (fatia),Doces,64,7.0,2.0,0
2026-08-04,Brigadeiro,Doces,72,3.0,0.9,0
2026-08-04,Coxinha,Salgados,137,7.5,2.3,0
2026-08-04,Croissant,Pães,59,7.0,2.4,0
2026-08-04,Empada de frango,Salgados,77,7.0,2.2,0
2026-08-04,Esfiha de carne,Salgados,177,6.5,2.0,0
2026-08-04,Misto quente,Lanches,113,9.0,3.0,0
2026-08-04,Pudim (fatia),Doces,30,10.0,3.2,0
2026-08-04,Pão de batata,Salgados,91,6.0,1.8,0
2026-08-04,Pão de forma caseiro,Pães,24,12.0,4.5,0
2026-08-04,Pão de queijo,Pães,207,3.5,1.1,0
2026-08-04,Pão francês,Pães,788,0.9,0.3,0
2026-08-04,Pão na chapa,Lanches,154,6.0,1.5,0
2026-08-04,Sanduíche natural,Lanches,60,14.0,5.5,0
2026-08-04,Sonho,Doces,64,6.0,1.9,0
2026-08-04,Suco de laranja natural,Bebidas,60,9.0,3.0,0
2026-08-04,Torta de limão (fatia),Doces,36,11.0,3.5,0
2026-08-05,Baguete,Pães,24,8.0,2.6,0
2026-08-05,Bolo de cenoura (fatia),Doces,52,7.0,2.0,0
2026-08-05,Brigadeiro,Doces,105,3.0,0.9,0
2026-08-05,Coxinha,Salgados,157,7.5,2.3,0
2026-08-05,Croissant,Pães,68,7.0,2.4,0
2026-08-05,Empada de frango,Salgados,68,7.0,2.2,0
2026-08-05,Esfiha de carne,Salgados,91,6.5,2.0,0
2026-08-05,Misto quente,Lanches,119,9.0,3.0,0
2026-08-05,Pudim (fatia),Doces,46,10.0,3.2,0
2026-08-05,Pão de batata,Salgados,114,6.0,1.8,0
2026-08-05,Pão de forma caseiro,Pães,26,12.0,4.5,0
2026-08-05,Pão de queijo,Pães,166,3.5,1.1,0
2026-08-05,Pão francês,Pães,1675,0.9,0.3,0
2026-08-05,Pão na chapa,Lanches,113,6.0,1.5,0
2026-08-05,Sanduíche natural,Lanches,50,14.0,5.5,0
2026-08-05,Sonho,Doces,35,6.0,1.9,0
2026-08-05,Suco de laranja natural,Bebidas,47,9.0,3.0,0
2026-08-05,Torta de limão (fatia),Doces,31,11.0,3.5,0
2026-08-06,Baguete,Pães,47,8.0,2.6,0
2026-08-06,Bolo de cenoura (fatia),Doces,58,7.0,2.0,0
2026-08-06,Brigadeiro,Doces,77,3.0,0.9,0
2026-08-06,Coxinha,Salgados,183,7.5,2.3,0
2026-08-06,Croissant,Pães,81,7.0,2.4,0
2026-08-06,Empada de frango,Salgados,82,7.0,2.2,0
2026-08-06,Esfiha de carne,Salgados,53,6.5,2.0,0
2026-08-06,Misto quente,Lanches,105,9.0,3.0,0
2026-08-06,Pudim (fatia),Doces,42,10.0,3.2,0
2026-08-06,Pão de batata,Salgados,108,6.0,1.8,0
2026-08-06,Pão de forma caseiro,Pães,26,12.0,4.5,0
2026-08-06,Pão de queijo,Pães,196,3.5,1.1,0
2026-08-06,Pão francês,Pães,774,0.9,0.3,0
2026-08-06,Pão na chapa,Lanches,167,6.0,1.5,0
2026-08-06,Sanduíche natural,Lanches,70,14.0,5.5,0
2026-08-06,Sonho,Doces,93,6.0,1.9,0
2026-08-06,Suco de laranja natural,Bebidas,50,9.0,3.0,0
2026-08-06,Torta de limão (fatia),Doces,32,11.0,3.5,0
2026-08-07,Baguete,Pães,61,8.0,2.6,0
2026-08-07,Bolo de cenoura (fatia),Doces,108,7.0,2.0,0
2026-08-07,Brigadeiro,Doces,109,3.0,0.9,0
2026-08-07,Coxinha,Salgados,169,7.5,2.3,0
2026-08-07,Croissant,Pães,76,7.0,2.4,0
2026-08-07,Empada de frango,Salgados,51,7.0,2.2,0
2026-08-07,Esfiha de carne,Salgados,98,6.5,2.0,0
2026-08-07,Misto quente,Lanches,122,9.0,3.0,0
2026-08-07,Pudim (fatia),Doces,21,10.0,3.2,0
2026-08-07,Pão de batata,Salgados,110,6.0,1.8,0
2026-08-07,Pão de forma caseiro,Pães,23,12.0,4.5,0
2026-08-07,Pão de queijo,Pães,194,3.5,1.1,0
2026-08-07,Pão francês,Pães,878,0.9,0.3,0
2026-08-07,Pão na chapa,Lanches,134,6.0,1.5,0
2026-08-07,Sanduíche natural,Lanches,61,14.0,5.5,0
2026-08-07,Sonho,Doces,152,6.0,1.9,0
2026-08-07,Suco de laranja natural,Bebidas,45,9.0,3.0,0
2026-08-07,Torta de limão (fatia),Doces,40,11.0,3.5,0
2026-08-08,Baguete,Pães,47,8.0,2.6,0
2026-08-08,Bolo de cenoura (fatia),Doces,69,7.0,2.0,0
2026-08-08,Brigadeiro,Doces,351,3.0,0.9,0
2026-08-08,Coxinha,Salgados,204,7.5,2.3,0
2026-08-08,Croissant,Pães,107,7.0,2.4,0
2026-08-08,Empada de frango,Salgados,108,7.0,2.2,0
2026-08-08,Esfiha de carne,Salgados,161,6.5,2.0,0
2026-08-08,Misto quente,Lanches,60,9.0,3.0,0
2026-08-08,Pudim (fatia),Doces,30,10.0,3.2,0
2026-08-08,Pão de batata,Salgados,44,6.0,1.8,0
2026-08-08,Pão de forma caseiro,Pães,51,12.0,4.5,0
2026-08-08,Pão de queijo,Pães,289,3.5,1.1,0
2026-08-08,Pão francês,Pães,1137,0.9,0.3,0
2026-08-08,Pão na chapa,Lanches,253,6.0,1.5,0
2026-08-08,Sanduíche natural,Lanches,50,14.0,5.5,0
2026-08-08,Sonho,Doces,54,6.0,1.9,0
2026-08-08,Suco de laranja natural,Bebidas,72,9.0,3.0,0
2026-08-08,Torta de limão (fatia),Doces,57,11.0,3.5,0
2026-08-09,Baguete,Pães,61,8.0,2.6,0
2026-08-09,Bolo de cenoura (fatia),Doces,53,7.0,2.0,0
2026-08-09,Brigadeiro,Doces,113,3.0,0.9,0
2026-08-09,Coxinha,Salgados,79,7.5,2.3,0
2026-08-09,Croissant,Pães,71,7.0,2.4,0
2026-08-09,Empada de frango,Salgados,31,7.0,2.2,0
2026-08-09,Esfiha de carne,Salgados,73,6.5,2.0,0
2026-08-09,Misto quente,Lanches,96,9.0,3.0,0
2026-08-09,Pudim (fatia),Doces,25,10.0,3.2,0
2026-08-09,Pão de batata,Salgados,68,6.0,1.8,0
2026-08-09,Pão de forma caseiro,Pães,36,12.0,4.5,0
2026-08-09,Pão de queijo,Pães,301,3.5,1.1,0
2026-08-09,Pão francês,Pães,1520,0.9,0.3,0
2026-08-09,Pão na chapa,Lanches,221,6.0,1.5,0
2026-08-09,Sanduíche natural,Lanches,43,14.0,5.5,0
2026-08-09,Sonho,Doces,90,6.0,1.9,0
2026-08-09,Suco de laranja natural,Bebidas,64,9.0,3.0,0
2026-08-09,Torta de limão (fatia),Doces,64,11.0,3.5,0
2026-08-10,Baguete,Pães,52,8.0,2.6,0
2026-08-10,Bolo de cenoura (fatia),Doces,57,5.95,2.0,1
2026-08-10,Brigadeiro,Doces,88,3.0,0.9,0
2026-08-10,Coxinha,Salgados,87,7.5,2.3,0
2026-08-10,Croissant,Pães,34,7.0,2.4,0
2026-08-10,Empada de frango,Salgados,89,7.0,2.2,0
2026-08-10,Esfiha de carne,Salgados,54,6.5,2.0,0
2026-08-10,Misto quente,Lanches,119,9.0,3.0,0
2026-08-10,Pudim (fatia),Doces,46,10.0,3.2,0
2026-08-10,Pão de batata,Salgados,75,6.0,1.8,0
2026-08-10,Pão de forma caseiro,Pães,29,12.0,4.5,0
2026-08-10,Pão de queijo,Pães,261,3.5,1.1,0
2026-08-10,Pão francês,Pães,1167,0.9,0.3,0
2026-08-10,Pão na chapa,Lanches,153,6.0,1.5,0
2026-08-10,Sanduíche natural,Lanches,31,14.0,5.5,0
2026-08-10,Sonho,Doces,49,6.0,1.9,0
2026-08-10,Suco de laranja natural,Bebidas,90,9.0,3.0,0
2026-08-10,Torta de limão (fatia),Doces,23,11.0,3.5,0
2026-08-11,Baguete,Pães,56,8.0,2.6,0
2026-08-11,Bolo de cenoura (fatia),Doces,38,7.0,2.0,0
2026-08-11,Brigadeiro,Doces,135,3.0,0.9,0
2026-08-11,Coxinha,Salgados,184,7.5,2.3,0
2026-08-11,Croissant,Pães,48,7.0,2.4,0
2026-08-11,Empada de frango,Salgados,64,7.0,2.2,0
2026-08-11,Esfiha de carne,Salgados,87,6.5,2.0,0
2026-08-11,Misto quente,Lanches,120,9.0,3.0,0
2026-08-11,Pudim (fatia),Doces,26,10.0,3.2,0
2026-08-11,Pão de batata,Salgados,27,6.0,1.8,0
2026-08-11,Pão de forma caseiro,Pães,20,12.0,4.5,0
2026-08-11,Pão de queijo,Pães,212,3.5,1.1,0
2026-08-11,Pão francês,Pães,754,0.9,0.3,0
2026-08-11,Pão na chapa,Lanches,134,6.0,1.5,0
2026-08-11,Sanduíche natural,Lanches,24,14.0,5.5,0
2026-08-11,Sonho,Doces,69,6.0,1.9,0
2026-08-11,Suco de laranja natural,Bebidas,55,9.0,3.0,0
2026-08-11,Torta de limão (fatia),Doces,35,11.0,3.5,0
2026-08-12,Baguete,Pães,46,8.0,2.6,0
2026-08-12,Bolo de cenoura (fatia),Doces,62,7.0,2.0,0
2026-08-12,Brigadeiro,Doces,98,3.0,0.9,0
2026-08-12,Coxinha,Salgados,285,6.38,2.3,1
2026-08-12,Croissant,Pães,65,7.0,2.4,0
2026-08-12,Empada de frango,Salgados,61,7.0,2.2,0
2026-08-12,Esfiha de carne,Salgados,131,6.5,2.0,0
2026-08-12,Misto quente,Lanches,92,9.0,3.0,0
2026-08-12,Pudim (fatia),Doces,30,8.5,3.2,1
2026-08-12,Pão de batata,Salgados,32,6.0,1.8,0
2026-08-12,Pão de forma caseiro,Pães,37,12.0,4.5,0
2026-08-12,Pão de queijo,Pães,186,3.5,1.1,0
2026-08-12,Pão francês,Pães,1154,0.9,0.3,0
2026-08-12,Pão na chapa,Lanches,191,6.0,1.5,0
2026-08-12,Sanduíche natural,Lanches,60,14.0,5.5,0
2026-08-12,Sonho,Doces,71,6.0,1.9,0
2026-08-12,Suco de laranja natural,Bebidas,75,9.0,3.0,0
2026-08-12,Torta de limão (fatia),Doces,33,11.0,3.5,0
2026-08-13,Baguete,Pães,16,8.0,2.6,0
2026-08-13,Bolo de cenoura (fatia),Doces,33,7.0,2.0,0
2026-08-13,Brigadeiro,Doces,75,3.0,0.9,0
2026-08-13,Coxinha,Salgados,189,7.5,2.3,0
2026-08-13,Croissant,Pães,65,7.0,2.4,0
2026-08-13,Empada de frango,Salgados,84,7.0,2.2,0
2026-08-13,Esfiha de carne,Salgados,82,6.5,2.0,0
2026-08-13,Misto quente,Lanches,99,9.0,3.0,0
2026-08-13,Pudim (fatia),Doces,20,10.0,3.2,0
2026-08-13,Pão de batata,Salgados,111,5.1,1.8,1
2026-08-13,Pão de forma caseiro,Pães,29,12.0,4.5,0
2026-08-13,Pão de queijo,Pães,250,2.98,1.1,1
2026-08-13,Pão francês,Pães,1114,0.9,0.3,0
2026-08-13,Pão na chapa,Lanches,168,6.0,1.5,0
2026-08-13,Sanduíche natural,Lanches,54,14.0,5.5,0
2026-08-13,Sonho,Doces,82,6.0,1.9,0
2026-08-13,Suco de laranja natural,Bebidas,58,9.0,3.0,0
2026-08-13,Torta de limão (fatia),Doces,32,11.0,3.5,0
2026-08-14,Baguete,Pães,31,8.0,2.6,0
2026-08-14,Bolo de cenoura (fatia),Doces,53,7.0,2.0,0
2026-08-14,Brigadeiro,Doces,75,3.0,0.9,0
2026-08-14,Coxinha,Salgados,130,7.5,2.3,0
2026-08-14,Croissant,Pães,45,7.0,2.4,0
2026-08-14,Empada de frango,Salgados,32,7.0,2.2,0
2026-08-14,Esfiha de carne,Salgados,102,6.5,2.0,0
2026-08-14,Misto quente,Lanches,121,9.0,3.0,0
2026-08-14,Pudim (fatia),Doces,37,10.0,3.2,0
2026-08-14,Pão de batata,Salgados,99,6.0,1.8,0
2026-08-14,Pão de forma caseiro,Pães,24,10.2,4.5,1
2026-08-14,Pão de queijo,Pães,170,3.5,1.1,0
2026-08-14,Pão francês,Pães,962,0.9,0.3,0
2026-08-14,Pão na chapa,Lanches,92,6.0,1.5,0
2026-08-14,Sanduíche natural,Lanches,71,14.0,5.5,0
2026-08-14,Sonho,Doces,165,6.0,1.9,0
2026-08-14,Suco de laranja natural,Bebidas,58,9.0,3.0,0
2026-08-14,Torta de limão (fatia),Doces,36,11.0,3.5,0
2026-08-15,Baguete,Pães,49,8.0,2.6,0
2026-08-15,Bolo de cenoura (fatia),Doces,77,7.0,2.0,0
2026-08-15,Brigadeiro,Doces,95,3.0,0.9,0
2026-08-15,Coxinha,Salgados,125,7.5,2.3,0
2026-08-15,Croissant,Pães,104,7.0,2.4,0
2026-08-15,Empada de frango,Salgados,29,7.0,2.2,0
2026-08-15,Esfiha de carne,Salgados,109,6.5,2.0,0
2026-08-15,Misto quente,Lanches,71,9.0,3.0,0
2026-08-15,Pudim (fatia),Doces,50,10.0,3.2,0
2026-08-15,Pão de batata,Salgados,75,5.1,1.8,1
2026-08-15,Pão de forma caseiro,Pães,56,12.0,4.5,0
2026-08-15,Pão de queijo,Pães,268,3.5,1.1,0
2026-08-15,Pão francês,Pães,1819,0.76,0.3,1
2026-08-15,Pão na chapa,Lanches,125,6.0,1.5,0
2026-08-15,Sanduíche natural,Lanches,47,14.0,5.5,0
2026-08-15,Sonho,Doces,72,6.0,1.9,0
2026-08-15,Suco de laranja natural,Bebidas,75,9.0,3.0,0
2026-08-15,Torta de limão (fatia),Doces,31,11.0,3.5,0
2026-08-16,Baguete,Pães,39,8.0,2.6,0
2026-08-16,Bolo de cenoura (fatia),Doces,61,7.0,2.0,0
2026-08-16,Brigadeiro,Doces,113,3.0,0.9,0
2026-08-16,Coxinha,Salgados,120,7.5,2.3,0
2026-08-16,Croissant,Pães,81,7.0,2.4,0
2026-08-16,Empada de frango,Salgados,96,7.0,2.2,0
2026-08-16,Esfiha de carne,Salgados,44,6.5,2.0,0
2026-08-16,Misto quente,Lanches,49,9.0,3.0,0
2026-08-16,Pudim (fatia),Doces,24,10.0,3.2,0
2026-08-16,Pão de batata,Salgados,57,6.0,1.8,0
2026-08-16,Pão de forma caseiro,Pães,24,12.0,4.5,0
2026-08-16,Pão de queijo,Pães,251,3.5,1.1,0
2026-08-16,Pão francês,Pães,800,0.9,0.3,0
2026-08-16,Pão na chapa,Lanches,174,6.0,1.5,0
2026-08-16,Sanduíche natural,Lanches,37,14.0,5.5,0
2026-08-16,Sonho,Doces,69,6.0,1.9,0
2026-08-16,Suco de laranja natural,Bebidas,144,9.0,3.0,0
2026-08-16,Torta de limão (fatia),Doces,49,11.0,3.5,0
2026-08-17,Baguete,Pães,49,8.0,2.6,0
2026-08-17,Bolo de cenoura (fatia),Doces,56,7.0,2.0,0
2026-08-17,Brigadeiro,Doces,57,3.0,0.9,0
2026-08-17,Coxinha,Salgados,142,7.5,2.3,0
2026-08-17,Croissant,Pães,43,7.0,2.4,0
2026-08-17,Empada de frango,Salgados,100,5.95,2.2,1
2026-08-17,Esfiha de carne,Salgados,128,6.5,2.0,0
2026-08-17,Misto quente,Lanches,85,9.0,3.0,0
2026-08-17,Pudim (fatia),Doces,27,10.0,3.2,0
2026-08-17,Pão de batata,Salgados,127,6.0,1.8,0
2026-08-17,Pão de forma caseiro,Pães,40,12.0,4.5,0
2026-08-17,Pão de queijo,Pães,240,3.5,1.1,0
2026-08-17,Pão francês,Pães,950,0.9,0.3,0
2026-08-17,Pão na chapa,Lanches,174,6.0,1.5,0
2026-08-17,Sanduíche natural,Lanches,62,14.0,5.5,0
2026-08-17,Sonho,Doces,42,6.0,1.9,0
2026-08-17,Suco de laranja natural,Bebidas,73,9.0,3.0,0
2026-08-17,Torta de limão (fatia),Doces,44,11.0,3.5,0
2026-08-18,Baguete,Pães,42,8.0,2.6,0
2026-08-18,Bolo de cenoura (fatia),Doces,31,7.0,2.0,0
2026-08-18,Brigadeiro,Doces,42,3.0,0.9,0
2026-08-18,Coxinha,Salgados,195,7.5,2.3,0
2026-08-18,Croissant,Pães,89,7.0,2.4,0
2026-08-18,Empada de frango,Salgados,31,7.0,2.2,0
2026-08-18,Esfiha de carne,Salgados,93,6.5,2.0,0
2026-08-18,Misto quente,Lanches,91,9.0,3.0,0
2026-08-18,Pudim (fatia),Doces,39,10.0,3.2,0
2026-08-18,Pão de batata,Salgados,53,6.0,1.8,0
2026-08-18,Pão de forma caseiro,Pães,22,12.0,4.5,0
2026-08-18,Pão de queijo,Pães,163,3.5,1.1,0
2026-08-18,Pão francês,Pães,540,0.9,0.3,0
2026-08-18,Pão na chapa,Lanches,123,6.0,1.5,0
2026-08-18,Sanduíche natural,Lanches,76,14.0,5.5,0
2026-08-18,Sonho,Doces,60,6.0,1.9,0
2026-08-18,Suco de laranja natural,Bebidas,48,9.0,3.0,0
2026-08-18,Torta de limão (fatia),Doces,49,9.35,3.5,1
2026-08-19,Baguete,Pães,49,8.0,2.6,0
2026-08-19,Bolo de cenoura (fatia),Doces,30,7.0,2.0,0
2026-08-19,Brigadeiro,Doces,120,3.0,0.9,0
2026-08-19,Coxinha,Salgados,166,7.5,2.3,0
2026-08-19,Croissant,Pães,51,7.0,2.4,0
2026-08-19,Empada de frango,Salgados,104,5.95,2.2,1
2026-08-19,Esfiha de carne,Salgados,72,6.5,2.0,0
2026-08-19,Misto quente,Lanches,97,9.0,3.0,0
2026-08-19,Pudim (fatia),Doces,24,10.0,3.2,0
2026-08-19,Pão de batata,Salgados,110,6.0,1.8,0
2026-08-19,Pão de forma caseiro,Pães,12,12.0,4.5,0
2026-08-19,Pão de queijo,Pães,166,3.5,1.1,0
2026-08-19,Pão francês,Pães,1010,0.9,0.3,0
2026-08-19,Pão na chapa,Lanches,168,6.0,1.5,0
2026-08-19,Sanduíche natural,Lanches,52,14.0,5.5,0
2026-08-19,Sonho,Doces,47,6.0,1.9,0
2026-08-19,Suco de laranja natural,Bebidas,79,9.0,3.0,0
2026-08-19,Torta de limão (fatia),Doces,63,11.0,3.5,0
2026-08-20,Baguete,Pães,54,8.0,2.6,0
2026-08-20,Bolo de cenoura (fatia),Doces,59,5.95,2.0,1
2026-08-20,Brigadeiro,Doces,69,3.0,0.9,0
2026-08-20,Coxinha,Salgados,194,7.5,2.3,0
2026-08-20,Croissant,Pães,73,7.0,2.4,0
2026-08-20,Empada de frango,Salgados,97,7.0,2.2,0
2026-08-20,Esfiha de carne,Salgados,60,6.5,2.0,0
2026-08-20,Misto quente,Lanches,66,9.0,3.0,0
2026-08-20,Pudim (fatia),Doces,32,10.0,3.2,0
2026-08-20,Pão de batata,Salgados,70,6.0,1.8,0
2026-08-20,Pão de forma caseiro,Pães,14,12.0,4.5,0
2026-08-20,Pão de queijo,Pães,152,3.5,1.1,0
2026-08-20,Pão francês,Pães,1053,0.9,0.3,0
2026-08-20,Pão na chapa,Lanches,131,6.0,1.5,0
2026-08-20,Sanduíche natural,Lanches,65,14.0,5.5,0
2026-08-20,Sonho,Doces,60,6.0,1.9,0
2026-08-20,Suco de laranja natural,Bebidas,79,9.0,3.0,0
2026-08-20,Torta de limão (fatia),Doces,40,11.0,3.5,0
2026-08-21,Baguete,Pães,40,8.0,2.6,0
2026-08-21,Bolo de cenoura (fatia),Doces,66,7.0,2.0,0
2026-08-21,Brigadeiro,Doces,103,3.0,0.9,0
2026-08-21,Coxinha,Salgados,228,7.5,2.3,0
2026-08-21,Croissant,Pães,51,7.0,2.4,0
2026-08-21,Empada de frango,Salgados,54,7.0,2.2,0
2026-08-21,Esfiha de carne,Salgados,118,6.5,2.0,0
2026-08-21,Misto quente,Lanches,94,9.0,3.0,0
2026-08-21,Pudim (fatia),Doces,19,10.0,3.2,0
2026-08-21,Pão de batata,Salgados,81,6.0,1.8,0
2026-08-21,Pão de forma caseiro,Pães,27,12.0,4.5,0
2026-08-21,Pão de queijo,Pães,200,3.5,1.1,0
2026-08-21,Pão francês,Pães,1092,0.9,0.3,0
2026-08-21,Pão na chapa,Lanches,140,6.0,1.5,0
2026-08-21,Sanduíche natural,Lanches,54,14.0,5.5,0
2026-08-21,Sonho,Doces,106,6.0,1.9,0
2026-08-21,Suco de laranja natural,Bebidas,77,9.0,3.0,0
2026-08-21,Torta de limão (fatia),Doces,36,11.0,3.5,0
2026-08-22,Baguete,Pães,56,8.0,2.6,0
2026-08-22,Bolo de cenoura (fatia),Doces,118,7.0,2.0,0
2026-08-22,Brigadeiro,Doces,109,3.0,0.9,0
2026-08-22,Coxinha,Salgados,70,7.5,2.3,0
2026-08-22,Croissant,Pães,61,7.0,2.4,0
2026-08-22,Empada de frango,Salgados,61,7.0,2.2,0
2026-08-22,Esfiha de carne,Salgados,94,6.5,2.0,0
2026-08-22,Misto quente,Lanches,113,9.0,3.0,0
2026-08-22,Pudim (fatia),Doces,35,10.0,3.2,0
2026-08-22,Pão de batata,Salgados,89,6.0,1.8,0
2026-08-22,Pão de forma caseiro,Pães,42,12.0,4.5,0
2026-08-22,Pão de queijo,Pães,267,3.5,1.1,0
2026-08-22,Pão francês,Pães,1357,0.9,0.3,0
2026-08-22,Pão na chapa,Lanches,234,6.0,1.5,0
2026-08-22,Sanduíche natural,Lanches,66,14.0,5.5,0
2026-08-22,Sonho,Doces,110,6.0,1.9,0
2026-08-22,Suco de laranja natural,Bebidas,50,9.0,3.0,0
2026-08-22,Torta de limão (fatia),Doces,25,11.0,3.5,0
2026-08-23,Baguete,Pães,35,8.0,2.6,0
2026-08-23,Bolo de cenoura (fatia),Doces,59,7.0,2.0,0
2026-08-23,Brigadeiro,Doces,152,3.0,0.9,0
2026-08-23,Coxinha,Salgados,180,7.5,2.3,0
2026-08-23,Croissant,Pães,79,7.0,2.4,0
2026-08-23,Empada de frango,Salgados,53,7.0,2.2,0
2026-08-23,Esfiha de carne,Salgados,84,6.5,2.0,0
2026-08-23,Misto quente,Lanches,75,9.0,3.0,0
2026-08-23,Pudim (fatia),Doces,39,10.0,3.2,0
2026-08-23,Pão de batata,Salgados,54,6.0,1.8,0
2026-08-23,Pão de forma caseiro,Pães,34,12.0,4.5,0
2026-08-23,Pão de queijo,Pães,264,3.5,1.1,0
2026-08-23,Pão francês,Pães,1952,0.9,0.3,0
2026-08-23,Pão na chapa,Lanches,182,6.0,1.5,0
2026-08-23,Sanduíche natural,Lanches,46,14.0,5.5,0
2026-08-23,Sonho,Doces,105,6.0,1.9,0
2026-08-23,Suco de laranja natural,Bebidas,102,9.0,3.0,0
2026-08-23,Torta de limão (fatia),Doces,57,11.0,3.5,0
2026-08-24,Baguete,Pães,44,8.0,2.6,0
2026-08-24,Bolo de cenoura (fatia),Doces,83,7.0,2.0,0
2026-08-24,Brigadeiro,Doces,74,3.0,0.9,0
2026-08-24,Coxinha,Salgados,177,7.5,2.3,0
2026-08-24,Croissant,Pães,36,7.0,2.4,0
2026-08-24,Empada de frango,Salgados,83,7.0,2.2,0
2026-08-24,Esfiha de carne,Salgados,100,6.5,2.0,0
2026-08-24,Misto quente,Lanches,96,9.0,3.0,0
2026-08-24,Pudim (fatia),Doces,24,10.0,3.2,0
2026-08-24,Pão de batata,Salgados,85,6.0,1.8,0
2026-08-24,Pão de forma caseiro,Pães,30,12.0,4.5,0
2026-08-24,Pão de queijo,Pães,265,3.5,1.1,0
2026-08-24,Pão francês,Pães,979,0.9,0.3,0
2026-08-24,Pão na chapa,Lanches,115,6.0,1.5,0
2026-08-24,Sanduíche natural,Lanches,51,14.0,5.5,0
2026-08-24,Sonho,Doces,52,6.0,1.9,0
2026-08-24,Suco de laranja natural,Bebidas,78,7.65,3.0,1
2026-08-24,Torta de limão (fatia),Doces,26,11.0,3.5,0
2026-08-25,Baguete,Pães,74,8.0,2.6,0
2026-08-25,Bolo de cenoura (fatia),Doces,67,7.0,2.0,0
2026-08-25,Brigadeiro,Doces,62,3.0,0.9,0
2026-08-25,Coxinha,Salgados,181,7.5,2.3,0
2026-08-25,Croissant,Pães,64,7.0,2.4,0
2026-08-25,Empada de frango,Salgados,85,7.0,2.2,0
2026-08-25,Esfiha de carne,Salgados,99,6.5,2.0,0
2026-08-25,Misto quente,Lanches,41,9.0,3.0,0
2026-08-25,Pudim (fatia),Doces,23,10.0,3.2,0
2026-08-25,Pão de batata,Salgados,92,6.0,1.8,0
2026-08-25,Pão de forma caseiro,Pães,22,12.0,4.5,0
2026-08-25,Pão de queijo,Pães,170,3.5,1.1,0
2026-08-25,Pão francês,Pães,995,0.9,0.3,0
2026-08-25,Pão na chapa,Lanches,159,6.0,1.5,0
2026-08-25,Sanduíche natural,Lanches,35,14.0,5.5,0
2026-08-25,Sonho,Doces,64,6.0,1.9,0
2026-08-25,Suco de laranja natural,Bebidas,63,7.65,3.0,1
2026-08-25,Torta de limão (fatia),Doces,44,11.0,3.5,0
2026-08-26,Baguete,Pães,35,8.0,2.6,0
2026-08-26,Bolo de cenoura (fatia),Doces,31,7.0,2.0,0
2026-08-26,Brigadeiro,Doces,100,3.0,0.9,0
2026-08-26,Coxinha,Salgados,176,7.5,2.3,0
2026-08-26,Croissant,Pães,17,7.0,2.4,0
2026-08-26,Empada de frango,Salgados,104,7.0,2.2,0
2026-08-26,Esfiha de carne,Salgados,92,6.5,2.0,0
2026-08-26,Misto quente,Lanches,126,9.0,3.0,0
2026-08-26,Pudim (fatia),Doces,37,10.0,3.2,0
2026-08-26,Pão de batata,Salgados,77,6.0,1.8,0
2026-08-26,Pão de forma caseiro,Pães,18,12.0,4.5,0
2026-08-26,Pão de queijo,Pães,279,3.5,1.1,0
2026-08-26,Pão francês,Pães,1389,0.9,0.3,0
2026-08-26,Pão na chapa,Lanches,236,6.0,1.5,0
2026-08-26,Sanduíche natural,Lanches,58,14.0,5.5,0
2026-08-26,Sonho,Doces,113,6.0,1.9,0
2026-08-26,Suco de laranja natural,Bebidas,39,9.0,3.0,0
2026-08-26,Torta de limão (fatia),Doces,25,11.0,3.5,0
2026-08-27,Baguete,Pães,40,8.0,2.6,0
2026-08-27,Bolo de cenoura (fatia),Doces,68,7.0,2.0,0
2026-08-27,Brigadeiro,Doces,108,3.0,0.9,0
2026-08-27,Coxinha,Salgados,210,7.5,2.3,0
2026-08-27,Croissant,Pães,65,7.0,2.4,0
2026-08-27,Empada de frango,Salgados,82,7.0,2.2,0
2026-08-27,Esfiha de carne,Salgados,123,6.5,2.0,0
2026-08-27,Misto quente,Lanches,79,9.0,3.0,0
2026-08-27,Pudim (fatia),Doces,32,10.0,3.2,0
2026-08-27,Pão de batata,Salgados,63,6.0,1.8,0
2026-08-27,Pão de forma caseiro,Pães,28,12.0,4.5,0
2026-08-27,Pão de queijo,Pães,360,2.98,1.1,1
2026-08-27,Pão francês,Pães,1129,0.9,0.3,0
2026-08-27,Pão na chapa,Lanches,122,6.0,1.5,0
2026-08-27,Sanduíche natural,Lanches,52,14.0,5.5,0
2026-08-27,Sonho,Doces,36,6.0,1.9,0
2026-08-27,Suco de laranja natural,Bebidas,43,9.0,3.0,0
2026-08-27,Torta de limão (fatia),Doces,21,11.0,3.5,0
2026-08-28,Baguete,Pães,47,8.0,2.6,0
2026-08-28,Bolo de cenoura (fatia),Doces,75,7.0,2.0,0
2026-08-28,Brigadeiro,Doces,142,3.0,0.9,0
2026-08-28,Coxinha,Salgados,131,7.5,2.3,0
2026-08-28,Croissant,Pães,58,7.0,2.4,0
2026-08-28,Empada de frango,Salgados,67,7.0,2.2,0
2026-08-28,Esfiha de carne,Salgados,83,5.52,2.0,1
2026-08-28,Misto quente,Lanches,130,9.0,3.0,0
2026-08-28,Pudim (fatia),Doces,25,10.0,3.2,0
2026-08-28,Pão de batata,Salgados,63,6.0,1.8,0
2026-08-28,Pão de forma caseiro,Pães,44,12.0,4.5,0
2026-08-28,Pão de queijo,Pães,169,3.5,1.1,0
2026-08-28,Pão francês,Pães,1080,0.9,0.3,0
2026-08-28,Pão na chapa,Lanches,156,6.0,1.5,0
2026-08-28,Sanduíche natural,Lanches,46,14.0,5.5,0
2026-08-28,Sonho,Doces,90,6.0,1.9,0
2026-08-28,Suco de laranja natural,Bebidas,130,9.0,3.0,0
2026-08-28,Torta de limão (fatia),Doces,24,11.0,3.5,0
2026-08-29,Baguete,Pães,61,8.0,2.6,0
2026-08-29,Bolo de cenoura (fatia),Doces,79,7.0,2.0,0
2026-08-29,Brigadeiro,Doces,90,3.0,0.9,0
2026-08-29,Coxinha,Salgados,114,7.5,2.3,0
2026-08-29,Croissant,Pães,72,7.0,2.4,0
2026-08-29,Empada de frango,Salgados,52,7.0,2.2,0
2026-08-29,Esfiha de carne,Salgados,84,6.5,2.0,0
2026-08-29,Misto quente,Lanches,117,9.0,3.0,0
2026-08-29,Pudim (fatia),Doces,47,10.0,3.2,0
2026-08-29,Pão de batata,Salgados,52,6.0,1.8,0
2026-08-29,Pão de forma caseiro,Pães,40,12.0,4.5,0
2026-08-29,Pão de queijo,Pães,213,3.5,1.1,0
2026-08-29,Pão francês,Pães,1615,0.9,0.3,0
2026-08-29,Pão na chapa,Lanches,148,6.0,1.5,0
2026-08-29,Sanduíche natural,Lanches,23,14.0,5.5,0
2026-08-29,Sonho,Doces,52,6.0,1.9,0
2026-08-29,Suco de laranja natural,Bebidas,109,9.0,3.0,0
2026-08-29,Torta de limão (fatia),Doces,56,11.0,3.5,0
2026-08-30,Baguete,Pães,69,8.0,2.6,0
2026-08-30,Bolo de cenoura (fatia),Doces,134,7.0,2.0,0
2026-08-30,Brigadeiro,Doces,135,2.55,0.9,1
2026-08-30,Coxinha,Salgados,95,7.5,2.3,0
2026-08-30,Croissant,Pães,101,7.0,2.4,0
2026-08-30,Empada de frango,Salgados,53,7.0,2.2,0
2026-08-30,Esfiha de carne,Salgados,78,6.5,2.0,0
2026-08-30,Misto quente,Lanches,99,7.65,3.0,1
2026-08-30,Pudim (fatia),Doces,20,10.0,3.2,0
2026-08-30,Pão de batata,Salgados,58,6.0,1.8,0
2026-08-30,Pão de forma caseiro,Pães,35,12.0,4.5,0
2026-08-30,Pão de queijo,Pães,327,3.5,1.1,0
2026-08-30,Pão francês,Pães,1581,0.76,0.3,1
2026-08-30,Pão na chapa,Lanches,189,6.0,1.5,0
2026-08-30,Sanduíche natural,Lanches,30,14.0,5.5,0
2026-08-30,Sonho,Doces,104,6.0,1.9,0
2026-08-30,Suco de laranja natural,Bebidas,119,9.0,3.0,0
2026-08-30,Torta de limão (fatia),Doces,52,11.0,3.5,0
2026-08-31,Baguete,Pães,42,8.0,2.6,0
2026-08-31,Bolo de cenoura (fatia),Doces,20,7.0,2.0,0
2026-08-31,Brigadeiro,Doces,96,3.0,0.9,0
2026-08-31,Coxinha,Salgados,144,7.5,2.3,0
2026-08-31,Croissant,Pães,40,7.0,2.4,0
2026-08-31,Empada de frango,Salgados,81,7.0,2.2,0
2026-08-31,Esfiha de carne,Salgados,113,6.5,2.0,0
2026-08-31,Misto quente,Lanches,102,9.0,3.0,0
2026-08-31,Pudim (fatia),Doces,24,10.0,3.2,0
2026-08-31,Pão de batata,Salgados,76,6.0,1.8,0
2026-08-31,Pão de forma caseiro,Pães,38,12.0,4.5,0
2026-08-31,Pão de queijo,Pães,177,3.5,1.1,0
2026-08-31,Pão francês,Pães,913,0.9,0.3,0
2026-08-31,Pão na chapa,Lanches,177,6.0,1.5,0
2026-08-31,Sanduíche natural,Lanches,42,14.0,5.5,0
2026-08-31,Sonho,Doces,62,6.0,1.9,0
2026-08-31,Suco de laranja natural,Bebidas,50,9.0,3.0,0
2026-08-31,Torta de limão (fatia),Doces,31,11.0,3.5,0
2026-09-01,Baguete,Pães,28,8.0,2.6,0
2026-09-01,Bolo de cenoura (fatia),Doces,55,7.0,2.0,0
2026-09-01,Brigadeiro,Doces,109,3.0,0.9,0
2026-09-01,Coxinha,Salgados,167,7.5,2.3,0
2026-09-01,Croissant,Pães,33,7.0,2.4,0
2026-09-01,Empada de frango,Salgados,123,7.0,2.2,0
2026-09-01,Esfiha de carne,Salgados,59,6.5,2.0,0
2026-09-01,Misto quente,Lanches,50,9.0,3.0,0
2026-09-01,Pudim (fatia),Doces,27,10.0,3.2,0
2026-09-01,Pão de batata,Salgados,95,6.0,1.8,0
2026-09-01,Pão de forma caseiro,Pães,19,12.0,4.5,0
2026-09-01,Pão de queijo,Pães,183,3.5,1.1,0
2026-09-01,Pão francês,Pães,953,0.9,0.3,0
2026-09-01,Pão na chapa,Lanches,129,6.0,1.5,0
2026-09-01,Sanduíche natural,Lanches,54,14.0,5.5,0
2026-09-01,Sonho,Doces,28,6.0,1.9,0
2026-09-01,Suco de laranja natural,Bebidas,86,9.0,3.0,0
2026-09-01,Torta de limão (fatia),Doces,22,11.0,3.5,0
2026-09-02,Baguete,Pães,28,8.0,2.6,0
2026-09-02,Bolo de cenoura (fatia),Doces,36,7.0,2.0,0
2026-09-02,Brigadeiro,Doces,79,3.0,0.9,0
2026-09-02,Coxinha,Salgados,159,7.5,2.3,0
2026-09-02,Croissant,Pães,65,7.0,2.4,0
2026-09-02,Empada de frango,Salgados,78,7.0,2.2,0
2026-09-02,Esfiha de carne,Salgados,49,6.5,2.0,0
2026-09-02,Misto quente,Lanches,94,9.0,3.0,0
2026-09-02,Pudim (fatia),Doces,17,10.0,3.2,0
2026-09-02,Pão de batata,Salgados,121,6.0,1.8,0
2026-09-02,Pão de forma caseiro,Pães,8,12.0,4.5,0
2026-09-02,Pão de queijo,Pães,195,3.5,1.1,0
2026-09-02,Pão francês,Pães,1069,0.9,0.3,0
2026-09-02,Pão na chapa,Lanches,91,6.0,1.5,0
2026-09-02,Sanduíche natural,Lanches,48,14.0,5.5,0
2026-09-02,Sonho,Doces,45,6.0,1.9,0
2026-09-02,Suco de laranja natural,Bebidas,84,9.0,3.0,0
2026-09-02,Torta de limão (fatia),Doces,52,11.0,3.5,0
2026-09-03,Baguete,Pães,29,8.0,2.6,0
2026-09-03,Bolo de cenoura (fatia),Doces,48,7.0,2.0,0
2026-09-03,Brigadeiro,Doces,74,3.0,0.9,0
2026-09-03,Coxinha,Salgados,158,7.5,2.3,0
2026-09-03,Croissant,Pães,83,7.0,2.4,0
2026-09-03,Empada de frango,Salgados,42,7.0,2.2,0
2026-09-03,Esfiha de carne,Salgados,104,6.5,2.0,0
2026-09-03,Misto quente,Lanches,132,9.0,3.0,0
2026-09-03,Pudim (fatia),Doces,36,10.0,3.2,0
2026-09-03,Pão de batata,Salgados,42,6.0,1.8,0
2026-09-03,Pão de forma caseiro,Pães,23,12.0,4.5,0
2026-09-03,Pão de queijo,Pães,175,3.5,1.1,0
2026-09-03,Pão francês,Pães,1186,0.9,0.3,0
2026-09-03,Pão na chapa,Lanches,107,6.0,1.5,0
2026-09-03,Sanduíche natural,Lanches,53,14.0,5.5,0
2026-09-03,Sonho,Doces,78,6.0,1.9,0
2026-09-03,Suco de laranja natural,Bebidas,44,9.0,3.0,0
2026-09-03,Torta de limão (fatia),Doces,28,11.0,3.5,0
2026-09-04,Baguete,Pães,40,8.0,2.6,0
2026-09-04,Bolo de cenoura (fatia),Doces,65,7.0,2.0,0
2026-09-04,Brigadeiro,Doces,143,3.0,0.9,0
2026-09-04,Coxinha,Salgados,92,7.5,2.3,0
2026-09-04,Croissant,Pães,83,7.0,2.4,0
2026-09-04,Empada de frango,Salgados,47,7.0,2.2,0
2026-09-04,Esfiha de carne,Salgados,122,6.5,2.0,0
2026-09-04,Misto quente,Lanches,85,9.0,3.0,0
2026-09-04,Pudim (fatia),Doces,52,10.0,3.2,0
2026-09-04,Pão de batata,Salgados,96,6.0,1.8,0
2026-09-04,Pão de forma caseiro,Pães,21,12.0,4.5,0
2026-09-04,Pão de queijo,Pães,269,3.5,1.1,0
2026-09-04,Pão francês,Pães,888,0.9,0.3,0
2026-09-04,Pão na chapa,Lanches,162,6.0,1.5,0
2026-09-04,Sanduíche natural,Lanches,34,14.0,5.5,0
2026-09-04,Sonho,Doces,99,6.0,1.9,0
2026-09-04,Suco de laranja natural,Bebidas,97,9.0,3.0,0
2026-09-04,Torta de limão (fatia),Doces,27,11.0,3.5,0
2026-09-05,Baguete,Pães,72,8.0,2.6,0
2026-09-05,Bolo de cenoura (fatia),Doces,60,7.0,2.0,0
2026-09-05,Brigadeiro,Doces,159,3.0,0.9,0
2026-09-05,Coxinha,Salgados,129,7.5,2.3,0
2026-09-05,Croissant,Pães,129,7.0,2.4,0
2026-09-05,Empada de frango,Salgados,55,7.0,2.2,0
2026-09-05,Esfiha de carne,Salgados,86,6.5,2.0,0
2026-09-05,Misto quente,Lanches,89,9.0,3.0,0
2026-09-05,Pudim (fatia),Doces,33,10.0,3.2,0
2026-09-05,Pão de batata,Salgados,77,6.0,1.8,0
2026-09-05,Pão de forma caseiro,Pães,41,12.0,4.5,0
2026-09-05,Pão de queijo,Pães,275,3.5,1.1,0
2026-09-05,Pão francês,Pães,1583,0.9,0.3,0
2026-09-05,Pão na chapa,Lanches,245,6.0,1.5,0
2026-09-05,Sanduíche natural,Lanches,42,14.0,5.5,0
2026-09-05,Sonho,Doces,98,6.0,1.9,0
2026-09-05,Suco de laranja natural,Bebidas,160,9.0,3.0,0
2026-09-05,Torta de limão (fatia),Doces,36,11.0,3.5,0
2026-09-06,Baguete,Pães,66,8.0,2.6,0
2026-09-06,Bolo de cenoura (fatia),Doces,74,7.0,2.0,0
2026-09-06,Brigadeiro,Doces,267,3.0,0.9,0
2026-09-06,Coxinha,Salgados,99,7.5,2.3,0
2026-09-06,Croissant,Pães,129,7.0,2.4,0
2026-09-06,Empada de frango,Salgados,87,7.0,2.2,0
2026-09-06,Esfiha de carne,Salgados,87,6.5,2.0,0
2026-09-06,Misto quente,Lanches,76,9.0,3.0,0
2026-09-06,Pudim (fatia),Doces,29,10.0,3.2,0
2026-09-06,Pão de batata,Salgados,131,6.0,1.8,0
2026-09-06,Pão de forma caseiro,Pães,34,12.0,4.5,0
2026-09-06,Pão de queijo,Pães,200,3.5,1.1,0
2026-09-06,Pão francês,Pães,1178,0.9,0.3,0
2026-09-06,Pão na chapa,Lanches,162,6.0,1.5,0
2026-09-06,Sanduíche natural,Lanches,47,14.0,5.5,0
2026-09-06,Sonho,Doces,77,6.0,1.9,0
2026-09-06,Suco de laranja natural,Bebidas,132,9.0,3.0,0
2026-09-06,Torta de limão (fatia),Doces,52,11.0,3.5,0
2026-09-07,Baguete,Pães,70,8.0,2.6,0
2026-09-07,Bolo de cenoura (fatia),Doces,67,7.0,2.0,0
2026-09-07,Brigadeiro,Doces,180,3.0,0.9,0
2026-09-07,Coxinha,Salgados,100,7.5,2.3,0
2026-09-07,Croissant,Pães,102,7.0,2.4,0
2026-09-07,Empada de frango,Salgados,67,7.0,2.2,0
2026-09-07,Esfiha de carne,Salgados,45,6.5,2.0,0
2026-09-07,Misto quente,Lanches,77,9.0,3.0,0
2026-09-07,Pudim (fatia),Doces,42,10.0,3.2,0
2026-09-07,Pão de batata,Salgados,62,6.0,1.8,0
2026-09-07,Pão de forma caseiro,Pães,30,12.0,4.5,0
2026-09-07,Pão de queijo,Pães,370,3.5,1.1,0
2026-09-07,Pão francês,Pães,1473,0.9,0.3,0
2026-09-07,Pão na chapa,Lanches,178,6.0,1.5,0
2026-09-07,Sanduíche natural,Lanches,24,14.0,5.5,0
2026-09-07,Sonho,Doces,107,6.0,1.9,0
2026-09-07,Suco de laranja natural,Bebidas,88,9.0,3.0,0
2026-09-07,Torta de limão (fatia),Doces,69,11.0,3.5,0
2026-09-08,Baguete,Pães,46,8.0,2.6,0
2026-09-08,Bolo de cenoura (fatia),Doces,59,7.0,2.0,0
2026-09-08,Brigadeiro,Doces,82,3.0,0.9,0
2026-09-08,Coxinha,Salgados,137,7.5,2.3,0
2026-09-08,Croissant,Pães,79,7.0,2.4,0
2026-09-08,Empada de frango,Salgados,74,7.0,2.2,0
2026-09-08,Esfiha de carne,Salgados,98,5.52,2.0,1
2026-09-08,Misto quente,Lanches,68,9.0,3.0,0
2026-09-08,Pudim (fatia),Doces,54,8.5,3.2,1
2026-09-08,Pão de batata,Salgados,81,6.0,1.8,0
2026-09-08,Pão de forma caseiro,Pães,33,12.0,4.5,0
2026-09-08,Pão de queijo,Pães,262,3.5,1.1,0
2026-09-08,Pão francês,Pães,719,0.9,0.3,0
2026-09-08,Pão na chapa,Lanches,148,6.0,1.5,0
2026-09-08,Sanduíche natural,Lanches,47,14.0,5.5,0
2026-09-08,Sonho,Doces,52,6.0,1.9,0
2026-09-08,Suco de laranja natural,Bebidas,153,9.0,3.0,0
2026-09-08,Torta de limão (fatia),Doces,27,11.0,3.5,0
2026-09-09,Baguete,Pães,62,8.0,2.6,0
2026-09-09,Bolo de cenoura (fatia),Doces,48,7.0,2.0,0
2026-09-09,Brigadeiro,Doces,105,3.0,0.9,0
2026-09-09,Coxinha,Salgados,147,7.5,2.3,0
2026-09-09,Croissant,Pães,40,7.0,2.4,0
2026-09-09,Empada de frango,Salgados,59,7.0,2.2,0
2026-09-09,Esfiha de carne,Salgados,107,6.5,2.0,0
2026-09-09,Misto quente,Lanches,88,7.65,3.0,1
2026-09-09,Pudim (fatia),Doces,28,10.0,3.2,0
2026-09-09,Pão de batata,Salgados,66,6.0,1.8,0
2026-09-09,Pão de forma caseiro,Pães,21,12.0,4.5,0
2026-09-09,Pão de queijo,Pães,207,3.5,1.1,0
2026-09-09,Pão francês,Pães,761,0.9,0.3,0
2026-09-09,Pão na chapa,Lanches,190,6.0,1.5,0
2026-09-09,Sanduíche natural,Lanches,49,14.0,5.5,0
2026-09-09,Sonho,Doces,22,6.0,1.9,0
2026-09-09,Suco de laranja natural,Bebidas,88,9.0,3.0,0
2026-09-09,Torta de limão (fatia),Doces,24,11.0,3.5,0
2026-09-10,Baguete,Pães,33,8.0,2.6,0
2026-09-10,Bolo de cenoura (fatia),Doces,73,7.0,2.0,0
2026-09-10,Brigadeiro,Doces,151,3.0,0.9,0
2026-09-10,Coxinha,Salgados,106,7.5,2.3,0
2026-09-10,Croissant,Pães,39,7.0,2.4,0
2026-09-10,Empada de frango,Salgados,92,7.0,2.2,0
2026-09-10,Esfiha de carne,Salgados,94,6.5,2.0,0
2026-09-10,Misto quente,Lanches,64,9.0,3.0,0
2026-09-10,Pudim (fatia),Doces,31,10.0,3.2,0
2026-09-10,Pão de batata,Salgados,71,6.0,1.8,0
2026-09-10,Pão de forma caseiro,Pães,28,10.2,4.5,1
2026-09-10,Pão de queijo,Pães,222,3.5,1.1,0
2026-09-10,Pão francês,Pães,763,0.9,0.3,0
2026-09-10,Pão na chapa,Lanches,144,5.1,1.5,1
2026-09-10,Sanduíche natural,Lanches,88,14.0,5.5,0
2026-09-10,Sonho,Doces,51,6.0,1.9,0
2026-09-10,Suco de laranja natural,Bebidas,49,9.0,3.0,0
2026-09-10,Torta de limão (fatia),Doces,23,11.0,3.5,0
2026-09-11,Baguete,Pães,30,8.0,2.6,0
2026-09-11,Bolo de cenoura (fatia),Doces,76,5.95,2.0,1
2026-09-11,Brigadeiro,Doces,153,3.0,0.9,0
2026-09-11,Coxinha,Salgados,169,7.5,2.3,0
2026-09-11,Croissant,Pães,78,7.0,2.4,0
2026-09-11,Empada de frango,Salgados,69,7.0,2.2,0
2026-09-11,Esfiha de carne,Salgados,201,6.5,2.0,0
2026-09-11,Misto quente,Lanches,50,9.0,3.0,0
2026-09-11,Pudim (fatia),Doces,36,10.0,3.2,0
2026-09-11,Pão de batata,Salgados,128,6.0,1.8,0
2026-09-11,Pão de forma caseiro,Pães,43,12.0,4.5,0
2026-09-11,Pão de queijo,Pães,198,3.5,1.1,0
2026-09-11,Pão francês,Pães,1107,0.9,0.3,0
2026-09-11,Pão na chapa,Lanches,201,5.1,1.5,1
2026-09-11,Sanduíche natural,Lanches,62,14.0,5.5,0
2026-09-11,Sonho,Doces,51,6.0,1.9,0
2026-09-11,Suco de laranja natural,Bebidas,104,9.0,3.0,0
2026-09-11,Torta de limão (fatia),Doces,31,11.0,3.5,0
2026-09-12,Baguete,Pães,67,8.0,2.6,0
2026-09-12,Bolo de cenoura (fatia),Doces,56,7.0,2.0,0
2026-09-12,Brigadeiro,Doces,93,3.0,0.9,0
2026-09-12,Coxinha,Salgados,136,7.5,2.3,0
2026-09-12,Croissant,Pães,98,7.0,2.4,0
2026-09-12,Empada de frango,Salgados,25,7.0,2.2,0
2026-09-12,Esfiha de carne,Salgados,62,6.5,2.0,0
2026-09-12,Misto quente,Lanches,79,9.0,3.0,0
2026-09-12,Pudim (fatia),Doces,50,10.0,3.2,0
2026-09-12,Pão de batata,Salgados,60,6.0,1.8,0
2026-09-12,Pão de forma caseiro,Pães,32,12.0,4.5,0
2026-09-12,Pão de queijo,Pães,271,3.5,1.1,0
2026-09-12,Pão francês,Pães,1978,0.76,0.3,1
2026-09-12,Pão na chapa,Lanches,130,6.0,1.5,0
2026-09-12,Sanduíche natural,Lanches,77,14.0,5.5,0
2026-09-12,Sonho,Doces,102,6.0,1.9,0
2026-09-12,Suco de laranja natural,Bebidas,28,9.0,3.0,0
2026-09-12,Torta de limão (fatia),Doces,35,11.0,3.5,0
2026-09-13,Baguete,Pães,56,8.0,2.6,0
2026-09-13,Bolo de cenoura (fatia),Doces,41,7.0,2.0,0
2026-09-13,Brigadeiro,Doces,151,3.0,0.9,0
2026-09-13,Coxinha,Salgados,80,7.5,2.3,0
2026-09-13,Croissant,Pães,59,7.0,2.4,0
2026-09-13,Empada de frango,Salgados,54,7.0,2.2,0
2026-09-13,Esfiha de carne,Salgados,87,6.5,2.0,0
2026-09-13,Misto quente,Lanches,78,9.0,3.0,0
2026-09-13,Pudim (fatia),Doces,34,10.0,3.2,0
2026-09-13,Pão de batata,Salgados,92,6.0,1.8,0
2026-09-13,Pão de forma caseiro,Pães,21,12.0,4.5,0
2026-09-13,Pão de queijo,Pães,250,3.5,1.1,0
2026-09-13,Pão francês,Pães,1518,0.9,0.3,0
2026-09-13,Pão na chapa,Lanches,187,6.0,1.5,0
2026-09-13,Sanduíche natural,Lanches,29,14.0,5.5,0
2026-09-13,Sonho,Doces,87,6.0,1.9,0
2026-09-13,Suco de laranja natural,Bebidas,89,9.0,3.0,0
2026-09-13,Torta de limão (fatia),Doces,49,11.0,3.5,0
2026-09-14,Baguete,Pães,54,8.0,2.6,0
2026-09-14,Bolo de cenoura (fatia),Doces,43,7.0,2.0,0
2026-09-14,Brigadeiro,Doces,46,3.0,0.9,0
2026-09-14,Coxinha,Salgados,199,7.5,2.3,0
2026-09-14,Croissant,Pães,66,7.0,2.4,0
2026-09-14,Empada de frango,Salgados,70,7.0,2.2,0
2026-09-14,Esfiha de carne,Salgados,80,6.5,2.0,0
2026-09-14,Misto quente,Lanches,75,9.0,3.0,0
2026-09-14,Pudim (fatia),Doces,23,8.5,3.2,1
2026-09-14,Pão de batata,Salgados,67,6.0,1.8,0
2026-09-14,Pão de forma caseiro,Pães,23,12.0,4.5,0
2026-09-14,Pão de queijo,Pães,205,3.5,1.1,0
2026-09-14,Pão francês,Pães,1377,0.76,0.3,1
2026-09-14,Pão na chapa,Lanches,133,6.0,1.5,0
2026-09-14,Sanduíche natural,Lanches,77,14.0,5.5,0
2026-09-14,Sonho,Doces,116,5.1,1.9,1
2026-09-14,Suco de laranja natural,Bebidas,42,9.0,3.0,0
2026-09-14,Torta de limão (fatia),Doces,25,11.0,3.5,0
2026-09-15,Baguete,Pães,48,8.0,2.6,0
2026-09-15,Bolo de cenoura (fatia),Doces,70,7.0,2.0,0
2026-09-15,Brigadeiro,Doces,94,3.0,0.9,0
2026-09-15,Coxinha,Salgados,112,7.5,2.3,0
2026-09-15,Croissant,Pães,75,7.0,2.4,0
2026-09-15,Empada de frango,Salgados,47,7.0,2.2,0
2026-09-15,Esfiha de carne,Salgados,91,6.5,2.0,0
2026-09-15,Misto quente,Lanches,115,7.65,3.0,1
2026-09-15,Pudim (fatia),Doces,11,10.0,3.2,0
2026-09-15,Pão de batata,Salgados,109,6.0,1.8,0
2026-09-15,Pão de forma caseiro,Pães,26,12.0,4.5,0
2026-09-15,Pão de queijo,Pães,203,3.5,1.1,0
2026-09-15,Pão francês,Pães,1078,0.9,0.3,0
2026-09-15,Pão na chapa,Lanches,128,6.0,1.5,0
2026-09-15,Sanduíche natural,Lanches,75,14.0,5.5,0
2026-09-15,Sonho,Doces,84,6.0,1.9,0
2026-09-15,Suco de laranja natural,Bebidas,85,9.0,3.0,0
2026-09-15,Torta de limão (fatia),Doces,41,11.0,3.5,0
2026-09-16,Baguete,Pães,36,8.0,2.6,0
2026-09-16,Bolo de cenoura (fatia),Doces,69,7.0,2.0,0
2026-09-16,Brigadeiro,Doces,116,3.0,0.9,0
2026-09-16,Coxinha,Salgados,129,7.5,2.3,0
2026-09-16,Croissant,Pães,44,7.0,2.4,0
2026-09-16,Empada de frango,Salgados,86,7.0,2.2,0
2026-09-16,Esfiha de carne,Salgados,91,6.5,2.0,0
2026-09-16,Misto quente,Lanches,77,9.0,3.0,0
2026-09-16,Pudim (fatia),Doces,37,10.0,3.2,0
2026-09-16,Pão de batata,Salgados,131,5.1,1.8,1
2026-09-16,Pão de forma caseiro,Pães,26,12.0,4.5,0
2026-09-16,Pão de queijo,Pães,208,3.5,1.1,0
2026-09-16,Pão francês,Pães,1102,0.9,0.3,0
2026-09-16,Pão na chapa,Lanches,141,6.0,1.5,0
2026-09-16,Sanduíche natural,Lanches,51,14.0,5.5,0
2026-09-16,Sonho,Doces,47,6.0,1.9,0
2026-09-16,Suco de laranja natural,Bebidas,75,9.0,3.0,0
2026-09-16,Torta de limão (fatia),Doces,48,11.0,3.5,0
2026-09-17,Baguete,Pães,40,8.0,2.6,0
2026-09-17,Bolo de cenoura (fatia),Doces,56,7.0,2.0,0
2026-09-17,Brigadeiro,Doces,68,3.0,0.9,0
2026-09-17,Coxinha,Salgados,130,7.5,2.3,0
2026-09-17,Croissant,Pães,84,7.0,2.4,0
2026-09-17,Empada de frango,Salgados,57,7.0,2.2,0
2026-09-17,Esfiha de carne,Salgados,133,6.5,2.0,0
2026-09-17,Misto quente,Lanches,82,9.0,3.0,0
2026-09-17,Pudim (fatia),Doces,31,8.5,3.2,1
2026-09-17,Pão de batata,Salgados,93,6.0,1.8,0
2026-09-17,Pão de forma caseiro,Pães,17,12.0,4.5,0
2026-09-17,Pão de queijo,Pães,235,3.5,1.1,0
2026-09-17,Pão francês,Pães,794,0.9,0.3,0
2026-09-17,Pão na chapa,Lanches,185,6.0,1.5,0
2026-09-17,Sanduíche natural,Lanches,33,14.0,5.5,0
2026-09-17,Sonho,Doces,54,6.0,1.9,0
2026-09-17,Suco de laranja natural,Bebidas,112,9.0,3.0,0
2026-09-17,Torta de limão (fatia),Doces,22,11.0,3.5,0
2026-09-18,Baguete,Pães,38,8.0,2.6,0
2026-09-18,Bolo de cenoura (fatia),Doces,51,7.0,2.0,0
2026-09-18,Brigadeiro,Doces,115,3.0,0.9,0
2026-09-18,Coxinha,Salgados,147,7.5,2.3,0
2026-09-18,Croissant,Pães,55,7.0,2.4,0
2026-09-18,Empada de frango,Salgados,103,7.0,2.2,0
2026-09-18,Esfiha de carne,Salgados,83,6.5,2.0,0
2026-09-18,Misto quente,Lanches,154,9.0,3.0,0
2026-09-18,Pudim (fatia),Doces,26,10.0,3.2,0
2026-09-18,Pão de batata,Salgados,80,6.0,1.8,0
2026-09-18,Pão de forma caseiro,Pães,16,12.0,4.5,0
2026-09-18,Pão de queijo,Pães,154,3.5,1.1,0
2026-09-18,Pão francês,Pães,1095,0.9,0.3,0
2026-09-18,Pão na chapa,Lanches,143,6.0,1.5,0
2026-09-18,Sanduíche natural,Lanches,83,14.0,5.5,0
2026-09-18,Sonho,Doces,85,6.0,1.9,0
2026-09-18,Suco de laranja natural,Bebidas,122,9.0,3.0,0
2026-09-18,Torta de limão (fatia),Doces,33,11.0,3.5,0
2026-09-19,Baguete,Pães,50,8.0,2.6,0
2026-09-19,Bolo de cenoura (fatia),Doces,90,7.0,2.0,0
2026-09-19,Brigadeiro,Doces,119,3.0,0.9,0
2026-09-19,Coxinha,Salgados,107,7.5,2.3,0
2026-09-19,Croissant,Pães,103,7.0,2.4,0
2026-09-19,Empada de frango,Salgados,84,7.0,2.2,0
2026-09-19,Esfiha de carne,Salgados,77,6.5,2.0,0
2026-09-19,Misto quente,Lanches,96,9.0,3.0,0
2026-09-19,Pudim (fatia),Doces,46,10.0,3.2,0
2026-09-19,Pão de batata,Salgados,82,6.0,1.8,0
2026-09-19,Pão de forma caseiro,Pães,31,12.0,4.5,0
2026-09-19,Pão de queijo,Pães,159,3.5,1.1,0
2026-09-19,Pão francês,Pães,902,0.9,0.3,0
2026-09-19,Pão na chapa,Lanches,145,6.0,1.5,0
2026-09-19,Sanduíche natural,Lanches,60,14.0,5.5,0
2026-09-19,Sonho,Doces,62,6.0,1.9,0
2026-09-19,Suco de laranja natural,Bebidas,121,9.0,3.0,0
2026-09-19,Torta de limão (fatia),Doces,55,11.0,3.5,0
2026-09-20,Baguete,Pães,107,8.0,2.6,0
2026-09-20,Bolo de cenoura (fatia),Doces,69,7.0,2.0,0
2026-09-20,Brigadeiro,Doces,174,3.0,0.9,0
2026-09-20,Coxinha,Salgados,101,7.5,2.3,0
2026-09-20,Croissant,Pães,108,7.0,2.4,0
2026-09-20,Empada de frango,Salgados,40,7.0,2.2,0
2026-09-20,Esfiha de carne,Salgados,36,6.5,2.0,0
2026-09-20,Misto quente,Lanches,51,9.0,3.0,0
2026-09-20,Pudim (fatia),Doces,51,10.0,3.2,0
2026-09-20,Pão de batata,Salgados,80,6.0,1.8,0
2026-09-20,Pão de forma caseiro,Pães,51,12.0,4.5,0
2026-09-20,Pão de queijo,Pães,250,3.5,1.1,0
2026-09-20,Pão francês,Pães,1946,0.9,0.3,0
2026-09-20,Pão na chapa,Lanches,159,6.0,1.5,0
2026-09-20,Sanduíche natural,Lanches,48,14.0,5.5,0
2026-09-20,Sonho,Doces,106,6.0,1.9,0
2026-09-20,Suco de laranja natural,Bebidas,102,9.0,3.0,0
2026-09-20,Torta de limão (fatia),Doces,62,11.0,3.5,0
2026-09-21,Baguete,Pães,43,8.0,2.6,0
2026-09-21,Bolo de cenoura (fatia),Doces,67,7.0,2.0,0
2026-09-21,Brigadeiro,Doces,40,3.0,0.9,0
2026-09-21,Coxinha,Salgados,120,7.5,2.3,0
2026-09-21,Croissant,Pães,44,7.0,2.4,0
2026-09-21,Empada de frango,Salgados,81,7.0,2.2,0
2026-09-21,Esfiha de carne,Salgados,120,6.5,2.0,0
2026-09-21,Misto quente,Lanches,79,9.0,3.0,0
2026-09-21,Pudim (fatia),Doces,36,10.0,3.2,0
2026-09-21,Pão de batata,Salgados,71,6.0,1.8,0
2026-09-21,Pão de forma caseiro,Pães,19,12.0,4.5,0
2026-09-21,Pão de queijo,Pães,127,3.5,1.1,0
2026-09-21,Pão francês,Pães,1686,0.9,0.3,0
2026-09-21,Pão na chapa,Lanches,106,6.0,1.5,0
2026-09-21,Sanduíche natural,Lanches,59,14.0,5.5,0
2026-09-21,Sonho,Doces,48,6.0,1.9,0
2026-09-21,Suco de laranja natural,Bebidas,104,9.0,3.0,0
2026-09-21,Torta de limão (fatia),Doces,23,11.0,3.5,0
2026-09-22,Baguete,Pães,65,8.0,2.6,0
2026-09-22,Bolo de cenoura (fatia),Doces,28,7.0,2.0,0
2026-09-22,Brigadeiro,Doces,70,3.0,0.9,0
2026-09-22,Coxinha,Salgados,133,7.5,2.3,0
2026-09-22,Croissant,Pães,40,7.0,2.4,0
2026-09-22,Empada de frango,Salgados,133,7.0,2.2,0
2026-09-22,Esfiha de carne,Salgados,88,6.5,2.0,0
2026-09-22,Misto quente,Lanches,74,9.0,3.0,0
2026-09-22,Pudim (fatia),Doces,20,10.0,3.2,0
2026-09-22,Pão de batata,Salgados,80,6.0,1.8,0
2026-09-22,Pão de forma caseiro,Pães,11,12.0,4.5,0
2026-09-22,Pão de queijo,Pães,169,3.5,1.1,0
2026-09-22,Pão francês,Pães,644,0.9,0.3,0
2026-09-22,Pão na chapa,Lanches,121,6.0,1.5,0
2026-09-22,Sanduíche natural,Lanches,57,14.0,5.5,0
2026-09-22,Sonho,Doces,69,6.0,1.9,0
2026-09-22,Suco de laranja natural,Bebidas,82,9.0,3.0,0
2026-09-22,Torta de limão (fatia),Doces,20,11.0,3.5,0
2026-09-23,Baguete,Pães,27,8.0,2.6,0
2026-09-23,Bolo de cenoura (fatia),Doces,68,7.0,2.0,0
2026-09-23,Brigadeiro,Doces,143,3.0,0.9,0
2026-09-23,Coxinha,Salgados,148,7.5,2.3,0
2026-09-23,Croissant,Pães,88,7.0,2.4,0
2026-09-23,Empada de frango,Salgados,90,7.0,2.2,0
2026-09-23,Esfiha de carne,Salgados,57,6.5,2.0,0
2026-09-23,Misto quente,Lanches,114,9.0,3.0,0
2026-09-23,Pudim (fatia),Doces,19,10.0,3.2,0
2026-09-23,Pão de batata,Salgados,137,6.0,1.8,0
2026-09-23,Pão de forma caseiro,Pães,29,12.0,4.5,0
2026-09-23,Pão de queijo,Pães,232,3.5,1.1,0
2026-09-23,Pão francês,Pães,1385,0.9,0.3,0
2026-09-23,Pão na chapa,Lanches,106,6.0,1.5,0
2026-09-23,Sanduíche natural,Lanches,72,14.0,5.5,0
2026-09-23,Sonho,Doces,83,6.0,1.9,0
2026-09-23,Suco de laranja natural,Bebidas,71,9.0,3.0,0
2026-09-23,Torta de limão (fatia),Doces,29,11.0,3.5,0
